[     179ms] [INFO] Slow network is detected. See https://www.chromestatus.com/feature/5636954674692096 for more details. Fallback font will be used while loading: https://fonts.gstatic.com/s/amaranth/v19/KtkrALODe433f0j1zMnAJWmn02P3EqmfVY4.woff2 @ https://repository.upi.edu/view/divisions/ILKOM/2025.html:0
[     179ms] [INFO] Slow network is detected. See https://www.chromestatus.com/feature/5636954674692096 for more details. Fallback font will be used while loading: https://fonts.gstatic.com/s/breeserif/v18/4UaHrEJCrhhnVA3DgluA96rp57F2IwM.woff2 @ https://repository.upi.edu/view/divisions/ILKOM/2025.html:0
[   79981ms] [WARNING] Mixed Content: The page at 'https://repository.upi.edu/138064/' was loaded over HTTPS, but requested an insecure element 'http://repository.upi.edu/style/images/fileicons/text.png'. This request was automatically upgraded to HTTPS, For more information see https://blog.chromium.org/2019/10/no-more-mixed-messages-about-https.html @ https://repository.upi.edu/138064/:0
[   79981ms] [WARNING] Mixed Content: The page at 'https://repository.upi.edu/138064/' was loaded over HTTPS, but requested an insecure element 'http://repository.upi.edu/style/images/fileicons/text.png'. This request was automatically upgraded to HTTPS, For more information see https://blog.chromium.org/2019/10/no-more-mixed-messages-about-https.html @ https://repository.upi.edu/138064/:0
[   79981ms] [WARNING] Mixed Content: The page at 'https://repository.upi.edu/138064/' was loaded over HTTPS, but requested an insecure element 'http://repository.upi.edu/style/images/fileicons/text.png'. This request was automatically upgraded to HTTPS, For more information see https://blog.chromium.org/2019/10/no-more-mixed-messages-about-https.html @ https://repository.upi.edu/138064/:0
[   79981ms] [WARNING] Mixed Content: The page at 'https://repository.upi.edu/138064/' was loaded over HTTPS, but requested an insecure element 'http://repository.upi.edu/style/images/fileicons/text.png'. This request was automatically upgraded to HTTPS, For more information see https://blog.chromium.org/2019/10/no-more-mixed-messages-about-https.html @ https://repository.upi.edu/138064/:0
[   79981ms] [WARNING] Mixed Content: The page at 'https://repository.upi.edu/138064/' was loaded over HTTPS, but requested an insecure element 'http://repository.upi.edu/style/images/fileicons/text.png'. This request was automatically upgraded to HTTPS, For more information see https://blog.chromium.org/2019/10/no-more-mixed-messages-about-https.html @ https://repository.upi.edu/138064/:0
[   79981ms] [WARNING] Mixed Content: The page at 'https://repository.upi.edu/138064/' was loaded over HTTPS, but requested an insecure element 'http://repository.upi.edu/style/images/fileicons/text.png'. This request was automatically upgraded to HTTPS, For more information see https://blog.chromium.org/2019/10/no-more-mixed-messages-about-https.html @ https://repository.upi.edu/138064/:0
[   79981ms] [WARNING] Mixed Content: The page at 'https://repository.upi.edu/138064/' was loaded over HTTPS, but requested an insecure element 'http://repository.upi.edu/style/images/fileicons/text.png'. This request was automatically upgraded to HTTPS, For more information see https://blog.chromium.org/2019/10/no-more-mixed-messages-about-https.html @ https://repository.upi.edu/138064/:0
[   79989ms] [WARNING] Mixed Content: The page at 'https://repository.upi.edu/138064/' was loaded over HTTPS, but requested an insecure element 'http://repository.upi.edu/style/images/fileicons/text.png'. This request was automatically upgraded to HTTPS, For more information see https://blog.chromium.org/2019/10/no-more-mixed-messages-about-https.html @ https://repository.upi.edu/138064/:321
[   79990ms] ReferenceError: gaq is not defined
    at https://repository.upi.edu/138064/:312:3
[   79990ms] [WARNING] Mixed Content: The page at 'https://repository.upi.edu/138064/' was loaded over HTTPS, but requested an insecure element 'http://repository.upi.edu/style/images/fileicons/text.png'. This request was automatically upgraded to HTTPS, For more information see https://blog.chromium.org/2019/10/no-more-mixed-messages-about-https.html @ https://repository.upi.edu/138064/:362
[   79990ms] ReferenceError: gaq is not defined
    at https://repository.upi.edu/138064/:353:3
[   79990ms] [WARNING] Mixed Content: The page at 'https://repository.upi.edu/138064/' was loaded over HTTPS, but requested an insecure element 'http://repository.upi.edu/style/images/fileicons/text.png'. This request was automatically upgraded to HTTPS, For more information see https://blog.chromium.org/2019/10/no-more-mixed-messages-about-https.html @ https://repository.upi.edu/138064/:403
[   79990ms] ReferenceError: gaq is not defined
    at https://repository.upi.edu/138064/:394:3
[   79990ms] [WARNING] Mixed Content: The page at 'https://repository.upi.edu/138064/' was loaded over HTTPS, but requested an insecure element 'http://repository.upi.edu/style/images/fileicons/text.png'. This request was automatically upgraded to HTTPS, For more information see https://blog.chromium.org/2019/10/no-more-mixed-messages-about-https.html @ https://repository.upi.edu/138064/:446
[   79990ms] ReferenceError: gaq is not defined
    at https://repository.upi.edu/138064/:437:3
[   79990ms] [WARNING] Mixed Content: The page at 'https://repository.upi.edu/138064/' was loaded over HTTPS, but requested an insecure element 'http://repository.upi.edu/style/images/fileicons/text.png'. This request was automatically upgraded to HTTPS, For more information see https://blog.chromium.org/2019/10/no-more-mixed-messages-about-https.html @ https://repository.upi.edu/138064/:487
[   79990ms] ReferenceError: gaq is not defined
    at https://repository.upi.edu/138064/:478:3
[   79990ms] [WARNING] Mixed Content: The page at 'https://repository.upi.edu/138064/' was loaded over HTTPS, but requested an insecure element 'http://repository.upi.edu/style/images/fileicons/text.png'. This request was automatically upgraded to HTTPS, For more information see https://blog.chromium.org/2019/10/no-more-mixed-messages-about-https.html @ https://repository.upi.edu/138064/:530
[   79990ms] ReferenceError: gaq is not defined
    at https://repository.upi.edu/138064/:521:3
[   79990ms] [WARNING] Mixed Content: The page at 'https://repository.upi.edu/138064/' was loaded over HTTPS, but requested an insecure element 'http://repository.upi.edu/style/images/fileicons/text.png'. This request was automatically upgraded to HTTPS, For more information see https://blog.chromium.org/2019/10/no-more-mixed-messages-about-https.html @ https://repository.upi.edu/138064/:571
[   79990ms] ReferenceError: gaq is not defined
    at https://repository.upi.edu/138064/:562:3
[   80176ms] [WARNING] Mixed Content: The page at 'https://repository.upi.edu/146699/' was loaded over HTTPS, but requested an insecure element 'http://repository.upi.edu/style/images/fileicons/text.png'. This request was automatically upgraded to HTTPS, For more information see https://blog.chromium.org/2019/10/no-more-mixed-messages-about-https.html @ https://repository.upi.edu/146699/:0
[   80176ms] [WARNING] Mixed Content: The page at 'https://repository.upi.edu/146699/' was loaded over HTTPS, but requested an insecure element 'http://repository.upi.edu/style/images/fileicons/text.png'. This request was automatically upgraded to HTTPS, For more information see https://blog.chromium.org/2019/10/no-more-mixed-messages-about-https.html @ https://repository.upi.edu/146699/:0
[   80176ms] [WARNING] Mixed Content: The page at 'https://repository.upi.edu/146699/' was loaded over HTTPS, but requested an insecure element 'http://repository.upi.edu/style/images/fileicons/text.png'. This request was automatically upgraded to HTTPS, For more information see https://blog.chromium.org/2019/10/no-more-mixed-messages-about-https.html @ https://repository.upi.edu/146699/:0
[   80176ms] [WARNING] Mixed Content: The page at 'https://repository.upi.edu/146699/' was loaded over HTTPS, but requested an insecure element 'http://repository.upi.edu/style/images/fileicons/text.png'. This request was automatically upgraded to HTTPS, For more information see https://blog.chromium.org/2019/10/no-more-mixed-messages-about-https.html @ https://repository.upi.edu/146699/:0
[   80176ms] [WARNING] Mixed Content: The page at 'https://repository.upi.edu/146699/' was loaded over HTTPS, but requested an insecure element 'http://repository.upi.edu/style/images/fileicons/text.png'. This request was automatically upgraded to HTTPS, For more information see https://blog.chromium.org/2019/10/no-more-mixed-messages-about-https.html @ https://repository.upi.edu/146699/:0
[   80176ms] [WARNING] Mixed Content: The page at 'https://repository.upi.edu/146699/' was loaded over HTTPS, but requested an insecure element 'http://repository.upi.edu/style/images/fileicons/text.png'. This request was automatically upgraded to HTTPS, For more information see https://blog.chromium.org/2019/10/no-more-mixed-messages-about-https.html @ https://repository.upi.edu/146699/:0
[   80183ms] [WARNING] Mixed Content: The page at 'https://repository.upi.edu/146699/' was loaded over HTTPS, but requested an insecure element 'http://repository.upi.edu/style/images/fileicons/text.png'. This request was automatically upgraded to HTTPS, For more information see https://blog.chromium.org/2019/10/no-more-mixed-messages-about-https.html @ https://repository.upi.edu/146699/:402
[   80183ms] ReferenceError: gaq is not defined
    at https://repository.upi.edu/146699/:393:3
[   80183ms] [WARNING] Mixed Content: The page at 'https://repository.upi.edu/146699/' was loaded over HTTPS, but requested an insecure element 'http://repository.upi.edu/style/images/fileicons/text.png'. This request was automatically upgraded to HTTPS, For more information see https://blog.chromium.org/2019/10/no-more-mixed-messages-about-https.html @ https://repository.upi.edu/146699/:443
[   80184ms] ReferenceError: gaq is not defined
    at https://repository.upi.edu/146699/:434:3
[   80183ms] [WARNING] Mixed Content: The page at 'https://repository.upi.edu/146699/' was loaded over HTTPS, but requested an insecure element 'http://repository.upi.edu/style/images/fileicons/text.png'. This request was automatically upgraded to HTTPS, For more information see https://blog.chromium.org/2019/10/no-more-mixed-messages-about-https.html @ https://repository.upi.edu/146699/:484
[   80185ms] ReferenceError: gaq is not defined
    at https://repository.upi.edu/146699/:475:3
[   80183ms] [WARNING] Mixed Content: The page at 'https://repository.upi.edu/146699/' was loaded over HTTPS, but requested an insecure element 'http://repository.upi.edu/style/images/fileicons/text.png'. This request was automatically upgraded to HTTPS, For more information see https://blog.chromium.org/2019/10/no-more-mixed-messages-about-https.html @ https://repository.upi.edu/146699/:525
[   80185ms] ReferenceError: gaq is not defined
    at https://repository.upi.edu/146699/:516:3
[   80183ms] [WARNING] Mixed Content: The page at 'https://repository.upi.edu/146699/' was loaded over HTTPS, but requested an insecure element 'http://repository.upi.edu/style/images/fileicons/text.png'. This request was automatically upgraded to HTTPS, For more information see https://blog.chromium.org/2019/10/no-more-mixed-messages-about-https.html @ https://repository.upi.edu/146699/:566
[   80185ms] ReferenceError: gaq is not defined
    at https://repository.upi.edu/146699/:557:3
[   80183ms] [WARNING] Mixed Content: The page at 'https://repository.upi.edu/146699/' was loaded over HTTPS, but requested an insecure element 'http://repository.upi.edu/style/images/fileicons/text.png'. This request was automatically upgraded to HTTPS, For more information see https://blog.chromium.org/2019/10/no-more-mixed-messages-about-https.html @ https://repository.upi.edu/146699/:607
[   80185ms] ReferenceError: gaq is not defined
    at https://repository.upi.edu/146699/:598:3
[   80316ms] [WARNING] Mixed Content: The page at 'https://repository.upi.edu/134503/' was loaded over HTTPS, but requested an insecure element 'http://repository.upi.edu/style/images/fileicons/text.png'. This request was automatically upgraded to HTTPS, For more information see https://blog.chromium.org/2019/10/no-more-mixed-messages-about-https.html @ https://repository.upi.edu/134503/:0
[   80316ms] [WARNING] Mixed Content: The page at 'https://repository.upi.edu/134503/' was loaded over HTTPS, but requested an insecure element 'http://repository.upi.edu/style/images/fileicons/text.png'. This request was automatically upgraded to HTTPS, For more information see https://blog.chromium.org/2019/10/no-more-mixed-messages-about-https.html @ https://repository.upi.edu/134503/:0
[   80316ms] [WARNING] Mixed Content: The page at 'https://repository.upi.edu/134503/' was loaded over HTTPS, but requested an insecure element 'http://repository.upi.edu/style/images/fileicons/text.png'. This request was automatically upgraded to HTTPS, For more information see https://blog.chromium.org/2019/10/no-more-mixed-messages-about-https.html @ https://repository.upi.edu/134503/:0
[   80316ms] [WARNING] Mixed Content: The page at 'https://repository.upi.edu/134503/' was loaded over HTTPS, but requested an insecure element 'http://repository.upi.edu/style/images/fileicons/text.png'. This request was automatically upgraded to HTTPS, For more information see https://blog.chromium.org/2019/10/no-more-mixed-messages-about-https.html @ https://repository.upi.edu/134503/:0
[   80316ms] [WARNING] Mixed Content: The page at 'https://repository.upi.edu/134503/' was loaded over HTTPS, but requested an insecure element 'http://repository.upi.edu/style/images/fileicons/text.png'. This request was automatically upgraded to HTTPS, For more information see https://blog.chromium.org/2019/10/no-more-mixed-messages-about-https.html @ https://repository.upi.edu/134503/:0
[   80316ms] [WARNING] Mixed Content: The page at 'https://repository.upi.edu/134503/' was loaded over HTTPS, but requested an insecure element 'http://repository.upi.edu/style/images/fileicons/text.png'. This request was automatically upgraded to HTTPS, For more information see https://blog.chromium.org/2019/10/no-more-mixed-messages-about-https.html @ https://repository.upi.edu/134503/:0
[   80316ms] [WARNING] Mixed Content: The page at 'https://repository.upi.edu/134503/' was loaded over HTTPS, but requested an insecure element 'http://repository.upi.edu/style/images/fileicons/text.png'. This request was automatically upgraded to HTTPS, For more information see https://blog.chromium.org/2019/10/no-more-mixed-messages-about-https.html @ https://repository.upi.edu/134503/:0
[   80324ms] [WARNING] Mixed Content: The page at 'https://repository.upi.edu/134503/' was loaded over HTTPS, but requested an insecure element 'http://repository.upi.edu/style/images/fileicons/text.png'. This request was automatically upgraded to HTTPS, For more information see https://blog.chromium.org/2019/10/no-more-mixed-messages-about-https.html @ https://repository.upi.edu/134503/:394
[   80324ms] ReferenceError: gaq is not defined
    at https://repository.upi.edu/134503/:385:3
[   80324ms] [WARNING] Mixed Content: The page at 'https://repository.upi.edu/134503/' was loaded over HTTPS, but requested an insecure element 'http://repository.upi.edu/style/images/fileicons/text.png'. This request was automatically upgraded to HTTPS, For more information see https://blog.chromium.org/2019/10/no-more-mixed-messages-about-https.html @ https://repository.upi.edu/134503/:435
[   80324ms] ReferenceError: gaq is not defined
    at https://repository.upi.edu/134503/:426:3
[   80324ms] [WARNING] Mixed Content: The page at 'https://repository.upi.edu/134503/' was loaded over HTTPS, but requested an insecure element 'http://repository.upi.edu/style/images/fileicons/text.png'. This request was automatically upgraded to HTTPS, For more information see https://blog.chromium.org/2019/10/no-more-mixed-messages-about-https.html @ https://repository.upi.edu/134503/:476
[   80324ms] ReferenceError: gaq is not defined
    at https://repository.upi.edu/134503/:467:3
[   80324ms] [WARNING] Mixed Content: The page at 'https://repository.upi.edu/134503/' was loaded over HTTPS, but requested an insecure element 'http://repository.upi.edu/style/images/fileicons/text.png'. This request was automatically upgraded to HTTPS, For more information see https://blog.chromium.org/2019/10/no-more-mixed-messages-about-https.html @ https://repository.upi.edu/134503/:517
[   80324ms] ReferenceError: gaq is not defined
    at https://repository.upi.edu/134503/:508:3
[   80324ms] [WARNING] Mixed Content: The page at 'https://repository.upi.edu/134503/' was loaded over HTTPS, but requested an insecure element 'http://repository.upi.edu/style/images/fileicons/text.png'. This request was automatically upgraded to HTTPS, For more information see https://blog.chromium.org/2019/10/no-more-mixed-messages-about-https.html @ https://repository.upi.edu/134503/:558
[   80324ms] ReferenceError: gaq is not defined
    at https://repository.upi.edu/134503/:549:3
[   80324ms] [WARNING] Mixed Content: The page at 'https://repository.upi.edu/134503/' was loaded over HTTPS, but requested an insecure element 'http://repository.upi.edu/style/images/fileicons/text.png'. This request was automatically upgraded to HTTPS, For more information see https://blog.chromium.org/2019/10/no-more-mixed-messages-about-https.html @ https://repository.upi.edu/134503/:599
[   80324ms] ReferenceError: gaq is not defined
    at https://repository.upi.edu/134503/:590:3
[   80324ms] [WARNING] Mixed Content: The page at 'https://repository.upi.edu/134503/' was loaded over HTTPS, but requested an insecure element 'http://repository.upi.edu/style/images/fileicons/text.png'. This request was automatically upgraded to HTTPS, For more information see https://blog.chromium.org/2019/10/no-more-mixed-messages-about-https.html @ https://repository.upi.edu/134503/:640
[   80324ms] ReferenceError: gaq is not defined
    at https://repository.upi.edu/134503/:631:3
[   80455ms] [WARNING] Mixed Content: The page at 'https://repository.upi.edu/140844/' was loaded over HTTPS, but requested an insecure element 'http://repository.upi.edu/style/images/fileicons/text.png'. This request was automatically upgraded to HTTPS, For more information see https://blog.chromium.org/2019/10/no-more-mixed-messages-about-https.html @ https://repository.upi.edu/140844/:0
[   80455ms] [WARNING] Mixed Content: The page at 'https://repository.upi.edu/140844/' was loaded over HTTPS, but requested an insecure element 'http://repository.upi.edu/style/images/fileicons/text.png'. This request was automatically upgraded to HTTPS, For more information see https://blog.chromium.org/2019/10/no-more-mixed-messages-about-https.html @ https://repository.upi.edu/140844/:0
[   80455ms] [WARNING] Mixed Content: The page at 'https://repository.upi.edu/140844/' was loaded over HTTPS, but requested an insecure element 'http://repository.upi.edu/style/images/fileicons/text.png'. This request was automatically upgraded to HTTPS, For more information see https://blog.chromium.org/2019/10/no-more-mixed-messages-about-https.html @ https://repository.upi.edu/140844/:0
[   80455ms] [WARNING] Mixed Content: The page at 'https://repository.upi.edu/140844/' was loaded over HTTPS, but requested an insecure element 'http://repository.upi.edu/style/images/fileicons/text.png'. This request was automatically upgraded to HTTPS, For more information see https://blog.chromium.org/2019/10/no-more-mixed-messages-about-https.html @ https://repository.upi.edu/140844/:0
[   80455ms] [WARNING] Mixed Content: The page at 'https://repository.upi.edu/140844/' was loaded over HTTPS, but requested an insecure element 'http://repository.upi.edu/style/images/fileicons/text.png'. This request was automatically upgraded to HTTPS, For more information see https://blog.chromium.org/2019/10/no-more-mixed-messages-about-https.html @ https://repository.upi.edu/140844/:0
[   80455ms] [WARNING] Mixed Content: The page at 'https://repository.upi.edu/140844/' was loaded over HTTPS, but requested an insecure element 'http://repository.upi.edu/style/images/fileicons/text.png'. This request was automatically upgraded to HTTPS, For more information see https://blog.chromium.org/2019/10/no-more-mixed-messages-about-https.html @ https://repository.upi.edu/140844/:0
[   80461ms] [WARNING] Mixed Content: The page at 'https://repository.upi.edu/140844/' was loaded over HTTPS, but requested an insecure element 'http://repository.upi.edu/style/images/fileicons/text.png'. This request was automatically upgraded to HTTPS, For more information see https://blog.chromium.org/2019/10/no-more-mixed-messages-about-https.html @ https://repository.upi.edu/140844/:315
[   80462ms] ReferenceError: gaq is not defined
    at https://repository.upi.edu/140844/:306:3
[   80462ms] [WARNING] Mixed Content: The page at 'https://repository.upi.edu/140844/' was loaded over HTTPS, but requested an insecure element 'http://repository.upi.edu/style/images/fileicons/text.png'. This request was automatically upgraded to HTTPS, For more information see https://blog.chromium.org/2019/10/no-more-mixed-messages-about-https.html @ https://repository.upi.edu/140844/:356
[   80462ms] ReferenceError: gaq is not defined
    at https://repository.upi.edu/140844/:347:3
[   80462ms] [WARNING] Mixed Content: The page at 'https://repository.upi.edu/140844/' was loaded over HTTPS, but requested an insecure element 'http://repository.upi.edu/style/images/fileicons/text.png'. This request was automatically upgraded to HTTPS, For more information see https://blog.chromium.org/2019/10/no-more-mixed-messages-about-https.html @ https://repository.upi.edu/140844/:397
[   80462ms] ReferenceError: gaq is not defined
    at https://repository.upi.edu/140844/:388:3
[   80462ms] [WARNING] Mixed Content: The page at 'https://repository.upi.edu/140844/' was loaded over HTTPS, but requested an insecure element 'http://repository.upi.edu/style/images/fileicons/text.png'. This request was automatically upgraded to HTTPS, For more information see https://blog.chromium.org/2019/10/no-more-mixed-messages-about-https.html @ https://repository.upi.edu/140844/:440
[   80462ms] ReferenceError: gaq is not defined
    at https://repository.upi.edu/140844/:431:3
[   80462ms] [WARNING] Mixed Content: The page at 'https://repository.upi.edu/140844/' was loaded over HTTPS, but requested an insecure element 'http://repository.upi.edu/style/images/fileicons/text.png'. This request was automatically upgraded to HTTPS, For more information see https://blog.chromium.org/2019/10/no-more-mixed-messages-about-https.html @ https://repository.upi.edu/140844/:481
[   80462ms] ReferenceError: gaq is not defined
    at https://repository.upi.edu/140844/:472:3
[   80462ms] [WARNING] Mixed Content: The page at 'https://repository.upi.edu/140844/' was loaded over HTTPS, but requested an insecure element 'http://repository.upi.edu/style/images/fileicons/text.png'. This request was automatically upgraded to HTTPS, For more information see https://blog.chromium.org/2019/10/no-more-mixed-messages-about-https.html @ https://repository.upi.edu/140844/:524
[   80462ms] ReferenceError: gaq is not defined
    at https://repository.upi.edu/140844/:515:3
[   80603ms] [WARNING] Mixed Content: The page at 'https://repository.upi.edu/138674/' was loaded over HTTPS, but requested an insecure element 'http://repository.upi.edu/style/images/fileicons/text.png'. This request was automatically upgraded to HTTPS, For more information see https://blog.chromium.org/2019/10/no-more-mixed-messages-about-https.html @ https://repository.upi.edu/138674/:0
[   80603ms] [WARNING] Mixed Content: The page at 'https://repository.upi.edu/138674/' was loaded over HTTPS, but requested an insecure element 'http://repository.upi.edu/style/images/fileicons/text.png'. This request was automatically upgraded to HTTPS, For more information see https://blog.chromium.org/2019/10/no-more-mixed-messages-about-https.html @ https://repository.upi.edu/138674/:0
[   80603ms] [WARNING] Mixed Content: The page at 'https://repository.upi.edu/138674/' was loaded over HTTPS, but requested an insecure element 'http://repository.upi.edu/style/images/fileicons/text.png'. This request was automatically upgraded to HTTPS, For more information see https://blog.chromium.org/2019/10/no-more-mixed-messages-about-https.html @ https://repository.upi.edu/138674/:0
[   80603ms] [WARNING] Mixed Content: The page at 'https://repository.upi.edu/138674/' was loaded over HTTPS, but requested an insecure element 'http://repository.upi.edu/style/images/fileicons/text.png'. This request was automatically upgraded to HTTPS, For more information see https://blog.chromium.org/2019/10/no-more-mixed-messages-about-https.html @ https://repository.upi.edu/138674/:0
[   80603ms] [WARNING] Mixed Content: The page at 'https://repository.upi.edu/138674/' was loaded over HTTPS, but requested an insecure element 'http://repository.upi.edu/style/images/fileicons/text.png'. This request was automatically upgraded to HTTPS, For more information see https://blog.chromium.org/2019/10/no-more-mixed-messages-about-https.html @ https://repository.upi.edu/138674/:0
[   80603ms] [WARNING] Mixed Content: The page at 'https://repository.upi.edu/138674/' was loaded over HTTPS, but requested an insecure element 'http://repository.upi.edu/style/images/fileicons/text.png'. This request was automatically upgraded to HTTPS, For more information see https://blog.chromium.org/2019/10/no-more-mixed-messages-about-https.html @ https://repository.upi.edu/138674/:0
[   80610ms] [WARNING] Mixed Content: The page at 'https://repository.upi.edu/138674/' was loaded over HTTPS, but requested an insecure element 'http://repository.upi.edu/style/images/fileicons/text.png'. This request was automatically upgraded to HTTPS, For more information see https://blog.chromium.org/2019/10/no-more-mixed-messages-about-https.html @ https://repository.upi.edu/138674/:313
[   80610ms] ReferenceError: gaq is not defined
    at https://repository.upi.edu/138674/:304:3
[   80610ms] [WARNING] Mixed Content: The page at 'https://repository.upi.edu/138674/' was loaded over HTTPS, but requested an insecure element 'http://repository.upi.edu/style/images/fileicons/text.png'. This request was automatically upgraded to HTTPS, For more information see https://blog.chromium.org/2019/10/no-more-mixed-messages-about-https.html @ https://repository.upi.edu/138674/:354
[   80610ms] ReferenceError: gaq is not defined
    at https://repository.upi.edu/138674/:345:3
[   80610ms] [WARNING] Mixed Content: The page at 'https://repository.upi.edu/138674/' was loaded over HTTPS, but requested an insecure element 'http://repository.upi.edu/style/images/fileicons/text.png'. This request was automatically upgraded to HTTPS, For more information see https://blog.chromium.org/2019/10/no-more-mixed-messages-about-https.html @ https://repository.upi.edu/138674/:395
[   80610ms] ReferenceError: gaq is not defined
    at https://repository.upi.edu/138674/:386:3
[   80610ms] [WARNING] Mixed Content: The page at 'https://repository.upi.edu/138674/' was loaded over HTTPS, but requested an insecure element 'http://repository.upi.edu/style/images/fileicons/text.png'. This request was automatically upgraded to HTTPS, For more information see https://blog.chromium.org/2019/10/no-more-mixed-messages-about-https.html @ https://repository.upi.edu/138674/:436
[   80610ms] ReferenceError: gaq is not defined
    at https://repository.upi.edu/138674/:427:3
[   80610ms] [WARNING] Mixed Content: The page at 'https://repository.upi.edu/138674/' was loaded over HTTPS, but requested an insecure element 'http://repository.upi.edu/style/images/fileicons/text.png'. This request was automatically upgraded to HTTPS, For more information see https://blog.chromium.org/2019/10/no-more-mixed-messages-about-https.html @ https://repository.upi.edu/138674/:477
[   80610ms] ReferenceError: gaq is not defined
    at https://repository.upi.edu/138674/:468:3
[   80610ms] [WARNING] Mixed Content: The page at 'https://repository.upi.edu/138674/' was loaded over HTTPS, but requested an insecure element 'http://repository.upi.edu/style/images/fileicons/text.png'. This request was automatically upgraded to HTTPS, For more information see https://blog.chromium.org/2019/10/no-more-mixed-messages-about-https.html @ https://repository.upi.edu/138674/:518
[   80610ms] ReferenceError: gaq is not defined
    at https://repository.upi.edu/138674/:509:3
[   99781ms] [WARNING] Mixed Content: The page at 'https://repository.upi.edu/138064/' was loaded over HTTPS, but requested an insecure element 'http://repository.upi.edu/style/images/fileicons/text.png'. This request was automatically upgraded to HTTPS, For more information see https://blog.chromium.org/2019/10/no-more-mixed-messages-about-https.html @ https://repository.upi.edu/138064/:0
[   99781ms] [WARNING] Mixed Content: The page at 'https://repository.upi.edu/138064/' was loaded over HTTPS, but requested an insecure element 'http://repository.upi.edu/style/images/fileicons/text.png'. This request was automatically upgraded to HTTPS, For more information see https://blog.chromium.org/2019/10/no-more-mixed-messages-about-https.html @ https://repository.upi.edu/138064/:0
[   99781ms] [WARNING] Mixed Content: The page at 'https://repository.upi.edu/138064/' was loaded over HTTPS, but requested an insecure element 'http://repository.upi.edu/style/images/fileicons/text.png'. This request was automatically upgraded to HTTPS, For more information see https://blog.chromium.org/2019/10/no-more-mixed-messages-about-https.html @ https://repository.upi.edu/138064/:0
[   99781ms] [WARNING] Mixed Content: The page at 'https://repository.upi.edu/138064/' was loaded over HTTPS, but requested an insecure element 'http://repository.upi.edu/style/images/fileicons/text.png'. This request was automatically upgraded to HTTPS, For more information see https://blog.chromium.org/2019/10/no-more-mixed-messages-about-https.html @ https://repository.upi.edu/138064/:0
[   99781ms] [WARNING] Mixed Content: The page at 'https://repository.upi.edu/138064/' was loaded over HTTPS, but requested an insecure element 'http://repository.upi.edu/style/images/fileicons/text.png'. This request was automatically upgraded to HTTPS, For more information see https://blog.chromium.org/2019/10/no-more-mixed-messages-about-https.html @ https://repository.upi.edu/138064/:0
[   99781ms] [WARNING] Mixed Content: The page at 'https://repository.upi.edu/138064/' was loaded over HTTPS, but requested an insecure element 'http://repository.upi.edu/style/images/fileicons/text.png'. This request was automatically upgraded to HTTPS, For more information see https://blog.chromium.org/2019/10/no-more-mixed-messages-about-https.html @ https://repository.upi.edu/138064/:0
[   99781ms] [WARNING] Mixed Content: The page at 'https://repository.upi.edu/138064/' was loaded over HTTPS, but requested an insecure element 'http://repository.upi.edu/style/images/fileicons/text.png'. This request was automatically upgraded to HTTPS, For more information see https://blog.chromium.org/2019/10/no-more-mixed-messages-about-https.html @ https://repository.upi.edu/138064/:0
[   99787ms] [WARNING] Mixed Content: The page at 'https://repository.upi.edu/138064/' was loaded over HTTPS, but requested an insecure element 'http://repository.upi.edu/style/images/fileicons/text.png'. This request was automatically upgraded to HTTPS, For more information see https://blog.chromium.org/2019/10/no-more-mixed-messages-about-https.html @ https://repository.upi.edu/138064/:321
[   99787ms] ReferenceError: gaq is not defined
    at https://repository.upi.edu/138064/:312:3
[   99787ms] [WARNING] Mixed Content: The page at 'https://repository.upi.edu/138064/' was loaded over HTTPS, but requested an insecure element 'http://repository.upi.edu/style/images/fileicons/text.png'. This request was automatically upgraded to HTTPS, For more information see https://blog.chromium.org/2019/10/no-more-mixed-messages-about-https.html @ https://repository.upi.edu/138064/:362
[   99787ms] ReferenceError: gaq is not defined
    at https://repository.upi.edu/138064/:353:3
[   99787ms] [WARNING] Mixed Content: The page at 'https://repository.upi.edu/138064/' was loaded over HTTPS, but requested an insecure element 'http://repository.upi.edu/style/images/fileicons/text.png'. This request was automatically upgraded to HTTPS, For more information see https://blog.chromium.org/2019/10/no-more-mixed-messages-about-https.html @ https://repository.upi.edu/138064/:403
[   99787ms] ReferenceError: gaq is not defined
    at https://repository.upi.edu/138064/:394:3
[   99787ms] [WARNING] Mixed Content: The page at 'https://repository.upi.edu/138064/' was loaded over HTTPS, but requested an insecure element 'http://repository.upi.edu/style/images/fileicons/text.png'. This request was automatically upgraded to HTTPS, For more information see https://blog.chromium.org/2019/10/no-more-mixed-messages-about-https.html @ https://repository.upi.edu/138064/:446
[   99787ms] ReferenceError: gaq is not defined
    at https://repository.upi.edu/138064/:437:3
[   99787ms] [WARNING] Mixed Content: The page at 'https://repository.upi.edu/138064/' was loaded over HTTPS, but requested an insecure element 'http://repository.upi.edu/style/images/fileicons/text.png'. This request was automatically upgraded to HTTPS, For more information see https://blog.chromium.org/2019/10/no-more-mixed-messages-about-https.html @ https://repository.upi.edu/138064/:487
[   99787ms] ReferenceError: gaq is not defined
    at https://repository.upi.edu/138064/:478:3
[   99787ms] [WARNING] Mixed Content: The page at 'https://repository.upi.edu/138064/' was loaded over HTTPS, but requested an insecure element 'http://repository.upi.edu/style/images/fileicons/text.png'. This request was automatically upgraded to HTTPS, For more information see https://blog.chromium.org/2019/10/no-more-mixed-messages-about-https.html @ https://repository.upi.edu/138064/:530
[   99787ms] ReferenceError: gaq is not defined
    at https://repository.upi.edu/138064/:521:3
[   99787ms] [WARNING] Mixed Content: The page at 'https://repository.upi.edu/138064/' was loaded over HTTPS, but requested an insecure element 'http://repository.upi.edu/style/images/fileicons/text.png'. This request was automatically upgraded to HTTPS, For more information see https://blog.chromium.org/2019/10/no-more-mixed-messages-about-https.html @ https://repository.upi.edu/138064/:571
[   99787ms] ReferenceError: gaq is not defined
    at https://repository.upi.edu/138064/:562:3
[   99883ms] [WARNING] Mixed Content: The page at 'https://repository.upi.edu/146699/' was loaded over HTTPS, but requested an insecure element 'http://repository.upi.edu/style/images/fileicons/text.png'. This request was automatically upgraded to HTTPS, For more information see https://blog.chromium.org/2019/10/no-more-mixed-messages-about-https.html @ https://repository.upi.edu/146699/:0
[   99883ms] [WARNING] Mixed Content: The page at 'https://repository.upi.edu/146699/' was loaded over HTTPS, but requested an insecure element 'http://repository.upi.edu/style/images/fileicons/text.png'. This request was automatically upgraded to HTTPS, For more information see https://blog.chromium.org/2019/10/no-more-mixed-messages-about-https.html @ https://repository.upi.edu/146699/:0
[   99883ms] [WARNING] Mixed Content: The page at 'https://repository.upi.edu/146699/' was loaded over HTTPS, but requested an insecure element 'http://repository.upi.edu/style/images/fileicons/text.png'. This request was automatically upgraded to HTTPS, For more information see https://blog.chromium.org/2019/10/no-more-mixed-messages-about-https.html @ https://repository.upi.edu/146699/:0
[   99883ms] [WARNING] Mixed Content: The page at 'https://repository.upi.edu/146699/' was loaded over HTTPS, but requested an insecure element 'http://repository.upi.edu/style/images/fileicons/text.png'. This request was automatically upgraded to HTTPS, For more information see https://blog.chromium.org/2019/10/no-more-mixed-messages-about-https.html @ https://repository.upi.edu/146699/:0
[   99883ms] [WARNING] Mixed Content: The page at 'https://repository.upi.edu/146699/' was loaded over HTTPS, but requested an insecure element 'http://repository.upi.edu/style/images/fileicons/text.png'. This request was automatically upgraded to HTTPS, For more information see https://blog.chromium.org/2019/10/no-more-mixed-messages-about-https.html @ https://repository.upi.edu/146699/:0
[   99883ms] [WARNING] Mixed Content: The page at 'https://repository.upi.edu/146699/' was loaded over HTTPS, but requested an insecure element 'http://repository.upi.edu/style/images/fileicons/text.png'. This request was automatically upgraded to HTTPS, For more information see https://blog.chromium.org/2019/10/no-more-mixed-messages-about-https.html @ https://repository.upi.edu/146699/:0
[   99889ms] [WARNING] Mixed Content: The page at 'https://repository.upi.edu/146699/' was loaded over HTTPS, but requested an insecure element 'http://repository.upi.edu/style/images/fileicons/text.png'. This request was automatically upgraded to HTTPS, For more information see https://blog.chromium.org/2019/10/no-more-mixed-messages-about-https.html @ https://repository.upi.edu/146699/:402
[   99889ms] ReferenceError: gaq is not defined
    at https://repository.upi.edu/146699/:393:3
[   99889ms] [WARNING] Mixed Content: The page at 'https://repository.upi.edu/146699/' was loaded over HTTPS, but requested an insecure element 'http://repository.upi.edu/style/images/fileicons/text.png'. This request was automatically upgraded to HTTPS, For more information see https://blog.chromium.org/2019/10/no-more-mixed-messages-about-https.html @ https://repository.upi.edu/146699/:443
[   99889ms] ReferenceError: gaq is not defined
    at https://repository.upi.edu/146699/:434:3
[   99889ms] [WARNING] Mixed Content: The page at 'https://repository.upi.edu/146699/' was loaded over HTTPS, but requested an insecure element 'http://repository.upi.edu/style/images/fileicons/text.png'. This request was automatically upgraded to HTTPS, For more information see https://blog.chromium.org/2019/10/no-more-mixed-messages-about-https.html @ https://repository.upi.edu/146699/:484
[   99889ms] ReferenceError: gaq is not defined
    at https://repository.upi.edu/146699/:475:3
[   99889ms] [WARNING] Mixed Content: The page at 'https://repository.upi.edu/146699/' was loaded over HTTPS, but requested an insecure element 'http://repository.upi.edu/style/images/fileicons/text.png'. This request was automatically upgraded to HTTPS, For more information see https://blog.chromium.org/2019/10/no-more-mixed-messages-about-https.html @ https://repository.upi.edu/146699/:525
[   99889ms] ReferenceError: gaq is not defined
    at https://repository.upi.edu/146699/:516:3
[   99889ms] [WARNING] Mixed Content: The page at 'https://repository.upi.edu/146699/' was loaded over HTTPS, but requested an insecure element 'http://repository.upi.edu/style/images/fileicons/text.png'. This request was automatically upgraded to HTTPS, For more information see https://blog.chromium.org/2019/10/no-more-mixed-messages-about-https.html @ https://repository.upi.edu/146699/:566
[   99889ms] ReferenceError: gaq is not defined
    at https://repository.upi.edu/146699/:557:3
[   99889ms] [WARNING] Mixed Content: The page at 'https://repository.upi.edu/146699/' was loaded over HTTPS, but requested an insecure element 'http://repository.upi.edu/style/images/fileicons/text.png'. This request was automatically upgraded to HTTPS, For more information see https://blog.chromium.org/2019/10/no-more-mixed-messages-about-https.html @ https://repository.upi.edu/146699/:607
[   99889ms] ReferenceError: gaq is not defined
    at https://repository.upi.edu/146699/:598:3
[   99980ms] [WARNING] Mixed Content: The page at 'https://repository.upi.edu/134503/' was loaded over HTTPS, but requested an insecure element 'http://repository.upi.edu/style/images/fileicons/text.png'. This request was automatically upgraded to HTTPS, For more information see https://blog.chromium.org/2019/10/no-more-mixed-messages-about-https.html @ https://repository.upi.edu/134503/:0
[   99980ms] [WARNING] Mixed Content: The page at 'https://repository.upi.edu/134503/' was loaded over HTTPS, but requested an insecure element 'http://repository.upi.edu/style/images/fileicons/text.png'. This request was automatically upgraded to HTTPS, For more information see https://blog.chromium.org/2019/10/no-more-mixed-messages-about-https.html @ https://repository.upi.edu/134503/:0
[   99980ms] [WARNING] Mixed Content: The page at 'https://repository.upi.edu/134503/' was loaded over HTTPS, but requested an insecure element 'http://repository.upi.edu/style/images/fileicons/text.png'. This request was automatically upgraded to HTTPS, For more information see https://blog.chromium.org/2019/10/no-more-mixed-messages-about-https.html @ https://repository.upi.edu/134503/:0
[   99980ms] [WARNING] Mixed Content: The page at 'https://repository.upi.edu/134503/' was loaded over HTTPS, but requested an insecure element 'http://repository.upi.edu/style/images/fileicons/text.png'. This request was automatically upgraded to HTTPS, For more information see https://blog.chromium.org/2019/10/no-more-mixed-messages-about-https.html @ https://repository.upi.edu/134503/:0
[   99980ms] [WARNING] Mixed Content: The page at 'https://repository.upi.edu/134503/' was loaded over HTTPS, but requested an insecure element 'http://repository.upi.edu/style/images/fileicons/text.png'. This request was automatically upgraded to HTTPS, For more information see https://blog.chromium.org/2019/10/no-more-mixed-messages-about-https.html @ https://repository.upi.edu/134503/:0
[   99980ms] [WARNING] Mixed Content: The page at 'https://repository.upi.edu/134503/' was loaded over HTTPS, but requested an insecure element 'http://repository.upi.edu/style/images/fileicons/text.png'. This request was automatically upgraded to HTTPS, For more information see https://blog.chromium.org/2019/10/no-more-mixed-messages-about-https.html @ https://repository.upi.edu/134503/:0
[   99980ms] [WARNING] Mixed Content: The page at 'https://repository.upi.edu/134503/' was loaded over HTTPS, but requested an insecure element 'http://repository.upi.edu/style/images/fileicons/text.png'. This request was automatically upgraded to HTTPS, For more information see https://blog.chromium.org/2019/10/no-more-mixed-messages-about-https.html @ https://repository.upi.edu/134503/:0
[   99986ms] [WARNING] Mixed Content: The page at 'https://repository.upi.edu/134503/' was loaded over HTTPS, but requested an insecure element 'http://repository.upi.edu/style/images/fileicons/text.png'. This request was automatically upgraded to HTTPS, For more information see https://blog.chromium.org/2019/10/no-more-mixed-messages-about-https.html @ https://repository.upi.edu/134503/:394
[   99986ms] ReferenceError: gaq is not defined
    at https://repository.upi.edu/134503/:385:3
[   99986ms] [WARNING] Mixed Content: The page at 'https://repository.upi.edu/134503/' was loaded over HTTPS, but requested an insecure element 'http://repository.upi.edu/style/images/fileicons/text.png'. This request was automatically upgraded to HTTPS, For more information see https://blog.chromium.org/2019/10/no-more-mixed-messages-about-https.html @ https://repository.upi.edu/134503/:435
[   99987ms] ReferenceError: gaq is not defined
    at https://repository.upi.edu/134503/:426:3
[   99986ms] [WARNING] Mixed Content: The page at 'https://repository.upi.edu/134503/' was loaded over HTTPS, but requested an insecure element 'http://repository.upi.edu/style/images/fileicons/text.png'. This request was automatically upgraded to HTTPS, For more information see https://blog.chromium.org/2019/10/no-more-mixed-messages-about-https.html @ https://repository.upi.edu/134503/:476
[   99987ms] ReferenceError: gaq is not defined
    at https://repository.upi.edu/134503/:467:3
[   99986ms] [WARNING] Mixed Content: The page at 'https://repository.upi.edu/134503/' was loaded over HTTPS, but requested an insecure element 'http://repository.upi.edu/style/images/fileicons/text.png'. This request was automatically upgraded to HTTPS, For more information see https://blog.chromium.org/2019/10/no-more-mixed-messages-about-https.html @ https://repository.upi.edu/134503/:517
[   99987ms] ReferenceError: gaq is not defined
    at https://repository.upi.edu/134503/:508:3
[   99986ms] [WARNING] Mixed Content: The page at 'https://repository.upi.edu/134503/' was loaded over HTTPS, but requested an insecure element 'http://repository.upi.edu/style/images/fileicons/text.png'. This request was automatically upgraded to HTTPS, For more information see https://blog.chromium.org/2019/10/no-more-mixed-messages-about-https.html @ https://repository.upi.edu/134503/:558
[   99987ms] ReferenceError: gaq is not defined
    at https://repository.upi.edu/134503/:549:3
[   99986ms] [WARNING] Mixed Content: The page at 'https://repository.upi.edu/134503/' was loaded over HTTPS, but requested an insecure element 'http://repository.upi.edu/style/images/fileicons/text.png'. This request was automatically upgraded to HTTPS, For more information see https://blog.chromium.org/2019/10/no-more-mixed-messages-about-https.html @ https://repository.upi.edu/134503/:599
[   99987ms] ReferenceError: gaq is not defined
    at https://repository.upi.edu/134503/:590:3
[   99986ms] [WARNING] Mixed Content: The page at 'https://repository.upi.edu/134503/' was loaded over HTTPS, but requested an insecure element 'http://repository.upi.edu/style/images/fileicons/text.png'. This request was automatically upgraded to HTTPS, For more information see https://blog.chromium.org/2019/10/no-more-mixed-messages-about-https.html @ https://repository.upi.edu/134503/:640
[   99987ms] ReferenceError: gaq is not defined
    at https://repository.upi.edu/134503/:631:3
[  100072ms] [WARNING] Mixed Content: The page at 'https://repository.upi.edu/140844/' was loaded over HTTPS, but requested an insecure element 'http://repository.upi.edu/style/images/fileicons/text.png'. This request was automatically upgraded to HTTPS, For more information see https://blog.chromium.org/2019/10/no-more-mixed-messages-about-https.html @ https://repository.upi.edu/140844/:0
[  100072ms] [WARNING] Mixed Content: The page at 'https://repository.upi.edu/140844/' was loaded over HTTPS, but requested an insecure element 'http://repository.upi.edu/style/images/fileicons/text.png'. This request was automatically upgraded to HTTPS, For more information see https://blog.chromium.org/2019/10/no-more-mixed-messages-about-https.html @ https://repository.upi.edu/140844/:0
[  100072ms] [WARNING] Mixed Content: The page at 'https://repository.upi.edu/140844/' was loaded over HTTPS, but requested an insecure element 'http://repository.upi.edu/style/images/fileicons/text.png'. This request was automatically upgraded to HTTPS, For more information see https://blog.chromium.org/2019/10/no-more-mixed-messages-about-https.html @ https://repository.upi.edu/140844/:0
[  100072ms] [WARNING] Mixed Content: The page at 'https://repository.upi.edu/140844/' was loaded over HTTPS, but requested an insecure element 'http://repository.upi.edu/style/images/fileicons/text.png'. This request was automatically upgraded to HTTPS, For more information see https://blog.chromium.org/2019/10/no-more-mixed-messages-about-https.html @ https://repository.upi.edu/140844/:0
[  100072ms] [WARNING] Mixed Content: The page at 'https://repository.upi.edu/140844/' was loaded over HTTPS, but requested an insecure element 'http://repository.upi.edu/style/images/fileicons/text.png'. This request was automatically upgraded to HTTPS, For more information see https://blog.chromium.org/2019/10/no-more-mixed-messages-about-https.html @ https://repository.upi.edu/140844/:0
[  100072ms] [WARNING] Mixed Content: The page at 'https://repository.upi.edu/140844/' was loaded over HTTPS, but requested an insecure element 'http://repository.upi.edu/style/images/fileicons/text.png'. This request was automatically upgraded to HTTPS, For more information see https://blog.chromium.org/2019/10/no-more-mixed-messages-about-https.html @ https://repository.upi.edu/140844/:0
[  100078ms] [WARNING] Mixed Content: The page at 'https://repository.upi.edu/140844/' was loaded over HTTPS, but requested an insecure element 'http://repository.upi.edu/style/images/fileicons/text.png'. This request was automatically upgraded to HTTPS, For more information see https://blog.chromium.org/2019/10/no-more-mixed-messages-about-https.html @ https://repository.upi.edu/140844/:315
[  100078ms] ReferenceError: gaq is not defined
    at https://repository.upi.edu/140844/:306:3
[  100078ms] [WARNING] Mixed Content: The page at 'https://repository.upi.edu/140844/' was loaded over HTTPS, but requested an insecure element 'http://repository.upi.edu/style/images/fileicons/text.png'. This request was automatically upgraded to HTTPS, For more information see https://blog.chromium.org/2019/10/no-more-mixed-messages-about-https.html @ https://repository.upi.edu/140844/:356
[  100078ms] ReferenceError: gaq is not defined
    at https://repository.upi.edu/140844/:347:3
[  100078ms] [WARNING] Mixed Content: The page at 'https://repository.upi.edu/140844/' was loaded over HTTPS, but requested an insecure element 'http://repository.upi.edu/style/images/fileicons/text.png'. This request was automatically upgraded to HTTPS, For more information see https://blog.chromium.org/2019/10/no-more-mixed-messages-about-https.html @ https://repository.upi.edu/140844/:397
[  100078ms] ReferenceError: gaq is not defined
    at https://repository.upi.edu/140844/:388:3
[  100078ms] [WARNING] Mixed Content: The page at 'https://repository.upi.edu/140844/' was loaded over HTTPS, but requested an insecure element 'http://repository.upi.edu/style/images/fileicons/text.png'. This request was automatically upgraded to HTTPS, For more information see https://blog.chromium.org/2019/10/no-more-mixed-messages-about-https.html @ https://repository.upi.edu/140844/:440
[  100079ms] ReferenceError: gaq is not defined
    at https://repository.upi.edu/140844/:431:3
[  100078ms] [WARNING] Mixed Content: The page at 'https://repository.upi.edu/140844/' was loaded over HTTPS, but requested an insecure element 'http://repository.upi.edu/style/images/fileicons/text.png'. This request was automatically upgraded to HTTPS, For more information see https://blog.chromium.org/2019/10/no-more-mixed-messages-about-https.html @ https://repository.upi.edu/140844/:481
[  100079ms] ReferenceError: gaq is not defined
    at https://repository.upi.edu/140844/:472:3
[  100078ms] [WARNING] Mixed Content: The page at 'https://repository.upi.edu/140844/' was loaded over HTTPS, but requested an insecure element 'http://repository.upi.edu/style/images/fileicons/text.png'. This request was automatically upgraded to HTTPS, For more information see https://blog.chromium.org/2019/10/no-more-mixed-messages-about-https.html @ https://repository.upi.edu/140844/:524
[  100079ms] ReferenceError: gaq is not defined
    at https://repository.upi.edu/140844/:515:3
[  100207ms] [WARNING] Mixed Content: The page at 'https://repository.upi.edu/138674/' was loaded over HTTPS, but requested an insecure element 'http://repository.upi.edu/style/images/fileicons/text.png'. This request was automatically upgraded to HTTPS, For more information see https://blog.chromium.org/2019/10/no-more-mixed-messages-about-https.html @ https://repository.upi.edu/138674/:0
[  100207ms] [WARNING] Mixed Content: The page at 'https://repository.upi.edu/138674/' was loaded over HTTPS, but requested an insecure element 'http://repository.upi.edu/style/images/fileicons/text.png'. This request was automatically upgraded to HTTPS, For more information see https://blog.chromium.org/2019/10/no-more-mixed-messages-about-https.html @ https://repository.upi.edu/138674/:0
[  100207ms] [WARNING] Mixed Content: The page at 'https://repository.upi.edu/138674/' was loaded over HTTPS, but requested an insecure element 'http://repository.upi.edu/style/images/fileicons/text.png'. This request was automatically upgraded to HTTPS, For more information see https://blog.chromium.org/2019/10/no-more-mixed-messages-about-https.html @ https://repository.upi.edu/138674/:0
[  100207ms] [WARNING] Mixed Content: The page at 'https://repository.upi.edu/138674/' was loaded over HTTPS, but requested an insecure element 'http://repository.upi.edu/style/images/fileicons/text.png'. This request was automatically upgraded to HTTPS, For more information see https://blog.chromium.org/2019/10/no-more-mixed-messages-about-https.html @ https://repository.upi.edu/138674/:0
[  100207ms] [WARNING] Mixed Content: The page at 'https://repository.upi.edu/138674/' was loaded over HTTPS, but requested an insecure element 'http://repository.upi.edu/style/images/fileicons/text.png'. This request was automatically upgraded to HTTPS, For more information see https://blog.chromium.org/2019/10/no-more-mixed-messages-about-https.html @ https://repository.upi.edu/138674/:0
[  100207ms] [WARNING] Mixed Content: The page at 'https://repository.upi.edu/138674/' was loaded over HTTPS, but requested an insecure element 'http://repository.upi.edu/style/images/fileicons/text.png'. This request was automatically upgraded to HTTPS, For more information see https://blog.chromium.org/2019/10/no-more-mixed-messages-about-https.html @ https://repository.upi.edu/138674/:0
[  100213ms] [WARNING] Mixed Content: The page at 'https://repository.upi.edu/138674/' was loaded over HTTPS, but requested an insecure element 'http://repository.upi.edu/style/images/fileicons/text.png'. This request was automatically upgraded to HTTPS, For more information see https://blog.chromium.org/2019/10/no-more-mixed-messages-about-https.html @ https://repository.upi.edu/138674/:313
[  100213ms] ReferenceError: gaq is not defined
    at https://repository.upi.edu/138674/:304:3
[  100213ms] [WARNING] Mixed Content: The page at 'https://repository.upi.edu/138674/' was loaded over HTTPS, but requested an insecure element 'http://repository.upi.edu/style/images/fileicons/text.png'. This request was automatically upgraded to HTTPS, For more information see https://blog.chromium.org/2019/10/no-more-mixed-messages-about-https.html @ https://repository.upi.edu/138674/:354
[  100213ms] ReferenceError: gaq is not defined
    at https://repository.upi.edu/138674/:345:3
[  100213ms] [WARNING] Mixed Content: The page at 'https://repository.upi.edu/138674/' was loaded over HTTPS, but requested an insecure element 'http://repository.upi.edu/style/images/fileicons/text.png'. This request was automatically upgraded to HTTPS, For more information see https://blog.chromium.org/2019/10/no-more-mixed-messages-about-https.html @ https://repository.upi.edu/138674/:395
[  100213ms] ReferenceError: gaq is not defined
    at https://repository.upi.edu/138674/:386:3
[  100213ms] [WARNING] Mixed Content: The page at 'https://repository.upi.edu/138674/' was loaded over HTTPS, but requested an insecure element 'http://repository.upi.edu/style/images/fileicons/text.png'. This request was automatically upgraded to HTTPS, For more information see https://blog.chromium.org/2019/10/no-more-mixed-messages-about-https.html @ https://repository.upi.edu/138674/:436
[  100213ms] ReferenceError: gaq is not defined
    at https://repository.upi.edu/138674/:427:3
[  100213ms] [WARNING] Mixed Content: The page at 'https://repository.upi.edu/138674/' was loaded over HTTPS, but requested an insecure element 'http://repository.upi.edu/style/images/fileicons/text.png'. This request was automatically upgraded to HTTPS, For more information see https://blog.chromium.org/2019/10/no-more-mixed-messages-about-https.html @ https://repository.upi.edu/138674/:477
[  100213ms] ReferenceError: gaq is not defined
    at https://repository.upi.edu/138674/:468:3
[  100213ms] [WARNING] Mixed Content: The page at 'https://repository.upi.edu/138674/' was loaded over HTTPS, but requested an insecure element 'http://repository.upi.edu/style/images/fileicons/text.png'. This request was automatically upgraded to HTTPS, For more information see https://blog.chromium.org/2019/10/no-more-mixed-messages-about-https.html @ https://repository.upi.edu/138674/:518
[  100213ms] ReferenceError: gaq is not defined
    at https://repository.upi.edu/138674/:509:3
[  120649ms] [WARNING] Mixed Content: The page at 'https://repository.upi.edu/138064/' was loaded over HTTPS, but requested an insecure element 'http://repository.upi.edu/style/images/fileicons/text.png'. This request was automatically upgraded to HTTPS, For more information see https://blog.chromium.org/2019/10/no-more-mixed-messages-about-https.html @ https://repository.upi.edu/138064/:0
[  120649ms] [WARNING] Mixed Content: The page at 'https://repository.upi.edu/138064/' was loaded over HTTPS, but requested an insecure element 'http://repository.upi.edu/style/images/fileicons/text.png'. This request was automatically upgraded to HTTPS, For more information see https://blog.chromium.org/2019/10/no-more-mixed-messages-about-https.html @ https://repository.upi.edu/138064/:0
[  120649ms] [WARNING] Mixed Content: The page at 'https://repository.upi.edu/138064/' was loaded over HTTPS, but requested an insecure element 'http://repository.upi.edu/style/images/fileicons/text.png'. This request was automatically upgraded to HTTPS, For more information see https://blog.chromium.org/2019/10/no-more-mixed-messages-about-https.html @ https://repository.upi.edu/138064/:0
[  120649ms] [WARNING] Mixed Content: The page at 'https://repository.upi.edu/138064/' was loaded over HTTPS, but requested an insecure element 'http://repository.upi.edu/style/images/fileicons/text.png'. This request was automatically upgraded to HTTPS, For more information see https://blog.chromium.org/2019/10/no-more-mixed-messages-about-https.html @ https://repository.upi.edu/138064/:0
[  120649ms] [WARNING] Mixed Content: The page at 'https://repository.upi.edu/138064/' was loaded over HTTPS, but requested an insecure element 'http://repository.upi.edu/style/images/fileicons/text.png'. This request was automatically upgraded to HTTPS, For more information see https://blog.chromium.org/2019/10/no-more-mixed-messages-about-https.html @ https://repository.upi.edu/138064/:0
[  120649ms] [WARNING] Mixed Content: The page at 'https://repository.upi.edu/138064/' was loaded over HTTPS, but requested an insecure element 'http://repository.upi.edu/style/images/fileicons/text.png'. This request was automatically upgraded to HTTPS, For more information see https://blog.chromium.org/2019/10/no-more-mixed-messages-about-https.html @ https://repository.upi.edu/138064/:0
[  120649ms] [WARNING] Mixed Content: The page at 'https://repository.upi.edu/138064/' was loaded over HTTPS, but requested an insecure element 'http://repository.upi.edu/style/images/fileicons/text.png'. This request was automatically upgraded to HTTPS, For more information see https://blog.chromium.org/2019/10/no-more-mixed-messages-about-https.html @ https://repository.upi.edu/138064/:0
[  120656ms] [WARNING] Mixed Content: The page at 'https://repository.upi.edu/138064/' was loaded over HTTPS, but requested an insecure element 'http://repository.upi.edu/style/images/fileicons/text.png'. This request was automatically upgraded to HTTPS, For more information see https://blog.chromium.org/2019/10/no-more-mixed-messages-about-https.html @ https://repository.upi.edu/138064/:321
[  120657ms] ReferenceError: gaq is not defined
    at https://repository.upi.edu/138064/:312:3
[  120657ms] [WARNING] Mixed Content: The page at 'https://repository.upi.edu/138064/' was loaded over HTTPS, but requested an insecure element 'http://repository.upi.edu/style/images/fileicons/text.png'. This request was automatically upgraded to HTTPS, For more information see https://blog.chromium.org/2019/10/no-more-mixed-messages-about-https.html @ https://repository.upi.edu/138064/:362
[  120658ms] ReferenceError: gaq is not defined
    at https://repository.upi.edu/138064/:353:3
[  120657ms] [WARNING] Mixed Content: The page at 'https://repository.upi.edu/138064/' was loaded over HTTPS, but requested an insecure element 'http://repository.upi.edu/style/images/fileicons/text.png'. This request was automatically upgraded to HTTPS, For more information see https://blog.chromium.org/2019/10/no-more-mixed-messages-about-https.html @ https://repository.upi.edu/138064/:403
[  120658ms] ReferenceError: gaq is not defined
    at https://repository.upi.edu/138064/:394:3
[  120657ms] [WARNING] Mixed Content: The page at 'https://repository.upi.edu/138064/' was loaded over HTTPS, but requested an insecure element 'http://repository.upi.edu/style/images/fileicons/text.png'. This request was automatically upgraded to HTTPS, For more information see https://blog.chromium.org/2019/10/no-more-mixed-messages-about-https.html @ https://repository.upi.edu/138064/:446
[  120658ms] ReferenceError: gaq is not defined
    at https://repository.upi.edu/138064/:437:3
[  120657ms] [WARNING] Mixed Content: The page at 'https://repository.upi.edu/138064/' was loaded over HTTPS, but requested an insecure element 'http://repository.upi.edu/style/images/fileicons/text.png'. This request was automatically upgraded to HTTPS, For more information see https://blog.chromium.org/2019/10/no-more-mixed-messages-about-https.html @ https://repository.upi.edu/138064/:487
[  120658ms] ReferenceError: gaq is not defined
    at https://repository.upi.edu/138064/:478:3
[  120657ms] [WARNING] Mixed Content: The page at 'https://repository.upi.edu/138064/' was loaded over HTTPS, but requested an insecure element 'http://repository.upi.edu/style/images/fileicons/text.png'. This request was automatically upgraded to HTTPS, For more information see https://blog.chromium.org/2019/10/no-more-mixed-messages-about-https.html @ https://repository.upi.edu/138064/:530
[  120658ms] ReferenceError: gaq is not defined
    at https://repository.upi.edu/138064/:521:3
[  120657ms] [WARNING] Mixed Content: The page at 'https://repository.upi.edu/138064/' was loaded over HTTPS, but requested an insecure element 'http://repository.upi.edu/style/images/fileicons/text.png'. This request was automatically upgraded to HTTPS, For more information see https://blog.chromium.org/2019/10/no-more-mixed-messages-about-https.html @ https://repository.upi.edu/138064/:571
[  120658ms] ReferenceError: gaq is not defined
    at https://repository.upi.edu/138064/:562:3
[  120869ms] [WARNING] Mixed Content: The page at 'https://repository.upi.edu/146699/' was loaded over HTTPS, but requested an insecure element 'http://repository.upi.edu/style/images/fileicons/text.png'. This request was automatically upgraded to HTTPS, For more information see https://blog.chromium.org/2019/10/no-more-mixed-messages-about-https.html @ https://repository.upi.edu/146699/:0
[  120869ms] [WARNING] Mixed Content: The page at 'https://repository.upi.edu/146699/' was loaded over HTTPS, but requested an insecure element 'http://repository.upi.edu/style/images/fileicons/text.png'. This request was automatically upgraded to HTTPS, For more information see https://blog.chromium.org/2019/10/no-more-mixed-messages-about-https.html @ https://repository.upi.edu/146699/:0
[  120869ms] [WARNING] Mixed Content: The page at 'https://repository.upi.edu/146699/' was loaded over HTTPS, but requested an insecure element 'http://repository.upi.edu/style/images/fileicons/text.png'. This request was automatically upgraded to HTTPS, For more information see https://blog.chromium.org/2019/10/no-more-mixed-messages-about-https.html @ https://repository.upi.edu/146699/:0
[  120869ms] [WARNING] Mixed Content: The page at 'https://repository.upi.edu/146699/' was loaded over HTTPS, but requested an insecure element 'http://repository.upi.edu/style/images/fileicons/text.png'. This request was automatically upgraded to HTTPS, For more information see https://blog.chromium.org/2019/10/no-more-mixed-messages-about-https.html @ https://repository.upi.edu/146699/:0
[  120869ms] [WARNING] Mixed Content: The page at 'https://repository.upi.edu/146699/' was loaded over HTTPS, but requested an insecure element 'http://repository.upi.edu/style/images/fileicons/text.png'. This request was automatically upgraded to HTTPS, For more information see https://blog.chromium.org/2019/10/no-more-mixed-messages-about-https.html @ https://repository.upi.edu/146699/:0
[  120869ms] [WARNING] Mixed Content: The page at 'https://repository.upi.edu/146699/' was loaded over HTTPS, but requested an insecure element 'http://repository.upi.edu/style/images/fileicons/text.png'. This request was automatically upgraded to HTTPS, For more information see https://blog.chromium.org/2019/10/no-more-mixed-messages-about-https.html @ https://repository.upi.edu/146699/:0
[  120875ms] [WARNING] Mixed Content: The page at 'https://repository.upi.edu/146699/' was loaded over HTTPS, but requested an insecure element 'http://repository.upi.edu/style/images/fileicons/text.png'. This request was automatically upgraded to HTTPS, For more information see https://blog.chromium.org/2019/10/no-more-mixed-messages-about-https.html @ https://repository.upi.edu/146699/:402
[  120876ms] ReferenceError: gaq is not defined
    at https://repository.upi.edu/146699/:393:3
[  120876ms] [WARNING] Mixed Content: The page at 'https://repository.upi.edu/146699/' was loaded over HTTPS, but requested an insecure element 'http://repository.upi.edu/style/images/fileicons/text.png'. This request was automatically upgraded to HTTPS, For more information see https://blog.chromium.org/2019/10/no-more-mixed-messages-about-https.html @ https://repository.upi.edu/146699/:443
[  120877ms] ReferenceError: gaq is not defined
    at https://repository.upi.edu/146699/:434:3
[  120876ms] [WARNING] Mixed Content: The page at 'https://repository.upi.edu/146699/' was loaded over HTTPS, but requested an insecure element 'http://repository.upi.edu/style/images/fileicons/text.png'. This request was automatically upgraded to HTTPS, For more information see https://blog.chromium.org/2019/10/no-more-mixed-messages-about-https.html @ https://repository.upi.edu/146699/:484
[  120877ms] ReferenceError: gaq is not defined
    at https://repository.upi.edu/146699/:475:3
[  120876ms] [WARNING] Mixed Content: The page at 'https://repository.upi.edu/146699/' was loaded over HTTPS, but requested an insecure element 'http://repository.upi.edu/style/images/fileicons/text.png'. This request was automatically upgraded to HTTPS, For more information see https://blog.chromium.org/2019/10/no-more-mixed-messages-about-https.html @ https://repository.upi.edu/146699/:525
[  120877ms] ReferenceError: gaq is not defined
    at https://repository.upi.edu/146699/:516:3
[  120876ms] [WARNING] Mixed Content: The page at 'https://repository.upi.edu/146699/' was loaded over HTTPS, but requested an insecure element 'http://repository.upi.edu/style/images/fileicons/text.png'. This request was automatically upgraded to HTTPS, For more information see https://blog.chromium.org/2019/10/no-more-mixed-messages-about-https.html @ https://repository.upi.edu/146699/:566
[  120877ms] ReferenceError: gaq is not defined
    at https://repository.upi.edu/146699/:557:3
[  120876ms] [WARNING] Mixed Content: The page at 'https://repository.upi.edu/146699/' was loaded over HTTPS, but requested an insecure element 'http://repository.upi.edu/style/images/fileicons/text.png'. This request was automatically upgraded to HTTPS, For more information see https://blog.chromium.org/2019/10/no-more-mixed-messages-about-https.html @ https://repository.upi.edu/146699/:607
[  120877ms] ReferenceError: gaq is not defined
    at https://repository.upi.edu/146699/:598:3
[  121295ms] [WARNING] Mixed Content: The page at 'https://repository.upi.edu/134503/' was loaded over HTTPS, but requested an insecure element 'http://repository.upi.edu/style/images/fileicons/text.png'. This request was automatically upgraded to HTTPS, For more information see https://blog.chromium.org/2019/10/no-more-mixed-messages-about-https.html @ https://repository.upi.edu/134503/:0
[  121295ms] [WARNING] Mixed Content: The page at 'https://repository.upi.edu/134503/' was loaded over HTTPS, but requested an insecure element 'http://repository.upi.edu/style/images/fileicons/text.png'. This request was automatically upgraded to HTTPS, For more information see https://blog.chromium.org/2019/10/no-more-mixed-messages-about-https.html @ https://repository.upi.edu/134503/:0
[  121296ms] [WARNING] Mixed Content: The page at 'https://repository.upi.edu/134503/' was loaded over HTTPS, but requested an insecure element 'http://repository.upi.edu/style/images/fileicons/text.png'. This request was automatically upgraded to HTTPS, For more information see https://blog.chromium.org/2019/10/no-more-mixed-messages-about-https.html @ https://repository.upi.edu/134503/:0
[  121296ms] [WARNING] Mixed Content: The page at 'https://repository.upi.edu/134503/' was loaded over HTTPS, but requested an insecure element 'http://repository.upi.edu/style/images/fileicons/text.png'. This request was automatically upgraded to HTTPS, For more information see https://blog.chromium.org/2019/10/no-more-mixed-messages-about-https.html @ https://repository.upi.edu/134503/:0
[  121296ms] [WARNING] Mixed Content: The page at 'https://repository.upi.edu/134503/' was loaded over HTTPS, but requested an insecure element 'http://repository.upi.edu/style/images/fileicons/text.png'. This request was automatically upgraded to HTTPS, For more information see https://blog.chromium.org/2019/10/no-more-mixed-messages-about-https.html @ https://repository.upi.edu/134503/:0
[  121296ms] [WARNING] Mixed Content: The page at 'https://repository.upi.edu/134503/' was loaded over HTTPS, but requested an insecure element 'http://repository.upi.edu/style/images/fileicons/text.png'. This request was automatically upgraded to HTTPS, For more information see https://blog.chromium.org/2019/10/no-more-mixed-messages-about-https.html @ https://repository.upi.edu/134503/:0
[  121296ms] [WARNING] Mixed Content: The page at 'https://repository.upi.edu/134503/' was loaded over HTTPS, but requested an insecure element 'http://repository.upi.edu/style/images/fileicons/text.png'. This request was automatically upgraded to HTTPS, For more information see https://blog.chromium.org/2019/10/no-more-mixed-messages-about-https.html @ https://repository.upi.edu/134503/:0
[  121302ms] [WARNING] Mixed Content: The page at 'https://repository.upi.edu/134503/' was loaded over HTTPS, but requested an insecure element 'http://repository.upi.edu/style/images/fileicons/text.png'. This request was automatically upgraded to HTTPS, For more information see https://blog.chromium.org/2019/10/no-more-mixed-messages-about-https.html @ https://repository.upi.edu/134503/:394
[  121302ms] ReferenceError: gaq is not defined
    at https://repository.upi.edu/134503/:385:3
[  121302ms] [WARNING] Mixed Content: The page at 'https://repository.upi.edu/134503/' was loaded over HTTPS, but requested an insecure element 'http://repository.upi.edu/style/images/fileicons/text.png'. This request was automatically upgraded to HTTPS, For more information see https://blog.chromium.org/2019/10/no-more-mixed-messages-about-https.html @ https://repository.upi.edu/134503/:435
[  121302ms] ReferenceError: gaq is not defined
    at https://repository.upi.edu/134503/:426:3
[  121302ms] [WARNING] Mixed Content: The page at 'https://repository.upi.edu/134503/' was loaded over HTTPS, but requested an insecure element 'http://repository.upi.edu/style/images/fileicons/text.png'. This request was automatically upgraded to HTTPS, For more information see https://blog.chromium.org/2019/10/no-more-mixed-messages-about-https.html @ https://repository.upi.edu/134503/:476
[  121302ms] ReferenceError: gaq is not defined
    at https://repository.upi.edu/134503/:467:3
[  121302ms] [WARNING] Mixed Content: The page at 'https://repository.upi.edu/134503/' was loaded over HTTPS, but requested an insecure element 'http://repository.upi.edu/style/images/fileicons/text.png'. This request was automatically upgraded to HTTPS, For more information see https://blog.chromium.org/2019/10/no-more-mixed-messages-about-https.html @ https://repository.upi.edu/134503/:517
[  121302ms] ReferenceError: gaq is not defined
    at https://repository.upi.edu/134503/:508:3
[  121302ms] [WARNING] Mixed Content: The page at 'https://repository.upi.edu/134503/' was loaded over HTTPS, but requested an insecure element 'http://repository.upi.edu/style/images/fileicons/text.png'. This request was automatically upgraded to HTTPS, For more information see https://blog.chromium.org/2019/10/no-more-mixed-messages-about-https.html @ https://repository.upi.edu/134503/:558
[  121302ms] ReferenceError: gaq is not defined
    at https://repository.upi.edu/134503/:549:3
[  121302ms] [WARNING] Mixed Content: The page at 'https://repository.upi.edu/134503/' was loaded over HTTPS, but requested an insecure element 'http://repository.upi.edu/style/images/fileicons/text.png'. This request was automatically upgraded to HTTPS, For more information see https://blog.chromium.org/2019/10/no-more-mixed-messages-about-https.html @ https://repository.upi.edu/134503/:599
[  121303ms] ReferenceError: gaq is not defined
    at https://repository.upi.edu/134503/:590:3
[  121302ms] [WARNING] Mixed Content: The page at 'https://repository.upi.edu/134503/' was loaded over HTTPS, but requested an insecure element 'http://repository.upi.edu/style/images/fileicons/text.png'. This request was automatically upgraded to HTTPS, For more information see https://blog.chromium.org/2019/10/no-more-mixed-messages-about-https.html @ https://repository.upi.edu/134503/:640
[  121303ms] ReferenceError: gaq is not defined
    at https://repository.upi.edu/134503/:631:3
[  121490ms] [WARNING] Mixed Content: The page at 'https://repository.upi.edu/140844/' was loaded over HTTPS, but requested an insecure element 'http://repository.upi.edu/style/images/fileicons/text.png'. This request was automatically upgraded to HTTPS, For more information see https://blog.chromium.org/2019/10/no-more-mixed-messages-about-https.html @ https://repository.upi.edu/140844/:0
[  121490ms] [WARNING] Mixed Content: The page at 'https://repository.upi.edu/140844/' was loaded over HTTPS, but requested an insecure element 'http://repository.upi.edu/style/images/fileicons/text.png'. This request was automatically upgraded to HTTPS, For more information see https://blog.chromium.org/2019/10/no-more-mixed-messages-about-https.html @ https://repository.upi.edu/140844/:0
[  121490ms] [WARNING] Mixed Content: The page at 'https://repository.upi.edu/140844/' was loaded over HTTPS, but requested an insecure element 'http://repository.upi.edu/style/images/fileicons/text.png'. This request was automatically upgraded to HTTPS, For more information see https://blog.chromium.org/2019/10/no-more-mixed-messages-about-https.html @ https://repository.upi.edu/140844/:0
[  121490ms] [WARNING] Mixed Content: The page at 'https://repository.upi.edu/140844/' was loaded over HTTPS, but requested an insecure element 'http://repository.upi.edu/style/images/fileicons/text.png'. This request was automatically upgraded to HTTPS, For more information see https://blog.chromium.org/2019/10/no-more-mixed-messages-about-https.html @ https://repository.upi.edu/140844/:0
[  121490ms] [WARNING] Mixed Content: The page at 'https://repository.upi.edu/140844/' was loaded over HTTPS, but requested an insecure element 'http://repository.upi.edu/style/images/fileicons/text.png'. This request was automatically upgraded to HTTPS, For more information see https://blog.chromium.org/2019/10/no-more-mixed-messages-about-https.html @ https://repository.upi.edu/140844/:0
[  121490ms] [WARNING] Mixed Content: The page at 'https://repository.upi.edu/140844/' was loaded over HTTPS, but requested an insecure element 'http://repository.upi.edu/style/images/fileicons/text.png'. This request was automatically upgraded to HTTPS, For more information see https://blog.chromium.org/2019/10/no-more-mixed-messages-about-https.html @ https://repository.upi.edu/140844/:0
[  121496ms] [WARNING] Mixed Content: The page at 'https://repository.upi.edu/140844/' was loaded over HTTPS, but requested an insecure element 'http://repository.upi.edu/style/images/fileicons/text.png'. This request was automatically upgraded to HTTPS, For more information see https://blog.chromium.org/2019/10/no-more-mixed-messages-about-https.html @ https://repository.upi.edu/140844/:315
[  121497ms] ReferenceError: gaq is not defined
    at https://repository.upi.edu/140844/:306:3
[  121496ms] [WARNING] Mixed Content: The page at 'https://repository.upi.edu/140844/' was loaded over HTTPS, but requested an insecure element 'http://repository.upi.edu/style/images/fileicons/text.png'. This request was automatically upgraded to HTTPS, For more information see https://blog.chromium.org/2019/10/no-more-mixed-messages-about-https.html @ https://repository.upi.edu/140844/:356
[  121498ms] ReferenceError: gaq is not defined
    at https://repository.upi.edu/140844/:347:3
[  121496ms] [WARNING] Mixed Content: The page at 'https://repository.upi.edu/140844/' was loaded over HTTPS, but requested an insecure element 'http://repository.upi.edu/style/images/fileicons/text.png'. This request was automatically upgraded to HTTPS, For more information see https://blog.chromium.org/2019/10/no-more-mixed-messages-about-https.html @ https://repository.upi.edu/140844/:397
[  121498ms] ReferenceError: gaq is not defined
    at https://repository.upi.edu/140844/:388:3
[  121496ms] [WARNING] Mixed Content: The page at 'https://repository.upi.edu/140844/' was loaded over HTTPS, but requested an insecure element 'http://repository.upi.edu/style/images/fileicons/text.png'. This request was automatically upgraded to HTTPS, For more information see https://blog.chromium.org/2019/10/no-more-mixed-messages-about-https.html @ https://repository.upi.edu/140844/:440
[  121498ms] ReferenceError: gaq is not defined
    at https://repository.upi.edu/140844/:431:3
[  121497ms] [WARNING] Mixed Content: The page at 'https://repository.upi.edu/140844/' was loaded over HTTPS, but requested an insecure element 'http://repository.upi.edu/style/images/fileicons/text.png'. This request was automatically upgraded to HTTPS, For more information see https://blog.chromium.org/2019/10/no-more-mixed-messages-about-https.html @ https://repository.upi.edu/140844/:481
[  121498ms] ReferenceError: gaq is not defined
    at https://repository.upi.edu/140844/:472:3
[  121497ms] [WARNING] Mixed Content: The page at 'https://repository.upi.edu/140844/' was loaded over HTTPS, but requested an insecure element 'http://repository.upi.edu/style/images/fileicons/text.png'. This request was automatically upgraded to HTTPS, For more information see https://blog.chromium.org/2019/10/no-more-mixed-messages-about-https.html @ https://repository.upi.edu/140844/:524
[  121498ms] ReferenceError: gaq is not defined
    at https://repository.upi.edu/140844/:515:3
[  121898ms] [WARNING] Mixed Content: The page at 'https://repository.upi.edu/138674/' was loaded over HTTPS, but requested an insecure element 'http://repository.upi.edu/style/images/fileicons/text.png'. This request was automatically upgraded to HTTPS, For more information see https://blog.chromium.org/2019/10/no-more-mixed-messages-about-https.html @ https://repository.upi.edu/138674/:0
[  121898ms] [WARNING] Mixed Content: The page at 'https://repository.upi.edu/138674/' was loaded over HTTPS, but requested an insecure element 'http://repository.upi.edu/style/images/fileicons/text.png'. This request was automatically upgraded to HTTPS, For more information see https://blog.chromium.org/2019/10/no-more-mixed-messages-about-https.html @ https://repository.upi.edu/138674/:0
[  121899ms] [WARNING] Mixed Content: The page at 'https://repository.upi.edu/138674/' was loaded over HTTPS, but requested an insecure element 'http://repository.upi.edu/style/images/fileicons/text.png'. This request was automatically upgraded to HTTPS, For more information see https://blog.chromium.org/2019/10/no-more-mixed-messages-about-https.html @ https://repository.upi.edu/138674/:0
[  121899ms] [WARNING] Mixed Content: The page at 'https://repository.upi.edu/138674/' was loaded over HTTPS, but requested an insecure element 'http://repository.upi.edu/style/images/fileicons/text.png'. This request was automatically upgraded to HTTPS, For more information see https://blog.chromium.org/2019/10/no-more-mixed-messages-about-https.html @ https://repository.upi.edu/138674/:0
[  121899ms] [WARNING] Mixed Content: The page at 'https://repository.upi.edu/138674/' was loaded over HTTPS, but requested an insecure element 'http://repository.upi.edu/style/images/fileicons/text.png'. This request was automatically upgraded to HTTPS, For more information see https://blog.chromium.org/2019/10/no-more-mixed-messages-about-https.html @ https://repository.upi.edu/138674/:0
[  121899ms] [WARNING] Mixed Content: The page at 'https://repository.upi.edu/138674/' was loaded over HTTPS, but requested an insecure element 'http://repository.upi.edu/style/images/fileicons/text.png'. This request was automatically upgraded to HTTPS, For more information see https://blog.chromium.org/2019/10/no-more-mixed-messages-about-https.html @ https://repository.upi.edu/138674/:0
[  121905ms] [WARNING] Mixed Content: The page at 'https://repository.upi.edu/138674/' was loaded over HTTPS, but requested an insecure element 'http://repository.upi.edu/style/images/fileicons/text.png'. This request was automatically upgraded to HTTPS, For more information see https://blog.chromium.org/2019/10/no-more-mixed-messages-about-https.html @ https://repository.upi.edu/138674/:313
[  121908ms] ReferenceError: gaq is not defined
    at https://repository.upi.edu/138674/:304:3
[  121905ms] [WARNING] Mixed Content: The page at 'https://repository.upi.edu/138674/' was loaded over HTTPS, but requested an insecure element 'http://repository.upi.edu/style/images/fileicons/text.png'. This request was automatically upgraded to HTTPS, For more information see https://blog.chromium.org/2019/10/no-more-mixed-messages-about-https.html @ https://repository.upi.edu/138674/:354
[  121908ms] ReferenceError: gaq is not defined
    at https://repository.upi.edu/138674/:345:3
[  121905ms] [WARNING] Mixed Content: The page at 'https://repository.upi.edu/138674/' was loaded over HTTPS, but requested an insecure element 'http://repository.upi.edu/style/images/fileicons/text.png'. This request was automatically upgraded to HTTPS, For more information see https://blog.chromium.org/2019/10/no-more-mixed-messages-about-https.html @ https://repository.upi.edu/138674/:395
[  121908ms] ReferenceError: gaq is not defined
    at https://repository.upi.edu/138674/:386:3
[  121905ms] [WARNING] Mixed Content: The page at 'https://repository.upi.edu/138674/' was loaded over HTTPS, but requested an insecure element 'http://repository.upi.edu/style/images/fileicons/text.png'. This request was automatically upgraded to HTTPS, For more information see https://blog.chromium.org/2019/10/no-more-mixed-messages-about-https.html @ https://repository.upi.edu/138674/:436
[  121908ms] ReferenceError: gaq is not defined
    at https://repository.upi.edu/138674/:427:3
[  121906ms] [WARNING] Mixed Content: The page at 'https://repository.upi.edu/138674/' was loaded over HTTPS, but requested an insecure element 'http://repository.upi.edu/style/images/fileicons/text.png'. This request was automatically upgraded to HTTPS, For more information see https://blog.chromium.org/2019/10/no-more-mixed-messages-about-https.html @ https://repository.upi.edu/138674/:477
[  121908ms] ReferenceError: gaq is not defined
    at https://repository.upi.edu/138674/:468:3
[  121906ms] [WARNING] Mixed Content: The page at 'https://repository.upi.edu/138674/' was loaded over HTTPS, but requested an insecure element 'http://repository.upi.edu/style/images/fileicons/text.png'. This request was automatically upgraded to HTTPS, For more information see https://blog.chromium.org/2019/10/no-more-mixed-messages-about-https.html @ https://repository.upi.edu/138674/:518
[  121908ms] ReferenceError: gaq is not defined
    at https://repository.upi.edu/138674/:509:3
[  138435ms] [WARNING] Mixed Content: The page at 'https://repository.upi.edu/138064/' was loaded over HTTPS, but requested an insecure element 'http://repository.upi.edu/style/images/fileicons/text.png'. This request was automatically upgraded to HTTPS, For more information see https://blog.chromium.org/2019/10/no-more-mixed-messages-about-https.html @ https://repository.upi.edu/138064/:0
[  138435ms] [WARNING] Mixed Content: The page at 'https://repository.upi.edu/138064/' was loaded over HTTPS, but requested an insecure element 'http://repository.upi.edu/style/images/fileicons/text.png'. This request was automatically upgraded to HTTPS, For more information see https://blog.chromium.org/2019/10/no-more-mixed-messages-about-https.html @ https://repository.upi.edu/138064/:0
[  138435ms] [WARNING] Mixed Content: The page at 'https://repository.upi.edu/138064/' was loaded over HTTPS, but requested an insecure element 'http://repository.upi.edu/style/images/fileicons/text.png'. This request was automatically upgraded to HTTPS, For more information see https://blog.chromium.org/2019/10/no-more-mixed-messages-about-https.html @ https://repository.upi.edu/138064/:0
[  138435ms] [WARNING] Mixed Content: The page at 'https://repository.upi.edu/138064/' was loaded over HTTPS, but requested an insecure element 'http://repository.upi.edu/style/images/fileicons/text.png'. This request was automatically upgraded to HTTPS, For more information see https://blog.chromium.org/2019/10/no-more-mixed-messages-about-https.html @ https://repository.upi.edu/138064/:0
[  138435ms] [WARNING] Mixed Content: The page at 'https://repository.upi.edu/138064/' was loaded over HTTPS, but requested an insecure element 'http://repository.upi.edu/style/images/fileicons/text.png'. This request was automatically upgraded to HTTPS, For more information see https://blog.chromium.org/2019/10/no-more-mixed-messages-about-https.html @ https://repository.upi.edu/138064/:0
[  138435ms] [WARNING] Mixed Content: The page at 'https://repository.upi.edu/138064/' was loaded over HTTPS, but requested an insecure element 'http://repository.upi.edu/style/images/fileicons/text.png'. This request was automatically upgraded to HTTPS, For more information see https://blog.chromium.org/2019/10/no-more-mixed-messages-about-https.html @ https://repository.upi.edu/138064/:0
[  138435ms] [WARNING] Mixed Content: The page at 'https://repository.upi.edu/138064/' was loaded over HTTPS, but requested an insecure element 'http://repository.upi.edu/style/images/fileicons/text.png'. This request was automatically upgraded to HTTPS, For more information see https://blog.chromium.org/2019/10/no-more-mixed-messages-about-https.html @ https://repository.upi.edu/138064/:0
[  138441ms] [WARNING] Mixed Content: The page at 'https://repository.upi.edu/138064/' was loaded over HTTPS, but requested an insecure element 'http://repository.upi.edu/style/images/fileicons/text.png'. This request was automatically upgraded to HTTPS, For more information see https://blog.chromium.org/2019/10/no-more-mixed-messages-about-https.html @ https://repository.upi.edu/138064/:321
[  138441ms] ReferenceError: gaq is not defined
    at https://repository.upi.edu/138064/:312:3
[  138441ms] [WARNING] Mixed Content: The page at 'https://repository.upi.edu/138064/' was loaded over HTTPS, but requested an insecure element 'http://repository.upi.edu/style/images/fileicons/text.png'. This request was automatically upgraded to HTTPS, For more information see https://blog.chromium.org/2019/10/no-more-mixed-messages-about-https.html @ https://repository.upi.edu/138064/:362
[  138441ms] ReferenceError: gaq is not defined
    at https://repository.upi.edu/138064/:353:3
[  138441ms] [WARNING] Mixed Content: The page at 'https://repository.upi.edu/138064/' was loaded over HTTPS, but requested an insecure element 'http://repository.upi.edu/style/images/fileicons/text.png'. This request was automatically upgraded to HTTPS, For more information see https://blog.chromium.org/2019/10/no-more-mixed-messages-about-https.html @ https://repository.upi.edu/138064/:403
[  138441ms] ReferenceError: gaq is not defined
    at https://repository.upi.edu/138064/:394:3
[  138441ms] [WARNING] Mixed Content: The page at 'https://repository.upi.edu/138064/' was loaded over HTTPS, but requested an insecure element 'http://repository.upi.edu/style/images/fileicons/text.png'. This request was automatically upgraded to HTTPS, For more information see https://blog.chromium.org/2019/10/no-more-mixed-messages-about-https.html @ https://repository.upi.edu/138064/:446
[  138441ms] ReferenceError: gaq is not defined
    at https://repository.upi.edu/138064/:437:3
[  138441ms] [WARNING] Mixed Content: The page at 'https://repository.upi.edu/138064/' was loaded over HTTPS, but requested an insecure element 'http://repository.upi.edu/style/images/fileicons/text.png'. This request was automatically upgraded to HTTPS, For more information see https://blog.chromium.org/2019/10/no-more-mixed-messages-about-https.html @ https://repository.upi.edu/138064/:487
[  138441ms] ReferenceError: gaq is not defined
    at https://repository.upi.edu/138064/:478:3
[  138441ms] [WARNING] Mixed Content: The page at 'https://repository.upi.edu/138064/' was loaded over HTTPS, but requested an insecure element 'http://repository.upi.edu/style/images/fileicons/text.png'. This request was automatically upgraded to HTTPS, For more information see https://blog.chromium.org/2019/10/no-more-mixed-messages-about-https.html @ https://repository.upi.edu/138064/:530
[  138441ms] ReferenceError: gaq is not defined
    at https://repository.upi.edu/138064/:521:3
[  138441ms] [WARNING] Mixed Content: The page at 'https://repository.upi.edu/138064/' was loaded over HTTPS, but requested an insecure element 'http://repository.upi.edu/style/images/fileicons/text.png'. This request was automatically upgraded to HTTPS, For more information see https://blog.chromium.org/2019/10/no-more-mixed-messages-about-https.html @ https://repository.upi.edu/138064/:571
[  138441ms] ReferenceError: gaq is not defined
    at https://repository.upi.edu/138064/:562:3
[  138655ms] [WARNING] Mixed Content: The page at 'https://repository.upi.edu/146699/' was loaded over HTTPS, but requested an insecure element 'http://repository.upi.edu/style/images/fileicons/text.png'. This request was automatically upgraded to HTTPS, For more information see https://blog.chromium.org/2019/10/no-more-mixed-messages-about-https.html @ https://repository.upi.edu/146699/:0
[  138655ms] [WARNING] Mixed Content: The page at 'https://repository.upi.edu/146699/' was loaded over HTTPS, but requested an insecure element 'http://repository.upi.edu/style/images/fileicons/text.png'. This request was automatically upgraded to HTTPS, For more information see https://blog.chromium.org/2019/10/no-more-mixed-messages-about-https.html @ https://repository.upi.edu/146699/:0
[  138655ms] [WARNING] Mixed Content: The page at 'https://repository.upi.edu/146699/' was loaded over HTTPS, but requested an insecure element 'http://repository.upi.edu/style/images/fileicons/text.png'. This request was automatically upgraded to HTTPS, For more information see https://blog.chromium.org/2019/10/no-more-mixed-messages-about-https.html @ https://repository.upi.edu/146699/:0
[  138655ms] [WARNING] Mixed Content: The page at 'https://repository.upi.edu/146699/' was loaded over HTTPS, but requested an insecure element 'http://repository.upi.edu/style/images/fileicons/text.png'. This request was automatically upgraded to HTTPS, For more information see https://blog.chromium.org/2019/10/no-more-mixed-messages-about-https.html @ https://repository.upi.edu/146699/:0
[  138655ms] [WARNING] Mixed Content: The page at 'https://repository.upi.edu/146699/' was loaded over HTTPS, but requested an insecure element 'http://repository.upi.edu/style/images/fileicons/text.png'. This request was automatically upgraded to HTTPS, For more information see https://blog.chromium.org/2019/10/no-more-mixed-messages-about-https.html @ https://repository.upi.edu/146699/:0
[  138655ms] [WARNING] Mixed Content: The page at 'https://repository.upi.edu/146699/' was loaded over HTTPS, but requested an insecure element 'http://repository.upi.edu/style/images/fileicons/text.png'. This request was automatically upgraded to HTTPS, For more information see https://blog.chromium.org/2019/10/no-more-mixed-messages-about-https.html @ https://repository.upi.edu/146699/:0
[  138661ms] [WARNING] Mixed Content: The page at 'https://repository.upi.edu/146699/' was loaded over HTTPS, but requested an insecure element 'http://repository.upi.edu/style/images/fileicons/text.png'. This request was automatically upgraded to HTTPS, For more information see https://blog.chromium.org/2019/10/no-more-mixed-messages-about-https.html @ https://repository.upi.edu/146699/:402
[  138663ms] ReferenceError: gaq is not defined
    at https://repository.upi.edu/146699/:393:3
[  138661ms] [WARNING] Mixed Content: The page at 'https://repository.upi.edu/146699/' was loaded over HTTPS, but requested an insecure element 'http://repository.upi.edu/style/images/fileicons/text.png'. This request was automatically upgraded to HTTPS, For more information see https://blog.chromium.org/2019/10/no-more-mixed-messages-about-https.html @ https://repository.upi.edu/146699/:443
[  138663ms] ReferenceError: gaq is not defined
    at https://repository.upi.edu/146699/:434:3
[  138661ms] [WARNING] Mixed Content: The page at 'https://repository.upi.edu/146699/' was loaded over HTTPS, but requested an insecure element 'http://repository.upi.edu/style/images/fileicons/text.png'. This request was automatically upgraded to HTTPS, For more information see https://blog.chromium.org/2019/10/no-more-mixed-messages-about-https.html @ https://repository.upi.edu/146699/:484
[  138663ms] ReferenceError: gaq is not defined
    at https://repository.upi.edu/146699/:475:3
[  138661ms] [WARNING] Mixed Content: The page at 'https://repository.upi.edu/146699/' was loaded over HTTPS, but requested an insecure element 'http://repository.upi.edu/style/images/fileicons/text.png'. This request was automatically upgraded to HTTPS, For more information see https://blog.chromium.org/2019/10/no-more-mixed-messages-about-https.html @ https://repository.upi.edu/146699/:525
[  138663ms] ReferenceError: gaq is not defined
    at https://repository.upi.edu/146699/:516:3
[  138661ms] [WARNING] Mixed Content: The page at 'https://repository.upi.edu/146699/' was loaded over HTTPS, but requested an insecure element 'http://repository.upi.edu/style/images/fileicons/text.png'. This request was automatically upgraded to HTTPS, For more information see https://blog.chromium.org/2019/10/no-more-mixed-messages-about-https.html @ https://repository.upi.edu/146699/:566
[  138663ms] ReferenceError: gaq is not defined
    at https://repository.upi.edu/146699/:557:3
[  138661ms] [WARNING] Mixed Content: The page at 'https://repository.upi.edu/146699/' was loaded over HTTPS, but requested an insecure element 'http://repository.upi.edu/style/images/fileicons/text.png'. This request was automatically upgraded to HTTPS, For more information see https://blog.chromium.org/2019/10/no-more-mixed-messages-about-https.html @ https://repository.upi.edu/146699/:607
[  138663ms] ReferenceError: gaq is not defined
    at https://repository.upi.edu/146699/:598:3
[  138976ms] [WARNING] Mixed Content: The page at 'https://repository.upi.edu/134503/' was loaded over HTTPS, but requested an insecure element 'http://repository.upi.edu/style/images/fileicons/text.png'. This request was automatically upgraded to HTTPS, For more information see https://blog.chromium.org/2019/10/no-more-mixed-messages-about-https.html @ https://repository.upi.edu/134503/:0
[  138976ms] [WARNING] Mixed Content: The page at 'https://repository.upi.edu/134503/' was loaded over HTTPS, but requested an insecure element 'http://repository.upi.edu/style/images/fileicons/text.png'. This request was automatically upgraded to HTTPS, For more information see https://blog.chromium.org/2019/10/no-more-mixed-messages-about-https.html @ https://repository.upi.edu/134503/:0
[  138976ms] [WARNING] Mixed Content: The page at 'https://repository.upi.edu/134503/' was loaded over HTTPS, but requested an insecure element 'http://repository.upi.edu/style/images/fileicons/text.png'. This request was automatically upgraded to HTTPS, For more information see https://blog.chromium.org/2019/10/no-more-mixed-messages-about-https.html @ https://repository.upi.edu/134503/:0
[  138976ms] [WARNING] Mixed Content: The page at 'https://repository.upi.edu/134503/' was loaded over HTTPS, but requested an insecure element 'http://repository.upi.edu/style/images/fileicons/text.png'. This request was automatically upgraded to HTTPS, For more information see https://blog.chromium.org/2019/10/no-more-mixed-messages-about-https.html @ https://repository.upi.edu/134503/:0
[  138977ms] [WARNING] Mixed Content: The page at 'https://repository.upi.edu/134503/' was loaded over HTTPS, but requested an insecure element 'http://repository.upi.edu/style/images/fileicons/text.png'. This request was automatically upgraded to HTTPS, For more information see https://blog.chromium.org/2019/10/no-more-mixed-messages-about-https.html @ https://repository.upi.edu/134503/:0
[  138977ms] [WARNING] Mixed Content: The page at 'https://repository.upi.edu/134503/' was loaded over HTTPS, but requested an insecure element 'http://repository.upi.edu/style/images/fileicons/text.png'. This request was automatically upgraded to HTTPS, For more information see https://blog.chromium.org/2019/10/no-more-mixed-messages-about-https.html @ https://repository.upi.edu/134503/:0
[  138977ms] [WARNING] Mixed Content: The page at 'https://repository.upi.edu/134503/' was loaded over HTTPS, but requested an insecure element 'http://repository.upi.edu/style/images/fileicons/text.png'. This request was automatically upgraded to HTTPS, For more information see https://blog.chromium.org/2019/10/no-more-mixed-messages-about-https.html @ https://repository.upi.edu/134503/:0
[  138983ms] [WARNING] Mixed Content: The page at 'https://repository.upi.edu/134503/' was loaded over HTTPS, but requested an insecure element 'http://repository.upi.edu/style/images/fileicons/text.png'. This request was automatically upgraded to HTTPS, For more information see https://blog.chromium.org/2019/10/no-more-mixed-messages-about-https.html @ https://repository.upi.edu/134503/:394
[  138986ms] ReferenceError: gaq is not defined
    at https://repository.upi.edu/134503/:385:3
[  138983ms] [WARNING] Mixed Content: The page at 'https://repository.upi.edu/134503/' was loaded over HTTPS, but requested an insecure element 'http://repository.upi.edu/style/images/fileicons/text.png'. This request was automatically upgraded to HTTPS, For more information see https://blog.chromium.org/2019/10/no-more-mixed-messages-about-https.html @ https://repository.upi.edu/134503/:435
[  138986ms] ReferenceError: gaq is not defined
    at https://repository.upi.edu/134503/:426:3
[  138983ms] [WARNING] Mixed Content: The page at 'https://repository.upi.edu/134503/' was loaded over HTTPS, but requested an insecure element 'http://repository.upi.edu/style/images/fileicons/text.png'. This request was automatically upgraded to HTTPS, For more information see https://blog.chromium.org/2019/10/no-more-mixed-messages-about-https.html @ https://repository.upi.edu/134503/:476
[  138986ms] ReferenceError: gaq is not defined
    at https://repository.upi.edu/134503/:467:3
[  138984ms] [WARNING] Mixed Content: The page at 'https://repository.upi.edu/134503/' was loaded over HTTPS, but requested an insecure element 'http://repository.upi.edu/style/images/fileicons/text.png'. This request was automatically upgraded to HTTPS, For more information see https://blog.chromium.org/2019/10/no-more-mixed-messages-about-https.html @ https://repository.upi.edu/134503/:517
[  138986ms] ReferenceError: gaq is not defined
    at https://repository.upi.edu/134503/:508:3
[  138984ms] [WARNING] Mixed Content: The page at 'https://repository.upi.edu/134503/' was loaded over HTTPS, but requested an insecure element 'http://repository.upi.edu/style/images/fileicons/text.png'. This request was automatically upgraded to HTTPS, For more information see https://blog.chromium.org/2019/10/no-more-mixed-messages-about-https.html @ https://repository.upi.edu/134503/:558
[  138986ms] ReferenceError: gaq is not defined
    at https://repository.upi.edu/134503/:549:3
[  138984ms] [WARNING] Mixed Content: The page at 'https://repository.upi.edu/134503/' was loaded over HTTPS, but requested an insecure element 'http://repository.upi.edu/style/images/fileicons/text.png'. This request was automatically upgraded to HTTPS, For more information see https://blog.chromium.org/2019/10/no-more-mixed-messages-about-https.html @ https://repository.upi.edu/134503/:599
[  138986ms] ReferenceError: gaq is not defined
    at https://repository.upi.edu/134503/:590:3
[  138984ms] [WARNING] Mixed Content: The page at 'https://repository.upi.edu/134503/' was loaded over HTTPS, but requested an insecure element 'http://repository.upi.edu/style/images/fileicons/text.png'. This request was automatically upgraded to HTTPS, For more information see https://blog.chromium.org/2019/10/no-more-mixed-messages-about-https.html @ https://repository.upi.edu/134503/:640
[  138986ms] ReferenceError: gaq is not defined
    at https://repository.upi.edu/134503/:631:3
[  139168ms] [WARNING] Mixed Content: The page at 'https://repository.upi.edu/140844/' was loaded over HTTPS, but requested an insecure element 'http://repository.upi.edu/style/images/fileicons/text.png'. This request was automatically upgraded to HTTPS, For more information see https://blog.chromium.org/2019/10/no-more-mixed-messages-about-https.html @ https://repository.upi.edu/140844/:0
[  139168ms] [WARNING] Mixed Content: The page at 'https://repository.upi.edu/140844/' was loaded over HTTPS, but requested an insecure element 'http://repository.upi.edu/style/images/fileicons/text.png'. This request was automatically upgraded to HTTPS, For more information see https://blog.chromium.org/2019/10/no-more-mixed-messages-about-https.html @ https://repository.upi.edu/140844/:0
[  139168ms] [WARNING] Mixed Content: The page at 'https://repository.upi.edu/140844/' was loaded over HTTPS, but requested an insecure element 'http://repository.upi.edu/style/images/fileicons/text.png'. This request was automatically upgraded to HTTPS, For more information see https://blog.chromium.org/2019/10/no-more-mixed-messages-about-https.html @ https://repository.upi.edu/140844/:0
[  139168ms] [WARNING] Mixed Content: The page at 'https://repository.upi.edu/140844/' was loaded over HTTPS, but requested an insecure element 'http://repository.upi.edu/style/images/fileicons/text.png'. This request was automatically upgraded to HTTPS, For more information see https://blog.chromium.org/2019/10/no-more-mixed-messages-about-https.html @ https://repository.upi.edu/140844/:0
[  139168ms] [WARNING] Mixed Content: The page at 'https://repository.upi.edu/140844/' was loaded over HTTPS, but requested an insecure element 'http://repository.upi.edu/style/images/fileicons/text.png'. This request was automatically upgraded to HTTPS, For more information see https://blog.chromium.org/2019/10/no-more-mixed-messages-about-https.html @ https://repository.upi.edu/140844/:0
[  139168ms] [WARNING] Mixed Content: The page at 'https://repository.upi.edu/140844/' was loaded over HTTPS, but requested an insecure element 'http://repository.upi.edu/style/images/fileicons/text.png'. This request was automatically upgraded to HTTPS, For more information see https://blog.chromium.org/2019/10/no-more-mixed-messages-about-https.html @ https://repository.upi.edu/140844/:0
[  139174ms] [WARNING] Mixed Content: The page at 'https://repository.upi.edu/140844/' was loaded over HTTPS, but requested an insecure element 'http://repository.upi.edu/style/images/fileicons/text.png'. This request was automatically upgraded to HTTPS, For more information see https://blog.chromium.org/2019/10/no-more-mixed-messages-about-https.html @ https://repository.upi.edu/140844/:315
[  139175ms] ReferenceError: gaq is not defined
    at https://repository.upi.edu/140844/:306:3
[  139174ms] [WARNING] Mixed Content: The page at 'https://repository.upi.edu/140844/' was loaded over HTTPS, but requested an insecure element 'http://repository.upi.edu/style/images/fileicons/text.png'. This request was automatically upgraded to HTTPS, For more information see https://blog.chromium.org/2019/10/no-more-mixed-messages-about-https.html @ https://repository.upi.edu/140844/:356
[  139175ms] ReferenceError: gaq is not defined
    at https://repository.upi.edu/140844/:347:3
[  139175ms] [WARNING] Mixed Content: The page at 'https://repository.upi.edu/140844/' was loaded over HTTPS, but requested an insecure element 'http://repository.upi.edu/style/images/fileicons/text.png'. This request was automatically upgraded to HTTPS, For more information see https://blog.chromium.org/2019/10/no-more-mixed-messages-about-https.html @ https://repository.upi.edu/140844/:397
[  139175ms] ReferenceError: gaq is not defined
    at https://repository.upi.edu/140844/:388:3
[  139175ms] [WARNING] Mixed Content: The page at 'https://repository.upi.edu/140844/' was loaded over HTTPS, but requested an insecure element 'http://repository.upi.edu/style/images/fileicons/text.png'. This request was automatically upgraded to HTTPS, For more information see https://blog.chromium.org/2019/10/no-more-mixed-messages-about-https.html @ https://repository.upi.edu/140844/:440
[  139175ms] ReferenceError: gaq is not defined
    at https://repository.upi.edu/140844/:431:3
[  139175ms] [WARNING] Mixed Content: The page at 'https://repository.upi.edu/140844/' was loaded over HTTPS, but requested an insecure element 'http://repository.upi.edu/style/images/fileicons/text.png'. This request was automatically upgraded to HTTPS, For more information see https://blog.chromium.org/2019/10/no-more-mixed-messages-about-https.html @ https://repository.upi.edu/140844/:481
[  139175ms] ReferenceError: gaq is not defined
    at https://repository.upi.edu/140844/:472:3
[  139175ms] [WARNING] Mixed Content: The page at 'https://repository.upi.edu/140844/' was loaded over HTTPS, but requested an insecure element 'http://repository.upi.edu/style/images/fileicons/text.png'. This request was automatically upgraded to HTTPS, For more information see https://blog.chromium.org/2019/10/no-more-mixed-messages-about-https.html @ https://repository.upi.edu/140844/:524
[  139175ms] ReferenceError: gaq is not defined
    at https://repository.upi.edu/140844/:515:3
[  139259ms] [WARNING] Mixed Content: The page at 'https://repository.upi.edu/138674/' was loaded over HTTPS, but requested an insecure element 'http://repository.upi.edu/style/images/fileicons/text.png'. This request was automatically upgraded to HTTPS, For more information see https://blog.chromium.org/2019/10/no-more-mixed-messages-about-https.html @ https://repository.upi.edu/138674/:0
[  139259ms] [WARNING] Mixed Content: The page at 'https://repository.upi.edu/138674/' was loaded over HTTPS, but requested an insecure element 'http://repository.upi.edu/style/images/fileicons/text.png'. This request was automatically upgraded to HTTPS, For more information see https://blog.chromium.org/2019/10/no-more-mixed-messages-about-https.html @ https://repository.upi.edu/138674/:0
[  139259ms] [WARNING] Mixed Content: The page at 'https://repository.upi.edu/138674/' was loaded over HTTPS, but requested an insecure element 'http://repository.upi.edu/style/images/fileicons/text.png'. This request was automatically upgraded to HTTPS, For more information see https://blog.chromium.org/2019/10/no-more-mixed-messages-about-https.html @ https://repository.upi.edu/138674/:0
[  139259ms] [WARNING] Mixed Content: The page at 'https://repository.upi.edu/138674/' was loaded over HTTPS, but requested an insecure element 'http://repository.upi.edu/style/images/fileicons/text.png'. This request was automatically upgraded to HTTPS, For more information see https://blog.chromium.org/2019/10/no-more-mixed-messages-about-https.html @ https://repository.upi.edu/138674/:0
[  139259ms] [WARNING] Mixed Content: The page at 'https://repository.upi.edu/138674/' was loaded over HTTPS, but requested an insecure element 'http://repository.upi.edu/style/images/fileicons/text.png'. This request was automatically upgraded to HTTPS, For more information see https://blog.chromium.org/2019/10/no-more-mixed-messages-about-https.html @ https://repository.upi.edu/138674/:0
[  139259ms] [WARNING] Mixed Content: The page at 'https://repository.upi.edu/138674/' was loaded over HTTPS, but requested an insecure element 'http://repository.upi.edu/style/images/fileicons/text.png'. This request was automatically upgraded to HTTPS, For more information see https://blog.chromium.org/2019/10/no-more-mixed-messages-about-https.html @ https://repository.upi.edu/138674/:0
[  139265ms] [WARNING] Mixed Content: The page at 'https://repository.upi.edu/138674/' was loaded over HTTPS, but requested an insecure element 'http://repository.upi.edu/style/images/fileicons/text.png'. This request was automatically upgraded to HTTPS, For more information see https://blog.chromium.org/2019/10/no-more-mixed-messages-about-https.html @ https://repository.upi.edu/138674/:313
[  139266ms] ReferenceError: gaq is not defined
    at https://repository.upi.edu/138674/:304:3
[  139266ms] [WARNING] Mixed Content: The page at 'https://repository.upi.edu/138674/' was loaded over HTTPS, but requested an insecure element 'http://repository.upi.edu/style/images/fileicons/text.png'. This request was automatically upgraded to HTTPS, For more information see https://blog.chromium.org/2019/10/no-more-mixed-messages-about-https.html @ https://repository.upi.edu/138674/:354
[  139266ms] ReferenceError: gaq is not defined
    at https://repository.upi.edu/138674/:345:3
[  139266ms] [WARNING] Mixed Content: The page at 'https://repository.upi.edu/138674/' was loaded over HTTPS, but requested an insecure element 'http://repository.upi.edu/style/images/fileicons/text.png'. This request was automatically upgraded to HTTPS, For more information see https://blog.chromium.org/2019/10/no-more-mixed-messages-about-https.html @ https://repository.upi.edu/138674/:395
[  139266ms] ReferenceError: gaq is not defined
    at https://repository.upi.edu/138674/:386:3
[  139266ms] [WARNING] Mixed Content: The page at 'https://repository.upi.edu/138674/' was loaded over HTTPS, but requested an insecure element 'http://repository.upi.edu/style/images/fileicons/text.png'. This request was automatically upgraded to HTTPS, For more information see https://blog.chromium.org/2019/10/no-more-mixed-messages-about-https.html @ https://repository.upi.edu/138674/:436
[  139266ms] ReferenceError: gaq is not defined
    at https://repository.upi.edu/138674/:427:3
[  139266ms] [WARNING] Mixed Content: The page at 'https://repository.upi.edu/138674/' was loaded over HTTPS, but requested an insecure element 'http://repository.upi.edu/style/images/fileicons/text.png'. This request was automatically upgraded to HTTPS, For more information see https://blog.chromium.org/2019/10/no-more-mixed-messages-about-https.html @ https://repository.upi.edu/138674/:477
[  139266ms] ReferenceError: gaq is not defined
    at https://repository.upi.edu/138674/:468:3
[  139266ms] [WARNING] Mixed Content: The page at 'https://repository.upi.edu/138674/' was loaded over HTTPS, but requested an insecure element 'http://repository.upi.edu/style/images/fileicons/text.png'. This request was automatically upgraded to HTTPS, For more information see https://blog.chromium.org/2019/10/no-more-mixed-messages-about-https.html @ https://repository.upi.edu/138674/:518
[  139266ms] ReferenceError: gaq is not defined
    at https://repository.upi.edu/138674/:509:3
[  139924ms] [WARNING] Mixed Content: The page at 'https://repository.upi.edu/133429/' was loaded over HTTPS, but requested an insecure element 'http://repository.upi.edu/style/images/fileicons/text.png'. This request was automatically upgraded to HTTPS, For more information see https://blog.chromium.org/2019/10/no-more-mixed-messages-about-https.html @ https://repository.upi.edu/133429/:0
[  139924ms] [WARNING] Mixed Content: The page at 'https://repository.upi.edu/133429/' was loaded over HTTPS, but requested an insecure element 'http://repository.upi.edu/style/images/fileicons/text.png'. This request was automatically upgraded to HTTPS, For more information see https://blog.chromium.org/2019/10/no-more-mixed-messages-about-https.html @ https://repository.upi.edu/133429/:0
[  139924ms] [WARNING] Mixed Content: The page at 'https://repository.upi.edu/133429/' was loaded over HTTPS, but requested an insecure element 'http://repository.upi.edu/style/images/fileicons/text.png'. This request was automatically upgraded to HTTPS, For more information see https://blog.chromium.org/2019/10/no-more-mixed-messages-about-https.html @ https://repository.upi.edu/133429/:0
[  139924ms] [WARNING] Mixed Content: The page at 'https://repository.upi.edu/133429/' was loaded over HTTPS, but requested an insecure element 'http://repository.upi.edu/style/images/fileicons/text.png'. This request was automatically upgraded to HTTPS, For more information see https://blog.chromium.org/2019/10/no-more-mixed-messages-about-https.html @ https://repository.upi.edu/133429/:0
[  139924ms] [WARNING] Mixed Content: The page at 'https://repository.upi.edu/133429/' was loaded over HTTPS, but requested an insecure element 'http://repository.upi.edu/style/images/fileicons/text.png'. This request was automatically upgraded to HTTPS, For more information see https://blog.chromium.org/2019/10/no-more-mixed-messages-about-https.html @ https://repository.upi.edu/133429/:0
[  139924ms] [WARNING] Mixed Content: The page at 'https://repository.upi.edu/133429/' was loaded over HTTPS, but requested an insecure element 'http://repository.upi.edu/style/images/fileicons/text.png'. This request was automatically upgraded to HTTPS, For more information see https://blog.chromium.org/2019/10/no-more-mixed-messages-about-https.html @ https://repository.upi.edu/133429/:0
[  139930ms] [WARNING] Mixed Content: The page at 'https://repository.upi.edu/133429/' was loaded over HTTPS, but requested an insecure element 'http://repository.upi.edu/style/images/fileicons/text.png'. This request was automatically upgraded to HTTPS, For more information see https://blog.chromium.org/2019/10/no-more-mixed-messages-about-https.html @ https://repository.upi.edu/133429/:319
[  139930ms] ReferenceError: gaq is not defined
    at https://repository.upi.edu/133429/:310:3
[  139930ms] [WARNING] Mixed Content: The page at 'https://repository.upi.edu/133429/' was loaded over HTTPS, but requested an insecure element 'http://repository.upi.edu/style/images/fileicons/text.png'. This request was automatically upgraded to HTTPS, For more information see https://blog.chromium.org/2019/10/no-more-mixed-messages-about-https.html @ https://repository.upi.edu/133429/:360
[  139930ms] ReferenceError: gaq is not defined
    at https://repository.upi.edu/133429/:351:3
[  139930ms] [WARNING] Mixed Content: The page at 'https://repository.upi.edu/133429/' was loaded over HTTPS, but requested an insecure element 'http://repository.upi.edu/style/images/fileicons/text.png'. This request was automatically upgraded to HTTPS, For more information see https://blog.chromium.org/2019/10/no-more-mixed-messages-about-https.html @ https://repository.upi.edu/133429/:401
[  139930ms] ReferenceError: gaq is not defined
    at https://repository.upi.edu/133429/:392:3
[  139930ms] [WARNING] Mixed Content: The page at 'https://repository.upi.edu/133429/' was loaded over HTTPS, but requested an insecure element 'http://repository.upi.edu/style/images/fileicons/text.png'. This request was automatically upgraded to HTTPS, For more information see https://blog.chromium.org/2019/10/no-more-mixed-messages-about-https.html @ https://repository.upi.edu/133429/:444
[  139930ms] ReferenceError: gaq is not defined
    at https://repository.upi.edu/133429/:435:3
[  139930ms] [WARNING] Mixed Content: The page at 'https://repository.upi.edu/133429/' was loaded over HTTPS, but requested an insecure element 'http://repository.upi.edu/style/images/fileicons/text.png'. This request was automatically upgraded to HTTPS, For more information see https://blog.chromium.org/2019/10/no-more-mixed-messages-about-https.html @ https://repository.upi.edu/133429/:485
[  139930ms] ReferenceError: gaq is not defined
    at https://repository.upi.edu/133429/:476:3
[  139930ms] ReferenceError: gaq is not defined
    at https://repository.upi.edu/133429/:519:3
[  139930ms] [WARNING] Mixed Content: The page at 'https://repository.upi.edu/133429/' was loaded over HTTPS, but requested an insecure element 'http://repository.upi.edu/style/images/fileicons/text.png'. This request was automatically upgraded to HTTPS, For more information see https://blog.chromium.org/2019/10/no-more-mixed-messages-about-https.html @ https://repository.upi.edu/133429/:571
[  139930ms] ReferenceError: gaq is not defined
    at https://repository.upi.edu/133429/:562:3
[  140044ms] [WARNING] Mixed Content: The page at 'https://repository.upi.edu/137971/' was loaded over HTTPS, but requested an insecure element 'http://repository.upi.edu/style/images/fileicons/text.png'. This request was automatically upgraded to HTTPS, For more information see https://blog.chromium.org/2019/10/no-more-mixed-messages-about-https.html @ https://repository.upi.edu/137971/:0
[  140044ms] [WARNING] Mixed Content: The page at 'https://repository.upi.edu/137971/' was loaded over HTTPS, but requested an insecure element 'http://repository.upi.edu/style/images/fileicons/text.png'. This request was automatically upgraded to HTTPS, For more information see https://blog.chromium.org/2019/10/no-more-mixed-messages-about-https.html @ https://repository.upi.edu/137971/:0
[  140044ms] [WARNING] Mixed Content: The page at 'https://repository.upi.edu/137971/' was loaded over HTTPS, but requested an insecure element 'http://repository.upi.edu/style/images/fileicons/text.png'. This request was automatically upgraded to HTTPS, For more information see https://blog.chromium.org/2019/10/no-more-mixed-messages-about-https.html @ https://repository.upi.edu/137971/:0
[  140044ms] [WARNING] Mixed Content: The page at 'https://repository.upi.edu/137971/' was loaded over HTTPS, but requested an insecure element 'http://repository.upi.edu/style/images/fileicons/text.png'. This request was automatically upgraded to HTTPS, For more information see https://blog.chromium.org/2019/10/no-more-mixed-messages-about-https.html @ https://repository.upi.edu/137971/:0
[  140044ms] [WARNING] Mixed Content: The page at 'https://repository.upi.edu/137971/' was loaded over HTTPS, but requested an insecure element 'http://repository.upi.edu/style/images/fileicons/text.png'. This request was automatically upgraded to HTTPS, For more information see https://blog.chromium.org/2019/10/no-more-mixed-messages-about-https.html @ https://repository.upi.edu/137971/:0
[  140044ms] [WARNING] Mixed Content: The page at 'https://repository.upi.edu/137971/' was loaded over HTTPS, but requested an insecure element 'http://repository.upi.edu/style/images/fileicons/text.png'. This request was automatically upgraded to HTTPS, For more information see https://blog.chromium.org/2019/10/no-more-mixed-messages-about-https.html @ https://repository.upi.edu/137971/:0
[  140044ms] [WARNING] Mixed Content: The page at 'https://repository.upi.edu/137971/' was loaded over HTTPS, but requested an insecure element 'http://repository.upi.edu/style/images/fileicons/text.png'. This request was automatically upgraded to HTTPS, For more information see https://blog.chromium.org/2019/10/no-more-mixed-messages-about-https.html @ https://repository.upi.edu/137971/:0
[  140050ms] [WARNING] Mixed Content: The page at 'https://repository.upi.edu/137971/' was loaded over HTTPS, but requested an insecure element 'http://repository.upi.edu/style/images/fileicons/text.png'. This request was automatically upgraded to HTTPS, For more information see https://blog.chromium.org/2019/10/no-more-mixed-messages-about-https.html @ https://repository.upi.edu/137971/:330
[  140053ms] ReferenceError: gaq is not defined
    at https://repository.upi.edu/137971/:321:3
[  140050ms] [WARNING] Mixed Content: The page at 'https://repository.upi.edu/137971/' was loaded over HTTPS, but requested an insecure element 'http://repository.upi.edu/style/images/fileicons/text.png'. This request was automatically upgraded to HTTPS, For more information see https://blog.chromium.org/2019/10/no-more-mixed-messages-about-https.html @ https://repository.upi.edu/137971/:371
[  140053ms] ReferenceError: gaq is not defined
    at https://repository.upi.edu/137971/:362:3
[  140050ms] [WARNING] Mixed Content: The page at 'https://repository.upi.edu/137971/' was loaded over HTTPS, but requested an insecure element 'http://repository.upi.edu/style/images/fileicons/text.png'. This request was automatically upgraded to HTTPS, For more information see https://blog.chromium.org/2019/10/no-more-mixed-messages-about-https.html @ https://repository.upi.edu/137971/:412
[  140053ms] ReferenceError: gaq is not defined
    at https://repository.upi.edu/137971/:403:3
[  140050ms] [WARNING] Mixed Content: The page at 'https://repository.upi.edu/137971/' was loaded over HTTPS, but requested an insecure element 'http://repository.upi.edu/style/images/fileicons/text.png'. This request was automatically upgraded to HTTPS, For more information see https://blog.chromium.org/2019/10/no-more-mixed-messages-about-https.html @ https://repository.upi.edu/137971/:453
[  140053ms] ReferenceError: gaq is not defined
    at https://repository.upi.edu/137971/:444:3
[  140050ms] [WARNING] Mixed Content: The page at 'https://repository.upi.edu/137971/' was loaded over HTTPS, but requested an insecure element 'http://repository.upi.edu/style/images/fileicons/text.png'. This request was automatically upgraded to HTTPS, For more information see https://blog.chromium.org/2019/10/no-more-mixed-messages-about-https.html @ https://repository.upi.edu/137971/:494
[  140053ms] ReferenceError: gaq is not defined
    at https://repository.upi.edu/137971/:485:3
[  140050ms] [WARNING] Mixed Content: The page at 'https://repository.upi.edu/137971/' was loaded over HTTPS, but requested an insecure element 'http://repository.upi.edu/style/images/fileicons/text.png'. This request was automatically upgraded to HTTPS, For more information see https://blog.chromium.org/2019/10/no-more-mixed-messages-about-https.html @ https://repository.upi.edu/137971/:535
[  140053ms] ReferenceError: gaq is not defined
    at https://repository.upi.edu/137971/:526:3
[  140051ms] [WARNING] Mixed Content: The page at 'https://repository.upi.edu/137971/' was loaded over HTTPS, but requested an insecure element 'http://repository.upi.edu/style/images/fileicons/text.png'. This request was automatically upgraded to HTTPS, For more information see https://blog.chromium.org/2019/10/no-more-mixed-messages-about-https.html @ https://repository.upi.edu/137971/:576
[  140053ms] ReferenceError: gaq is not defined
    at https://repository.upi.edu/137971/:567:3
[  140195ms] [WARNING] Mixed Content: The page at 'https://repository.upi.edu/137813/' was loaded over HTTPS, but requested an insecure element 'http://repository.upi.edu/style/images/fileicons/text.png'. This request was automatically upgraded to HTTPS, For more information see https://blog.chromium.org/2019/10/no-more-mixed-messages-about-https.html @ https://repository.upi.edu/137813/:0
[  140196ms] [WARNING] Mixed Content: The page at 'https://repository.upi.edu/137813/' was loaded over HTTPS, but requested an insecure element 'http://repository.upi.edu/style/images/fileicons/text.png'. This request was automatically upgraded to HTTPS, For more information see https://blog.chromium.org/2019/10/no-more-mixed-messages-about-https.html @ https://repository.upi.edu/137813/:0
[  140196ms] [WARNING] Mixed Content: The page at 'https://repository.upi.edu/137813/' was loaded over HTTPS, but requested an insecure element 'http://repository.upi.edu/style/images/fileicons/text.png'. This request was automatically upgraded to HTTPS, For more information see https://blog.chromium.org/2019/10/no-more-mixed-messages-about-https.html @ https://repository.upi.edu/137813/:0
[  140196ms] [WARNING] Mixed Content: The page at 'https://repository.upi.edu/137813/' was loaded over HTTPS, but requested an insecure element 'http://repository.upi.edu/style/images/fileicons/text.png'. This request was automatically upgraded to HTTPS, For more information see https://blog.chromium.org/2019/10/no-more-mixed-messages-about-https.html @ https://repository.upi.edu/137813/:0
[  140196ms] [WARNING] Mixed Content: The page at 'https://repository.upi.edu/137813/' was loaded over HTTPS, but requested an insecure element 'http://repository.upi.edu/style/images/fileicons/text.png'. This request was automatically upgraded to HTTPS, For more information see https://blog.chromium.org/2019/10/no-more-mixed-messages-about-https.html @ https://repository.upi.edu/137813/:0
[  140196ms] [WARNING] Mixed Content: The page at 'https://repository.upi.edu/137813/' was loaded over HTTPS, but requested an insecure element 'http://repository.upi.edu/style/images/fileicons/text.png'. This request was automatically upgraded to HTTPS, For more information see https://blog.chromium.org/2019/10/no-more-mixed-messages-about-https.html @ https://repository.upi.edu/137813/:0
[  140201ms] [WARNING] Mixed Content: The page at 'https://repository.upi.edu/137813/' was loaded over HTTPS, but requested an insecure element 'http://repository.upi.edu/style/images/fileicons/text.png'. This request was automatically upgraded to HTTPS, For more information see https://blog.chromium.org/2019/10/no-more-mixed-messages-about-https.html @ https://repository.upi.edu/137813/:315
[  140202ms] ReferenceError: gaq is not defined
    at https://repository.upi.edu/137813/:306:3
[  140202ms] [WARNING] Mixed Content: The page at 'https://repository.upi.edu/137813/' was loaded over HTTPS, but requested an insecure element 'http://repository.upi.edu/style/images/fileicons/text.png'. This request was automatically upgraded to HTTPS, For more information see https://blog.chromium.org/2019/10/no-more-mixed-messages-about-https.html @ https://repository.upi.edu/137813/:356
[  140202ms] ReferenceError: gaq is not defined
    at https://repository.upi.edu/137813/:347:3
[  140202ms] [WARNING] Mixed Content: The page at 'https://repository.upi.edu/137813/' was loaded over HTTPS, but requested an insecure element 'http://repository.upi.edu/style/images/fileicons/text.png'. This request was automatically upgraded to HTTPS, For more information see https://blog.chromium.org/2019/10/no-more-mixed-messages-about-https.html @ https://repository.upi.edu/137813/:397
[  140202ms] ReferenceError: gaq is not defined
    at https://repository.upi.edu/137813/:388:3
[  140202ms] [WARNING] Mixed Content: The page at 'https://repository.upi.edu/137813/' was loaded over HTTPS, but requested an insecure element 'http://repository.upi.edu/style/images/fileicons/text.png'. This request was automatically upgraded to HTTPS, For more information see https://blog.chromium.org/2019/10/no-more-mixed-messages-about-https.html @ https://repository.upi.edu/137813/:440
[  140203ms] ReferenceError: gaq is not defined
    at https://repository.upi.edu/137813/:431:3
[  140202ms] [WARNING] Mixed Content: The page at 'https://repository.upi.edu/137813/' was loaded over HTTPS, but requested an insecure element 'http://repository.upi.edu/style/images/fileicons/text.png'. This request was automatically upgraded to HTTPS, For more information see https://blog.chromium.org/2019/10/no-more-mixed-messages-about-https.html @ https://repository.upi.edu/137813/:481
[  140203ms] ReferenceError: gaq is not defined
    at https://repository.upi.edu/137813/:472:3
[  140202ms] [WARNING] Mixed Content: The page at 'https://repository.upi.edu/137813/' was loaded over HTTPS, but requested an insecure element 'http://repository.upi.edu/style/images/fileicons/text.png'. This request was automatically upgraded to HTTPS, For more information see https://blog.chromium.org/2019/10/no-more-mixed-messages-about-https.html @ https://repository.upi.edu/137813/:524
[  140203ms] ReferenceError: gaq is not defined
    at https://repository.upi.edu/137813/:515:3
[  140343ms] [WARNING] Mixed Content: The page at 'https://repository.upi.edu/138028/' was loaded over HTTPS, but requested an insecure element 'http://repository.upi.edu/style/images/fileicons/text.png'. This request was automatically upgraded to HTTPS, For more information see https://blog.chromium.org/2019/10/no-more-mixed-messages-about-https.html @ https://repository.upi.edu/138028/:0
[  140343ms] [WARNING] Mixed Content: The page at 'https://repository.upi.edu/138028/' was loaded over HTTPS, but requested an insecure element 'http://repository.upi.edu/style/images/fileicons/text.png'. This request was automatically upgraded to HTTPS, For more information see https://blog.chromium.org/2019/10/no-more-mixed-messages-about-https.html @ https://repository.upi.edu/138028/:0
[  140343ms] [WARNING] Mixed Content: The page at 'https://repository.upi.edu/138028/' was loaded over HTTPS, but requested an insecure element 'http://repository.upi.edu/style/images/fileicons/text.png'. This request was automatically upgraded to HTTPS, For more information see https://blog.chromium.org/2019/10/no-more-mixed-messages-about-https.html @ https://repository.upi.edu/138028/:0
[  140343ms] [WARNING] Mixed Content: The page at 'https://repository.upi.edu/138028/' was loaded over HTTPS, but requested an insecure element 'http://repository.upi.edu/style/images/fileicons/text.png'. This request was automatically upgraded to HTTPS, For more information see https://blog.chromium.org/2019/10/no-more-mixed-messages-about-https.html @ https://repository.upi.edu/138028/:0
[  140343ms] [WARNING] Mixed Content: The page at 'https://repository.upi.edu/138028/' was loaded over HTTPS, but requested an insecure element 'http://repository.upi.edu/style/images/fileicons/text.png'. This request was automatically upgraded to HTTPS, For more information see https://blog.chromium.org/2019/10/no-more-mixed-messages-about-https.html @ https://repository.upi.edu/138028/:0
[  140343ms] [WARNING] Mixed Content: The page at 'https://repository.upi.edu/138028/' was loaded over HTTPS, but requested an insecure element 'http://repository.upi.edu/style/images/fileicons/text.png'. This request was automatically upgraded to HTTPS, For more information see https://blog.chromium.org/2019/10/no-more-mixed-messages-about-https.html @ https://repository.upi.edu/138028/:0
[  140343ms] [WARNING] Mixed Content: The page at 'https://repository.upi.edu/138028/' was loaded over HTTPS, but requested an insecure element 'http://repository.upi.edu/style/images/fileicons/text.png'. This request was automatically upgraded to HTTPS, For more information see https://blog.chromium.org/2019/10/no-more-mixed-messages-about-https.html @ https://repository.upi.edu/138028/:0
[  140349ms] [WARNING] Mixed Content: The page at 'https://repository.upi.edu/138028/' was loaded over HTTPS, but requested an insecure element 'http://repository.upi.edu/style/images/fileicons/text.png'. This request was automatically upgraded to HTTPS, For more information see https://blog.chromium.org/2019/10/no-more-mixed-messages-about-https.html @ https://repository.upi.edu/138028/:321
[  140349ms] ReferenceError: gaq is not defined
    at https://repository.upi.edu/138028/:312:3
[  140349ms] [WARNING] Mixed Content: The page at 'https://repository.upi.edu/138028/' was loaded over HTTPS, but requested an insecure element 'http://repository.upi.edu/style/images/fileicons/text.png'. This request was automatically upgraded to HTTPS, For more information see https://blog.chromium.org/2019/10/no-more-mixed-messages-about-https.html @ https://repository.upi.edu/138028/:362
[  140349ms] ReferenceError: gaq is not defined
    at https://repository.upi.edu/138028/:353:3
[  140349ms] [WARNING] Mixed Content: The page at 'https://repository.upi.edu/138028/' was loaded over HTTPS, but requested an insecure element 'http://repository.upi.edu/style/images/fileicons/text.png'. This request was automatically upgraded to HTTPS, For more information see https://blog.chromium.org/2019/10/no-more-mixed-messages-about-https.html @ https://repository.upi.edu/138028/:403
[  140349ms] ReferenceError: gaq is not defined
    at https://repository.upi.edu/138028/:394:3
[  140349ms] [WARNING] Mixed Content: The page at 'https://repository.upi.edu/138028/' was loaded over HTTPS, but requested an insecure element 'http://repository.upi.edu/style/images/fileicons/text.png'. This request was automatically upgraded to HTTPS, For more information see https://blog.chromium.org/2019/10/no-more-mixed-messages-about-https.html @ https://repository.upi.edu/138028/:444
[  140350ms] ReferenceError: gaq is not defined
    at https://repository.upi.edu/138028/:435:3
[  140349ms] [WARNING] Mixed Content: The page at 'https://repository.upi.edu/138028/' was loaded over HTTPS, but requested an insecure element 'http://repository.upi.edu/style/images/fileicons/text.png'. This request was automatically upgraded to HTTPS, For more information see https://blog.chromium.org/2019/10/no-more-mixed-messages-about-https.html @ https://repository.upi.edu/138028/:485
[  140350ms] ReferenceError: gaq is not defined
    at https://repository.upi.edu/138028/:476:3
[  140349ms] [WARNING] Mixed Content: The page at 'https://repository.upi.edu/138028/' was loaded over HTTPS, but requested an insecure element 'http://repository.upi.edu/style/images/fileicons/text.png'. This request was automatically upgraded to HTTPS, For more information see https://blog.chromium.org/2019/10/no-more-mixed-messages-about-https.html @ https://repository.upi.edu/138028/:526
[  140350ms] ReferenceError: gaq is not defined
    at https://repository.upi.edu/138028/:517:3
[  140350ms] [WARNING] Mixed Content: The page at 'https://repository.upi.edu/138028/' was loaded over HTTPS, but requested an insecure element 'http://repository.upi.edu/style/images/fileicons/text.png'. This request was automatically upgraded to HTTPS, For more information see https://blog.chromium.org/2019/10/no-more-mixed-messages-about-https.html @ https://repository.upi.edu/138028/:567
[  140350ms] ReferenceError: gaq is not defined
    at https://repository.upi.edu/138028/:558:3
[  140484ms] [WARNING] Mixed Content: The page at 'https://repository.upi.edu/137960/' was loaded over HTTPS, but requested an insecure element 'http://repository.upi.edu/style/images/fileicons/text.png'. This request was automatically upgraded to HTTPS, For more information see https://blog.chromium.org/2019/10/no-more-mixed-messages-about-https.html @ https://repository.upi.edu/137960/:0
[  140485ms] [WARNING] Mixed Content: The page at 'https://repository.upi.edu/137960/' was loaded over HTTPS, but requested an insecure element 'http://repository.upi.edu/style/images/fileicons/text.png'. This request was automatically upgraded to HTTPS, For more information see https://blog.chromium.org/2019/10/no-more-mixed-messages-about-https.html @ https://repository.upi.edu/137960/:0
[  140485ms] [WARNING] Mixed Content: The page at 'https://repository.upi.edu/137960/' was loaded over HTTPS, but requested an insecure element 'http://repository.upi.edu/style/images/fileicons/text.png'. This request was automatically upgraded to HTTPS, For more information see https://blog.chromium.org/2019/10/no-more-mixed-messages-about-https.html @ https://repository.upi.edu/137960/:0
[  140485ms] [WARNING] Mixed Content: The page at 'https://repository.upi.edu/137960/' was loaded over HTTPS, but requested an insecure element 'http://repository.upi.edu/style/images/fileicons/text.png'. This request was automatically upgraded to HTTPS, For more information see https://blog.chromium.org/2019/10/no-more-mixed-messages-about-https.html @ https://repository.upi.edu/137960/:0
[  140485ms] [WARNING] Mixed Content: The page at 'https://repository.upi.edu/137960/' was loaded over HTTPS, but requested an insecure element 'http://repository.upi.edu/style/images/fileicons/text.png'. This request was automatically upgraded to HTTPS, For more information see https://blog.chromium.org/2019/10/no-more-mixed-messages-about-https.html @ https://repository.upi.edu/137960/:0
[  140485ms] [WARNING] Mixed Content: The page at 'https://repository.upi.edu/137960/' was loaded over HTTPS, but requested an insecure element 'http://repository.upi.edu/style/images/fileicons/text.png'. This request was automatically upgraded to HTTPS, For more information see https://blog.chromium.org/2019/10/no-more-mixed-messages-about-https.html @ https://repository.upi.edu/137960/:0
[  140491ms] [WARNING] Mixed Content: The page at 'https://repository.upi.edu/137960/' was loaded over HTTPS, but requested an insecure element 'http://repository.upi.edu/style/images/fileicons/text.png'. This request was automatically upgraded to HTTPS, For more information see https://blog.chromium.org/2019/10/no-more-mixed-messages-about-https.html @ https://repository.upi.edu/137960/:317
[  140491ms] ReferenceError: gaq is not defined
    at https://repository.upi.edu/137960/:308:3
[  140491ms] [WARNING] Mixed Content: The page at 'https://repository.upi.edu/137960/' was loaded over HTTPS, but requested an insecure element 'http://repository.upi.edu/style/images/fileicons/text.png'. This request was automatically upgraded to HTTPS, For more information see https://blog.chromium.org/2019/10/no-more-mixed-messages-about-https.html @ https://repository.upi.edu/137960/:358
[  140491ms] ReferenceError: gaq is not defined
    at https://repository.upi.edu/137960/:349:3
[  140491ms] [WARNING] Mixed Content: The page at 'https://repository.upi.edu/137960/' was loaded over HTTPS, but requested an insecure element 'http://repository.upi.edu/style/images/fileicons/text.png'. This request was automatically upgraded to HTTPS, For more information see https://blog.chromium.org/2019/10/no-more-mixed-messages-about-https.html @ https://repository.upi.edu/137960/:399
[  140491ms] ReferenceError: gaq is not defined
    at https://repository.upi.edu/137960/:390:3
[  140491ms] [WARNING] Mixed Content: The page at 'https://repository.upi.edu/137960/' was loaded over HTTPS, but requested an insecure element 'http://repository.upi.edu/style/images/fileicons/text.png'. This request was automatically upgraded to HTTPS, For more information see https://blog.chromium.org/2019/10/no-more-mixed-messages-about-https.html @ https://repository.upi.edu/137960/:440
[  140491ms] ReferenceError: gaq is not defined
    at https://repository.upi.edu/137960/:431:3
[  140491ms] [WARNING] Mixed Content: The page at 'https://repository.upi.edu/137960/' was loaded over HTTPS, but requested an insecure element 'http://repository.upi.edu/style/images/fileicons/text.png'. This request was automatically upgraded to HTTPS, For more information see https://blog.chromium.org/2019/10/no-more-mixed-messages-about-https.html @ https://repository.upi.edu/137960/:481
[  140491ms] ReferenceError: gaq is not defined
    at https://repository.upi.edu/137960/:472:3
[  140491ms] [WARNING] Mixed Content: The page at 'https://repository.upi.edu/137960/' was loaded over HTTPS, but requested an insecure element 'http://repository.upi.edu/style/images/fileicons/text.png'. This request was automatically upgraded to HTTPS, For more information see https://blog.chromium.org/2019/10/no-more-mixed-messages-about-https.html @ https://repository.upi.edu/137960/:522
[  140491ms] ReferenceError: gaq is not defined
    at https://repository.upi.edu/137960/:513:3
[  141173ms] [WARNING] Mixed Content: The page at 'https://repository.upi.edu/138341/' was loaded over HTTPS, but requested an insecure element 'http://repository.upi.edu/style/images/fileicons/text.png'. This request was automatically upgraded to HTTPS, For more information see https://blog.chromium.org/2019/10/no-more-mixed-messages-about-https.html @ https://repository.upi.edu/138341/:0
[  141173ms] [WARNING] Mixed Content: The page at 'https://repository.upi.edu/138341/' was loaded over HTTPS, but requested an insecure element 'http://repository.upi.edu/style/images/fileicons/text.png'. This request was automatically upgraded to HTTPS, For more information see https://blog.chromium.org/2019/10/no-more-mixed-messages-about-https.html @ https://repository.upi.edu/138341/:0
[  141173ms] [WARNING] Mixed Content: The page at 'https://repository.upi.edu/138341/' was loaded over HTTPS, but requested an insecure element 'http://repository.upi.edu/style/images/fileicons/text.png'. This request was automatically upgraded to HTTPS, For more information see https://blog.chromium.org/2019/10/no-more-mixed-messages-about-https.html @ https://repository.upi.edu/138341/:0
[  141173ms] [WARNING] Mixed Content: The page at 'https://repository.upi.edu/138341/' was loaded over HTTPS, but requested an insecure element 'http://repository.upi.edu/style/images/fileicons/text.png'. This request was automatically upgraded to HTTPS, For more information see https://blog.chromium.org/2019/10/no-more-mixed-messages-about-https.html @ https://repository.upi.edu/138341/:0
[  141173ms] [WARNING] Mixed Content: The page at 'https://repository.upi.edu/138341/' was loaded over HTTPS, but requested an insecure element 'http://repository.upi.edu/style/images/fileicons/text.png'. This request was automatically upgraded to HTTPS, For more information see https://blog.chromium.org/2019/10/no-more-mixed-messages-about-https.html @ https://repository.upi.edu/138341/:0
[  141173ms] [WARNING] Mixed Content: The page at 'https://repository.upi.edu/138341/' was loaded over HTTPS, but requested an insecure element 'http://repository.upi.edu/style/images/fileicons/text.png'. This request was automatically upgraded to HTTPS, For more information see https://blog.chromium.org/2019/10/no-more-mixed-messages-about-https.html @ https://repository.upi.edu/138341/:0
[  141179ms] [WARNING] Mixed Content: The page at 'https://repository.upi.edu/138341/' was loaded over HTTPS, but requested an insecure element 'http://repository.upi.edu/style/images/fileicons/text.png'. This request was automatically upgraded to HTTPS, For more information see https://blog.chromium.org/2019/10/no-more-mixed-messages-about-https.html @ https://repository.upi.edu/138341/:319
[  141179ms] ReferenceError: gaq is not defined
    at https://repository.upi.edu/138341/:310:3
[  141179ms] [WARNING] Mixed Content: The page at 'https://repository.upi.edu/138341/' was loaded over HTTPS, but requested an insecure element 'http://repository.upi.edu/style/images/fileicons/text.png'. This request was automatically upgraded to HTTPS, For more information see https://blog.chromium.org/2019/10/no-more-mixed-messages-about-https.html @ https://repository.upi.edu/138341/:360
[  141179ms] ReferenceError: gaq is not defined
    at https://repository.upi.edu/138341/:351:3
[  141179ms] [WARNING] Mixed Content: The page at 'https://repository.upi.edu/138341/' was loaded over HTTPS, but requested an insecure element 'http://repository.upi.edu/style/images/fileicons/text.png'. This request was automatically upgraded to HTTPS, For more information see https://blog.chromium.org/2019/10/no-more-mixed-messages-about-https.html @ https://repository.upi.edu/138341/:401
[  141179ms] ReferenceError: gaq is not defined
    at https://repository.upi.edu/138341/:392:3
[  141179ms] [WARNING] Mixed Content: The page at 'https://repository.upi.edu/138341/' was loaded over HTTPS, but requested an insecure element 'http://repository.upi.edu/style/images/fileicons/text.png'. This request was automatically upgraded to HTTPS, For more information see https://blog.chromium.org/2019/10/no-more-mixed-messages-about-https.html @ https://repository.upi.edu/138341/:442
[  141179ms] ReferenceError: gaq is not defined
    at https://repository.upi.edu/138341/:433:3
[  141179ms] [WARNING] Mixed Content: The page at 'https://repository.upi.edu/138341/' was loaded over HTTPS, but requested an insecure element 'http://repository.upi.edu/style/images/fileicons/text.png'. This request was automatically upgraded to HTTPS, For more information see https://blog.chromium.org/2019/10/no-more-mixed-messages-about-https.html @ https://repository.upi.edu/138341/:483
[  141179ms] ReferenceError: gaq is not defined
    at https://repository.upi.edu/138341/:474:3
[  141179ms] [WARNING] Mixed Content: The page at 'https://repository.upi.edu/138341/' was loaded over HTTPS, but requested an insecure element 'http://repository.upi.edu/style/images/fileicons/text.png'. This request was automatically upgraded to HTTPS, For more information see https://blog.chromium.org/2019/10/no-more-mixed-messages-about-https.html @ https://repository.upi.edu/138341/:524
[  141179ms] ReferenceError: gaq is not defined
    at https://repository.upi.edu/138341/:515:3
[  141397ms] [WARNING] Mixed Content: The page at 'https://repository.upi.edu/133411/' was loaded over HTTPS, but requested an insecure element 'http://repository.upi.edu/style/images/fileicons/text.png'. This request was automatically upgraded to HTTPS, For more information see https://blog.chromium.org/2019/10/no-more-mixed-messages-about-https.html @ https://repository.upi.edu/133411/:0
[  141398ms] [WARNING] Mixed Content: The page at 'https://repository.upi.edu/133411/' was loaded over HTTPS, but requested an insecure element 'http://repository.upi.edu/style/images/fileicons/text.png'. This request was automatically upgraded to HTTPS, For more information see https://blog.chromium.org/2019/10/no-more-mixed-messages-about-https.html @ https://repository.upi.edu/133411/:0
[  141398ms] [WARNING] Mixed Content: The page at 'https://repository.upi.edu/133411/' was loaded over HTTPS, but requested an insecure element 'http://repository.upi.edu/style/images/fileicons/text.png'. This request was automatically upgraded to HTTPS, For more information see https://blog.chromium.org/2019/10/no-more-mixed-messages-about-https.html @ https://repository.upi.edu/133411/:0
[  141398ms] [WARNING] Mixed Content: The page at 'https://repository.upi.edu/133411/' was loaded over HTTPS, but requested an insecure element 'http://repository.upi.edu/style/images/fileicons/text.png'. This request was automatically upgraded to HTTPS, For more information see https://blog.chromium.org/2019/10/no-more-mixed-messages-about-https.html @ https://repository.upi.edu/133411/:0
[  141398ms] [WARNING] Mixed Content: The page at 'https://repository.upi.edu/133411/' was loaded over HTTPS, but requested an insecure element 'http://repository.upi.edu/style/images/fileicons/text.png'. This request was automatically upgraded to HTTPS, For more information see https://blog.chromium.org/2019/10/no-more-mixed-messages-about-https.html @ https://repository.upi.edu/133411/:0
[  141398ms] [WARNING] Mixed Content: The page at 'https://repository.upi.edu/133411/' was loaded over HTTPS, but requested an insecure element 'http://repository.upi.edu/style/images/fileicons/text.png'. This request was automatically upgraded to HTTPS, For more information see https://blog.chromium.org/2019/10/no-more-mixed-messages-about-https.html @ https://repository.upi.edu/133411/:0
[  141398ms] [WARNING] Mixed Content: The page at 'https://repository.upi.edu/133411/' was loaded over HTTPS, but requested an insecure element 'http://repository.upi.edu/style/images/fileicons/text.png'. This request was automatically upgraded to HTTPS, For more information see https://blog.chromium.org/2019/10/no-more-mixed-messages-about-https.html @ https://repository.upi.edu/133411/:0
[  141404ms] [WARNING] Mixed Content: The page at 'https://repository.upi.edu/133411/' was loaded over HTTPS, but requested an insecure element 'http://repository.upi.edu/style/images/fileicons/text.png'. This request was automatically upgraded to HTTPS, For more information see https://blog.chromium.org/2019/10/no-more-mixed-messages-about-https.html @ https://repository.upi.edu/133411/:321
[  141406ms] ReferenceError: gaq is not defined
    at https://repository.upi.edu/133411/:312:3
[  141404ms] [WARNING] Mixed Content: The page at 'https://repository.upi.edu/133411/' was loaded over HTTPS, but requested an insecure element 'http://repository.upi.edu/style/images/fileicons/text.png'. This request was automatically upgraded to HTTPS, For more information see https://blog.chromium.org/2019/10/no-more-mixed-messages-about-https.html @ https://repository.upi.edu/133411/:362
[  141406ms] ReferenceError: gaq is not defined
    at https://repository.upi.edu/133411/:353:3
[  141404ms] [WARNING] Mixed Content: The page at 'https://repository.upi.edu/133411/' was loaded over HTTPS, but requested an insecure element 'http://repository.upi.edu/style/images/fileicons/text.png'. This request was automatically upgraded to HTTPS, For more information see https://blog.chromium.org/2019/10/no-more-mixed-messages-about-https.html @ https://repository.upi.edu/133411/:403
[  141406ms] ReferenceError: gaq is not defined
    at https://repository.upi.edu/133411/:394:3
[  141405ms] [WARNING] Mixed Content: The page at 'https://repository.upi.edu/133411/' was loaded over HTTPS, but requested an insecure element 'http://repository.upi.edu/style/images/fileicons/text.png'. This request was automatically upgraded to HTTPS, For more information see https://blog.chromium.org/2019/10/no-more-mixed-messages-about-https.html @ https://repository.upi.edu/133411/:444
[  141406ms] ReferenceError: gaq is not defined
    at https://repository.upi.edu/133411/:435:3
[  141405ms] [WARNING] Mixed Content: The page at 'https://repository.upi.edu/133411/' was loaded over HTTPS, but requested an insecure element 'http://repository.upi.edu/style/images/fileicons/text.png'. This request was automatically upgraded to HTTPS, For more information see https://blog.chromium.org/2019/10/no-more-mixed-messages-about-https.html @ https://repository.upi.edu/133411/:485
[  141406ms] ReferenceError: gaq is not defined
    at https://repository.upi.edu/133411/:476:3
[  141405ms] [WARNING] Mixed Content: The page at 'https://repository.upi.edu/133411/' was loaded over HTTPS, but requested an insecure element 'http://repository.upi.edu/style/images/fileicons/text.png'. This request was automatically upgraded to HTTPS, For more information see https://blog.chromium.org/2019/10/no-more-mixed-messages-about-https.html @ https://repository.upi.edu/133411/:526
[  141406ms] ReferenceError: gaq is not defined
    at https://repository.upi.edu/133411/:517:3
[  141405ms] [WARNING] Mixed Content: The page at 'https://repository.upi.edu/133411/' was loaded over HTTPS, but requested an insecure element 'http://repository.upi.edu/style/images/fileicons/text.png'. This request was automatically upgraded to HTTPS, For more information see https://blog.chromium.org/2019/10/no-more-mixed-messages-about-https.html @ https://repository.upi.edu/133411/:567
[  141406ms] ReferenceError: gaq is not defined
    at https://repository.upi.edu/133411/:558:3
[  141507ms] [WARNING] Mixed Content: The page at 'https://repository.upi.edu/137686/' was loaded over HTTPS, but requested an insecure element 'http://repository.upi.edu/style/images/fileicons/text.png'. This request was automatically upgraded to HTTPS, For more information see https://blog.chromium.org/2019/10/no-more-mixed-messages-about-https.html @ https://repository.upi.edu/137686/:0
[  141507ms] [WARNING] Mixed Content: The page at 'https://repository.upi.edu/137686/' was loaded over HTTPS, but requested an insecure element 'http://repository.upi.edu/style/images/fileicons/text.png'. This request was automatically upgraded to HTTPS, For more information see https://blog.chromium.org/2019/10/no-more-mixed-messages-about-https.html @ https://repository.upi.edu/137686/:0
[  141507ms] [WARNING] Mixed Content: The page at 'https://repository.upi.edu/137686/' was loaded over HTTPS, but requested an insecure element 'http://repository.upi.edu/style/images/fileicons/text.png'. This request was automatically upgraded to HTTPS, For more information see https://blog.chromium.org/2019/10/no-more-mixed-messages-about-https.html @ https://repository.upi.edu/137686/:0
[  141507ms] [WARNING] Mixed Content: The page at 'https://repository.upi.edu/137686/' was loaded over HTTPS, but requested an insecure element 'http://repository.upi.edu/style/images/fileicons/text.png'. This request was automatically upgraded to HTTPS, For more information see https://blog.chromium.org/2019/10/no-more-mixed-messages-about-https.html @ https://repository.upi.edu/137686/:0
[  141507ms] [WARNING] Mixed Content: The page at 'https://repository.upi.edu/137686/' was loaded over HTTPS, but requested an insecure element 'http://repository.upi.edu/style/images/fileicons/text.png'. This request was automatically upgraded to HTTPS, For more information see https://blog.chromium.org/2019/10/no-more-mixed-messages-about-https.html @ https://repository.upi.edu/137686/:0
[  141507ms] [WARNING] Mixed Content: The page at 'https://repository.upi.edu/137686/' was loaded over HTTPS, but requested an insecure element 'http://repository.upi.edu/style/images/fileicons/text.png'. This request was automatically upgraded to HTTPS, For more information see https://blog.chromium.org/2019/10/no-more-mixed-messages-about-https.html @ https://repository.upi.edu/137686/:0
[  141507ms] [WARNING] Mixed Content: The page at 'https://repository.upi.edu/137686/' was loaded over HTTPS, but requested an insecure element 'http://repository.upi.edu/style/images/fileicons/text.png'. This request was automatically upgraded to HTTPS, For more information see https://blog.chromium.org/2019/10/no-more-mixed-messages-about-https.html @ https://repository.upi.edu/137686/:0
[  141513ms] [WARNING] Mixed Content: The page at 'https://repository.upi.edu/137686/' was loaded over HTTPS, but requested an insecure element 'http://repository.upi.edu/style/images/fileicons/text.png'. This request was automatically upgraded to HTTPS, For more information see https://blog.chromium.org/2019/10/no-more-mixed-messages-about-https.html @ https://repository.upi.edu/137686/:318
[  141514ms] ReferenceError: gaq is not defined
    at https://repository.upi.edu/137686/:309:3
[  141514ms] [WARNING] Mixed Content: The page at 'https://repository.upi.edu/137686/' was loaded over HTTPS, but requested an insecure element 'http://repository.upi.edu/style/images/fileicons/text.png'. This request was automatically upgraded to HTTPS, For more information see https://blog.chromium.org/2019/10/no-more-mixed-messages-about-https.html @ https://repository.upi.edu/137686/:359
[  141514ms] ReferenceError: gaq is not defined
    at https://repository.upi.edu/137686/:350:3
[  141514ms] [WARNING] Mixed Content: The page at 'https://repository.upi.edu/137686/' was loaded over HTTPS, but requested an insecure element 'http://repository.upi.edu/style/images/fileicons/text.png'. This request was automatically upgraded to HTTPS, For more information see https://blog.chromium.org/2019/10/no-more-mixed-messages-about-https.html @ https://repository.upi.edu/137686/:400
[  141514ms] ReferenceError: gaq is not defined
    at https://repository.upi.edu/137686/:391:3
[  141514ms] [WARNING] Mixed Content: The page at 'https://repository.upi.edu/137686/' was loaded over HTTPS, but requested an insecure element 'http://repository.upi.edu/style/images/fileicons/text.png'. This request was automatically upgraded to HTTPS, For more information see https://blog.chromium.org/2019/10/no-more-mixed-messages-about-https.html @ https://repository.upi.edu/137686/:443
[  141514ms] ReferenceError: gaq is not defined
    at https://repository.upi.edu/137686/:434:3
[  141514ms] [WARNING] Mixed Content: The page at 'https://repository.upi.edu/137686/' was loaded over HTTPS, but requested an insecure element 'http://repository.upi.edu/style/images/fileicons/text.png'. This request was automatically upgraded to HTTPS, For more information see https://blog.chromium.org/2019/10/no-more-mixed-messages-about-https.html @ https://repository.upi.edu/137686/:484
[  141514ms] ReferenceError: gaq is not defined
    at https://repository.upi.edu/137686/:475:3
[  141514ms] [WARNING] Mixed Content: The page at 'https://repository.upi.edu/137686/' was loaded over HTTPS, but requested an insecure element 'http://repository.upi.edu/style/images/fileicons/text.png'. This request was automatically upgraded to HTTPS, For more information see https://blog.chromium.org/2019/10/no-more-mixed-messages-about-https.html @ https://repository.upi.edu/137686/:527
[  141514ms] ReferenceError: gaq is not defined
    at https://repository.upi.edu/137686/:518:3
[  141514ms] [WARNING] Mixed Content: The page at 'https://repository.upi.edu/137686/' was loaded over HTTPS, but requested an insecure element 'http://repository.upi.edu/style/images/fileicons/text.png'. This request was automatically upgraded to HTTPS, For more information see https://blog.chromium.org/2019/10/no-more-mixed-messages-about-https.html @ https://repository.upi.edu/137686/:568
[  141514ms] ReferenceError: gaq is not defined
    at https://repository.upi.edu/137686/:559:3
[  141602ms] [WARNING] Mixed Content: The page at 'https://repository.upi.edu/138684/' was loaded over HTTPS, but requested an insecure element 'http://repository.upi.edu/style/images/fileicons/text.png'. This request was automatically upgraded to HTTPS, For more information see https://blog.chromium.org/2019/10/no-more-mixed-messages-about-https.html @ https://repository.upi.edu/138684/:0
[  141602ms] [WARNING] Mixed Content: The page at 'https://repository.upi.edu/138684/' was loaded over HTTPS, but requested an insecure element 'http://repository.upi.edu/style/images/fileicons/text.png'. This request was automatically upgraded to HTTPS, For more information see https://blog.chromium.org/2019/10/no-more-mixed-messages-about-https.html @ https://repository.upi.edu/138684/:0
[  141603ms] [WARNING] Mixed Content: The page at 'https://repository.upi.edu/138684/' was loaded over HTTPS, but requested an insecure element 'http://repository.upi.edu/style/images/fileicons/text.png'. This request was automatically upgraded to HTTPS, For more information see https://blog.chromium.org/2019/10/no-more-mixed-messages-about-https.html @ https://repository.upi.edu/138684/:0
[  141603ms] [WARNING] Mixed Content: The page at 'https://repository.upi.edu/138684/' was loaded over HTTPS, but requested an insecure element 'http://repository.upi.edu/style/images/fileicons/text.png'. This request was automatically upgraded to HTTPS, For more information see https://blog.chromium.org/2019/10/no-more-mixed-messages-about-https.html @ https://repository.upi.edu/138684/:0
[  141603ms] [WARNING] Mixed Content: The page at 'https://repository.upi.edu/138684/' was loaded over HTTPS, but requested an insecure element 'http://repository.upi.edu/style/images/fileicons/text.png'. This request was automatically upgraded to HTTPS, For more information see https://blog.chromium.org/2019/10/no-more-mixed-messages-about-https.html @ https://repository.upi.edu/138684/:0
[  141603ms] [WARNING] Mixed Content: The page at 'https://repository.upi.edu/138684/' was loaded over HTTPS, but requested an insecure element 'http://repository.upi.edu/style/images/fileicons/text.png'. This request was automatically upgraded to HTTPS, For more information see https://blog.chromium.org/2019/10/no-more-mixed-messages-about-https.html @ https://repository.upi.edu/138684/:0
[  141603ms] [WARNING] Mixed Content: The page at 'https://repository.upi.edu/138684/' was loaded over HTTPS, but requested an insecure element 'http://repository.upi.edu/style/images/fileicons/text.png'. This request was automatically upgraded to HTTPS, For more information see https://blog.chromium.org/2019/10/no-more-mixed-messages-about-https.html @ https://repository.upi.edu/138684/:0
[  141603ms] [WARNING] Mixed Content: The page at 'https://repository.upi.edu/138684/' was loaded over HTTPS, but requested an insecure element 'http://repository.upi.edu/style/images/fileicons/text.png'. This request was automatically upgraded to HTTPS, For more information see https://blog.chromium.org/2019/10/no-more-mixed-messages-about-https.html @ https://repository.upi.edu/138684/:0
[  141608ms] [WARNING] Mixed Content: The page at 'https://repository.upi.edu/138684/' was loaded over HTTPS, but requested an insecure element 'http://repository.upi.edu/style/images/fileicons/text.png'. This request was automatically upgraded to HTTPS, For more information see https://blog.chromium.org/2019/10/no-more-mixed-messages-about-https.html @ https://repository.upi.edu/138684/:323
[  141609ms] ReferenceError: gaq is not defined
    at https://repository.upi.edu/138684/:314:3
[  141608ms] [WARNING] Mixed Content: The page at 'https://repository.upi.edu/138684/' was loaded over HTTPS, but requested an insecure element 'http://repository.upi.edu/style/images/fileicons/text.png'. This request was automatically upgraded to HTTPS, For more information see https://blog.chromium.org/2019/10/no-more-mixed-messages-about-https.html @ https://repository.upi.edu/138684/:364
[  141609ms] ReferenceError: gaq is not defined
    at https://repository.upi.edu/138684/:355:3
[  141608ms] [WARNING] Mixed Content: The page at 'https://repository.upi.edu/138684/' was loaded over HTTPS, but requested an insecure element 'http://repository.upi.edu/style/images/fileicons/text.png'. This request was automatically upgraded to HTTPS, For more information see https://blog.chromium.org/2019/10/no-more-mixed-messages-about-https.html @ https://repository.upi.edu/138684/:405
[  141609ms] ReferenceError: gaq is not defined
    at https://repository.upi.edu/138684/:396:3
[  141608ms] [WARNING] Mixed Content: The page at 'https://repository.upi.edu/138684/' was loaded over HTTPS, but requested an insecure element 'http://repository.upi.edu/style/images/fileicons/text.png'. This request was automatically upgraded to HTTPS, For more information see https://blog.chromium.org/2019/10/no-more-mixed-messages-about-https.html @ https://repository.upi.edu/138684/:446
[  141609ms] ReferenceError: gaq is not defined
    at https://repository.upi.edu/138684/:437:3
[  141609ms] [WARNING] Mixed Content: The page at 'https://repository.upi.edu/138684/' was loaded over HTTPS, but requested an insecure element 'http://repository.upi.edu/style/images/fileicons/text.png'. This request was automatically upgraded to HTTPS, For more information see https://blog.chromium.org/2019/10/no-more-mixed-messages-about-https.html @ https://repository.upi.edu/138684/:487
[  141609ms] ReferenceError: gaq is not defined
    at https://repository.upi.edu/138684/:478:3
[  141609ms] [WARNING] Mixed Content: The page at 'https://repository.upi.edu/138684/' was loaded over HTTPS, but requested an insecure element 'http://repository.upi.edu/style/images/fileicons/text.png'. This request was automatically upgraded to HTTPS, For more information see https://blog.chromium.org/2019/10/no-more-mixed-messages-about-https.html @ https://repository.upi.edu/138684/:528
[  141609ms] ReferenceError: gaq is not defined
    at https://repository.upi.edu/138684/:519:3
[  141609ms] [WARNING] Mixed Content: The page at 'https://repository.upi.edu/138684/' was loaded over HTTPS, but requested an insecure element 'http://repository.upi.edu/style/images/fileicons/text.png'. This request was automatically upgraded to HTTPS, For more information see https://blog.chromium.org/2019/10/no-more-mixed-messages-about-https.html @ https://repository.upi.edu/138684/:569
[  141609ms] ReferenceError: gaq is not defined
    at https://repository.upi.edu/138684/:560:3
[  141609ms] [WARNING] Mixed Content: The page at 'https://repository.upi.edu/138684/' was loaded over HTTPS, but requested an insecure element 'http://repository.upi.edu/style/images/fileicons/text.png'. This request was automatically upgraded to HTTPS, For more information see https://blog.chromium.org/2019/10/no-more-mixed-messages-about-https.html @ https://repository.upi.edu/138684/:610
[  141609ms] ReferenceError: gaq is not defined
    at https://repository.upi.edu/138684/:601:3
[  141985ms] [WARNING] Mixed Content: The page at 'https://repository.upi.edu/137965/' was loaded over HTTPS, but requested an insecure element 'http://repository.upi.edu/style/images/fileicons/text.png'. This request was automatically upgraded to HTTPS, For more information see https://blog.chromium.org/2019/10/no-more-mixed-messages-about-https.html @ https://repository.upi.edu/137965/:0
[  141985ms] [WARNING] Mixed Content: The page at 'https://repository.upi.edu/137965/' was loaded over HTTPS, but requested an insecure element 'http://repository.upi.edu/style/images/fileicons/text.png'. This request was automatically upgraded to HTTPS, For more information see https://blog.chromium.org/2019/10/no-more-mixed-messages-about-https.html @ https://repository.upi.edu/137965/:0
[  141985ms] [WARNING] Mixed Content: The page at 'https://repository.upi.edu/137965/' was loaded over HTTPS, but requested an insecure element 'http://repository.upi.edu/style/images/fileicons/text.png'. This request was automatically upgraded to HTTPS, For more information see https://blog.chromium.org/2019/10/no-more-mixed-messages-about-https.html @ https://repository.upi.edu/137965/:0
[  141985ms] [WARNING] Mixed Content: The page at 'https://repository.upi.edu/137965/' was loaded over HTTPS, but requested an insecure element 'http://repository.upi.edu/style/images/fileicons/text.png'. This request was automatically upgraded to HTTPS, For more information see https://blog.chromium.org/2019/10/no-more-mixed-messages-about-https.html @ https://repository.upi.edu/137965/:0
[  141985ms] [WARNING] Mixed Content: The page at 'https://repository.upi.edu/137965/' was loaded over HTTPS, but requested an insecure element 'http://repository.upi.edu/style/images/fileicons/text.png'. This request was automatically upgraded to HTTPS, For more information see https://blog.chromium.org/2019/10/no-more-mixed-messages-about-https.html @ https://repository.upi.edu/137965/:0
[  141985ms] [WARNING] Mixed Content: The page at 'https://repository.upi.edu/137965/' was loaded over HTTPS, but requested an insecure element 'http://repository.upi.edu/style/images/fileicons/text.png'. This request was automatically upgraded to HTTPS, For more information see https://blog.chromium.org/2019/10/no-more-mixed-messages-about-https.html @ https://repository.upi.edu/137965/:0
[  141985ms] [WARNING] Mixed Content: The page at 'https://repository.upi.edu/137965/' was loaded over HTTPS, but requested an insecure element 'http://repository.upi.edu/style/images/fileicons/text.png'. This request was automatically upgraded to HTTPS, For more information see https://blog.chromium.org/2019/10/no-more-mixed-messages-about-https.html @ https://repository.upi.edu/137965/:0
[  141992ms] [WARNING] Mixed Content: The page at 'https://repository.upi.edu/137965/' was loaded over HTTPS, but requested an insecure element 'http://repository.upi.edu/style/images/fileicons/text.png'. This request was automatically upgraded to HTTPS, For more information see https://blog.chromium.org/2019/10/no-more-mixed-messages-about-https.html @ https://repository.upi.edu/137965/:321
[  141992ms] ReferenceError: gaq is not defined
    at https://repository.upi.edu/137965/:312:3
[  141992ms] [WARNING] Mixed Content: The page at 'https://repository.upi.edu/137965/' was loaded over HTTPS, but requested an insecure element 'http://repository.upi.edu/style/images/fileicons/text.png'. This request was automatically upgraded to HTTPS, For more information see https://blog.chromium.org/2019/10/no-more-mixed-messages-about-https.html @ https://repository.upi.edu/137965/:362
[  141992ms] ReferenceError: gaq is not defined
    at https://repository.upi.edu/137965/:353:3
[  141992ms] [WARNING] Mixed Content: The page at 'https://repository.upi.edu/137965/' was loaded over HTTPS, but requested an insecure element 'http://repository.upi.edu/style/images/fileicons/text.png'. This request was automatically upgraded to HTTPS, For more information see https://blog.chromium.org/2019/10/no-more-mixed-messages-about-https.html @ https://repository.upi.edu/137965/:403
[  141993ms] ReferenceError: gaq is not defined
    at https://repository.upi.edu/137965/:394:3
[  141993ms] [WARNING] Mixed Content: The page at 'https://repository.upi.edu/137965/' was loaded over HTTPS, but requested an insecure element 'http://repository.upi.edu/style/images/fileicons/text.png'. This request was automatically upgraded to HTTPS, For more information see https://blog.chromium.org/2019/10/no-more-mixed-messages-about-https.html @ https://repository.upi.edu/137965/:444
[  141993ms] ReferenceError: gaq is not defined
    at https://repository.upi.edu/137965/:435:3
[  141993ms] [WARNING] Mixed Content: The page at 'https://repository.upi.edu/137965/' was loaded over HTTPS, but requested an insecure element 'http://repository.upi.edu/style/images/fileicons/text.png'. This request was automatically upgraded to HTTPS, For more information see https://blog.chromium.org/2019/10/no-more-mixed-messages-about-https.html @ https://repository.upi.edu/137965/:485
[  141993ms] ReferenceError: gaq is not defined
    at https://repository.upi.edu/137965/:476:3
[  141993ms] [WARNING] Mixed Content: The page at 'https://repository.upi.edu/137965/' was loaded over HTTPS, but requested an insecure element 'http://repository.upi.edu/style/images/fileicons/text.png'. This request was automatically upgraded to HTTPS, For more information see https://blog.chromium.org/2019/10/no-more-mixed-messages-about-https.html @ https://repository.upi.edu/137965/:526
[  141993ms] ReferenceError: gaq is not defined
    at https://repository.upi.edu/137965/:517:3
[  141993ms] [WARNING] Mixed Content: The page at 'https://repository.upi.edu/137965/' was loaded over HTTPS, but requested an insecure element 'http://repository.upi.edu/style/images/fileicons/text.png'. This request was automatically upgraded to HTTPS, For more information see https://blog.chromium.org/2019/10/no-more-mixed-messages-about-https.html @ https://repository.upi.edu/137965/:567
[  141993ms] ReferenceError: gaq is not defined
    at https://repository.upi.edu/137965/:558:3
[  142678ms] [WARNING] Mixed Content: The page at 'https://repository.upi.edu/138011/' was loaded over HTTPS, but requested an insecure element 'http://repository.upi.edu/style/images/fileicons/text.png'. This request was automatically upgraded to HTTPS, For more information see https://blog.chromium.org/2019/10/no-more-mixed-messages-about-https.html @ https://repository.upi.edu/138011/:0
[  142678ms] [WARNING] Mixed Content: The page at 'https://repository.upi.edu/138011/' was loaded over HTTPS, but requested an insecure element 'http://repository.upi.edu/style/images/fileicons/text.png'. This request was automatically upgraded to HTTPS, For more information see https://blog.chromium.org/2019/10/no-more-mixed-messages-about-https.html @ https://repository.upi.edu/138011/:0
[  142678ms] [WARNING] Mixed Content: The page at 'https://repository.upi.edu/138011/' was loaded over HTTPS, but requested an insecure element 'http://repository.upi.edu/style/images/fileicons/text.png'. This request was automatically upgraded to HTTPS, For more information see https://blog.chromium.org/2019/10/no-more-mixed-messages-about-https.html @ https://repository.upi.edu/138011/:0
[  142678ms] [WARNING] Mixed Content: The page at 'https://repository.upi.edu/138011/' was loaded over HTTPS, but requested an insecure element 'http://repository.upi.edu/style/images/fileicons/text.png'. This request was automatically upgraded to HTTPS, For more information see https://blog.chromium.org/2019/10/no-more-mixed-messages-about-https.html @ https://repository.upi.edu/138011/:0
[  142678ms] [WARNING] Mixed Content: The page at 'https://repository.upi.edu/138011/' was loaded over HTTPS, but requested an insecure element 'http://repository.upi.edu/style/images/fileicons/text.png'. This request was automatically upgraded to HTTPS, For more information see https://blog.chromium.org/2019/10/no-more-mixed-messages-about-https.html @ https://repository.upi.edu/138011/:0
[  142678ms] [WARNING] Mixed Content: The page at 'https://repository.upi.edu/138011/' was loaded over HTTPS, but requested an insecure element 'http://repository.upi.edu/style/images/fileicons/text.png'. This request was automatically upgraded to HTTPS, For more information see https://blog.chromium.org/2019/10/no-more-mixed-messages-about-https.html @ https://repository.upi.edu/138011/:0
[  142678ms] [WARNING] Mixed Content: The page at 'https://repository.upi.edu/138011/' was loaded over HTTPS, but requested an insecure element 'http://repository.upi.edu/style/images/fileicons/text.png'. This request was automatically upgraded to HTTPS, For more information see https://blog.chromium.org/2019/10/no-more-mixed-messages-about-https.html @ https://repository.upi.edu/138011/:0
[  142684ms] [WARNING] Mixed Content: The page at 'https://repository.upi.edu/138011/' was loaded over HTTPS, but requested an insecure element 'http://repository.upi.edu/style/images/fileicons/text.png'. This request was automatically upgraded to HTTPS, For more information see https://blog.chromium.org/2019/10/no-more-mixed-messages-about-https.html @ https://repository.upi.edu/138011/:317
[  142685ms] ReferenceError: gaq is not defined
    at https://repository.upi.edu/138011/:308:3
[  142684ms] [WARNING] Mixed Content: The page at 'https://repository.upi.edu/138011/' was loaded over HTTPS, but requested an insecure element 'http://repository.upi.edu/style/images/fileicons/text.png'. This request was automatically upgraded to HTTPS, For more information see https://blog.chromium.org/2019/10/no-more-mixed-messages-about-https.html @ https://repository.upi.edu/138011/:358
[  142686ms] ReferenceError: gaq is not defined
    at https://repository.upi.edu/138011/:349:3
[  142684ms] [WARNING] Mixed Content: The page at 'https://repository.upi.edu/138011/' was loaded over HTTPS, but requested an insecure element 'http://repository.upi.edu/style/images/fileicons/text.png'. This request was automatically upgraded to HTTPS, For more information see https://blog.chromium.org/2019/10/no-more-mixed-messages-about-https.html @ https://repository.upi.edu/138011/:399
[  142686ms] ReferenceError: gaq is not defined
    at https://repository.upi.edu/138011/:390:3
[  142684ms] [WARNING] Mixed Content: The page at 'https://repository.upi.edu/138011/' was loaded over HTTPS, but requested an insecure element 'http://repository.upi.edu/style/images/fileicons/text.png'. This request was automatically upgraded to HTTPS, For more information see https://blog.chromium.org/2019/10/no-more-mixed-messages-about-https.html @ https://repository.upi.edu/138011/:440
[  142686ms] ReferenceError: gaq is not defined
    at https://repository.upi.edu/138011/:431:3
[  142684ms] [WARNING] Mixed Content: The page at 'https://repository.upi.edu/138011/' was loaded over HTTPS, but requested an insecure element 'http://repository.upi.edu/style/images/fileicons/text.png'. This request was automatically upgraded to HTTPS, For more information see https://blog.chromium.org/2019/10/no-more-mixed-messages-about-https.html @ https://repository.upi.edu/138011/:481
[  142686ms] ReferenceError: gaq is not defined
    at https://repository.upi.edu/138011/:472:3
[  142684ms] [WARNING] Mixed Content: The page at 'https://repository.upi.edu/138011/' was loaded over HTTPS, but requested an insecure element 'http://repository.upi.edu/style/images/fileicons/text.png'. This request was automatically upgraded to HTTPS, For more information see https://blog.chromium.org/2019/10/no-more-mixed-messages-about-https.html @ https://repository.upi.edu/138011/:522
[  142686ms] ReferenceError: gaq is not defined
    at https://repository.upi.edu/138011/:513:3
[  142685ms] [WARNING] Mixed Content: The page at 'https://repository.upi.edu/138011/' was loaded over HTTPS, but requested an insecure element 'http://repository.upi.edu/style/images/fileicons/text.png'. This request was automatically upgraded to HTTPS, For more information see https://blog.chromium.org/2019/10/no-more-mixed-messages-about-https.html @ https://repository.upi.edu/138011/:563
[  142686ms] ReferenceError: gaq is not defined
    at https://repository.upi.edu/138011/:554:3
[  142906ms] [WARNING] Mixed Content: The page at 'https://repository.upi.edu/135104/' was loaded over HTTPS, but requested an insecure element 'http://repository.upi.edu/style/images/fileicons/text.png'. This request was automatically upgraded to HTTPS, For more information see https://blog.chromium.org/2019/10/no-more-mixed-messages-about-https.html @ https://repository.upi.edu/135104/:0
[  142906ms] [WARNING] Mixed Content: The page at 'https://repository.upi.edu/135104/' was loaded over HTTPS, but requested an insecure element 'http://repository.upi.edu/style/images/fileicons/text.png'. This request was automatically upgraded to HTTPS, For more information see https://blog.chromium.org/2019/10/no-more-mixed-messages-about-https.html @ https://repository.upi.edu/135104/:0
[  142906ms] [WARNING] Mixed Content: The page at 'https://repository.upi.edu/135104/' was loaded over HTTPS, but requested an insecure element 'http://repository.upi.edu/style/images/fileicons/text.png'. This request was automatically upgraded to HTTPS, For more information see https://blog.chromium.org/2019/10/no-more-mixed-messages-about-https.html @ https://repository.upi.edu/135104/:0
[  142906ms] [WARNING] Mixed Content: The page at 'https://repository.upi.edu/135104/' was loaded over HTTPS, but requested an insecure element 'http://repository.upi.edu/style/images/fileicons/text.png'. This request was automatically upgraded to HTTPS, For more information see https://blog.chromium.org/2019/10/no-more-mixed-messages-about-https.html @ https://repository.upi.edu/135104/:0
[  142906ms] [WARNING] Mixed Content: The page at 'https://repository.upi.edu/135104/' was loaded over HTTPS, but requested an insecure element 'http://repository.upi.edu/style/images/fileicons/text.png'. This request was automatically upgraded to HTTPS, For more information see https://blog.chromium.org/2019/10/no-more-mixed-messages-about-https.html @ https://repository.upi.edu/135104/:0
[  142906ms] [WARNING] Mixed Content: The page at 'https://repository.upi.edu/135104/' was loaded over HTTPS, but requested an insecure element 'http://repository.upi.edu/style/images/fileicons/text.png'. This request was automatically upgraded to HTTPS, For more information see https://blog.chromium.org/2019/10/no-more-mixed-messages-about-https.html @ https://repository.upi.edu/135104/:0
[  142912ms] [WARNING] Mixed Content: The page at 'https://repository.upi.edu/135104/' was loaded over HTTPS, but requested an insecure element 'http://repository.upi.edu/style/images/fileicons/text.png'. This request was automatically upgraded to HTTPS, For more information see https://blog.chromium.org/2019/10/no-more-mixed-messages-about-https.html @ https://repository.upi.edu/135104/:317
[  142912ms] ReferenceError: gaq is not defined
    at https://repository.upi.edu/135104/:308:3
[  142912ms] [WARNING] Mixed Content: The page at 'https://repository.upi.edu/135104/' was loaded over HTTPS, but requested an insecure element 'http://repository.upi.edu/style/images/fileicons/text.png'. This request was automatically upgraded to HTTPS, For more information see https://blog.chromium.org/2019/10/no-more-mixed-messages-about-https.html @ https://repository.upi.edu/135104/:358
[  142912ms] ReferenceError: gaq is not defined
    at https://repository.upi.edu/135104/:349:3
[  142912ms] [WARNING] Mixed Content: The page at 'https://repository.upi.edu/135104/' was loaded over HTTPS, but requested an insecure element 'http://repository.upi.edu/style/images/fileicons/text.png'. This request was automatically upgraded to HTTPS, For more information see https://blog.chromium.org/2019/10/no-more-mixed-messages-about-https.html @ https://repository.upi.edu/135104/:399
[  142912ms] ReferenceError: gaq is not defined
    at https://repository.upi.edu/135104/:390:3
[  142912ms] [WARNING] Mixed Content: The page at 'https://repository.upi.edu/135104/' was loaded over HTTPS, but requested an insecure element 'http://repository.upi.edu/style/images/fileicons/text.png'. This request was automatically upgraded to HTTPS, For more information see https://blog.chromium.org/2019/10/no-more-mixed-messages-about-https.html @ https://repository.upi.edu/135104/:440
[  142912ms] ReferenceError: gaq is not defined
    at https://repository.upi.edu/135104/:431:3
[  142912ms] [WARNING] Mixed Content: The page at 'https://repository.upi.edu/135104/' was loaded over HTTPS, but requested an insecure element 'http://repository.upi.edu/style/images/fileicons/text.png'. This request was automatically upgraded to HTTPS, For more information see https://blog.chromium.org/2019/10/no-more-mixed-messages-about-https.html @ https://repository.upi.edu/135104/:481
[  142912ms] ReferenceError: gaq is not defined
    at https://repository.upi.edu/135104/:472:3
[  142912ms] [WARNING] Mixed Content: The page at 'https://repository.upi.edu/135104/' was loaded over HTTPS, but requested an insecure element 'http://repository.upi.edu/style/images/fileicons/text.png'. This request was automatically upgraded to HTTPS, For more information see https://blog.chromium.org/2019/10/no-more-mixed-messages-about-https.html @ https://repository.upi.edu/135104/:522
[  142912ms] ReferenceError: gaq is not defined
    at https://repository.upi.edu/135104/:513:3
[  143043ms] [WARNING] Mixed Content: The page at 'https://repository.upi.edu/133165/' was loaded over HTTPS, but requested an insecure element 'http://repository.upi.edu/style/images/fileicons/text.png'. This request was automatically upgraded to HTTPS, For more information see https://blog.chromium.org/2019/10/no-more-mixed-messages-about-https.html @ https://repository.upi.edu/133165/:0
[  143043ms] [WARNING] Mixed Content: The page at 'https://repository.upi.edu/133165/' was loaded over HTTPS, but requested an insecure element 'http://repository.upi.edu/style/images/fileicons/text.png'. This request was automatically upgraded to HTTPS, For more information see https://blog.chromium.org/2019/10/no-more-mixed-messages-about-https.html @ https://repository.upi.edu/133165/:0
[  143043ms] [WARNING] Mixed Content: The page at 'https://repository.upi.edu/133165/' was loaded over HTTPS, but requested an insecure element 'http://repository.upi.edu/style/images/fileicons/text.png'. This request was automatically upgraded to HTTPS, For more information see https://blog.chromium.org/2019/10/no-more-mixed-messages-about-https.html @ https://repository.upi.edu/133165/:0
[  143043ms] [WARNING] Mixed Content: The page at 'https://repository.upi.edu/133165/' was loaded over HTTPS, but requested an insecure element 'http://repository.upi.edu/style/images/fileicons/text.png'. This request was automatically upgraded to HTTPS, For more information see https://blog.chromium.org/2019/10/no-more-mixed-messages-about-https.html @ https://repository.upi.edu/133165/:0
[  143043ms] [WARNING] Mixed Content: The page at 'https://repository.upi.edu/133165/' was loaded over HTTPS, but requested an insecure element 'http://repository.upi.edu/style/images/fileicons/text.png'. This request was automatically upgraded to HTTPS, For more information see https://blog.chromium.org/2019/10/no-more-mixed-messages-about-https.html @ https://repository.upi.edu/133165/:0
[  143043ms] [WARNING] Mixed Content: The page at 'https://repository.upi.edu/133165/' was loaded over HTTPS, but requested an insecure element 'http://repository.upi.edu/style/images/fileicons/text.png'. This request was automatically upgraded to HTTPS, For more information see https://blog.chromium.org/2019/10/no-more-mixed-messages-about-https.html @ https://repository.upi.edu/133165/:0
[  143043ms] [WARNING] Mixed Content: The page at 'https://repository.upi.edu/133165/' was loaded over HTTPS, but requested an insecure element 'http://repository.upi.edu/style/images/fileicons/text.png'. This request was automatically upgraded to HTTPS, For more information see https://blog.chromium.org/2019/10/no-more-mixed-messages-about-https.html @ https://repository.upi.edu/133165/:0
[  143049ms] [WARNING] Mixed Content: The page at 'https://repository.upi.edu/133165/' was loaded over HTTPS, but requested an insecure element 'http://repository.upi.edu/style/images/fileicons/text.png'. This request was automatically upgraded to HTTPS, For more information see https://blog.chromium.org/2019/10/no-more-mixed-messages-about-https.html @ https://repository.upi.edu/133165/:309
[  143050ms] ReferenceError: gaq is not defined
    at https://repository.upi.edu/133165/:300:3
[  143050ms] [WARNING] Mixed Content: The page at 'https://repository.upi.edu/133165/' was loaded over HTTPS, but requested an insecure element 'http://repository.upi.edu/style/images/fileicons/text.png'. This request was automatically upgraded to HTTPS, For more information see https://blog.chromium.org/2019/10/no-more-mixed-messages-about-https.html @ https://repository.upi.edu/133165/:350
[  143050ms] ReferenceError: gaq is not defined
    at https://repository.upi.edu/133165/:341:3
[  143050ms] [WARNING] Mixed Content: The page at 'https://repository.upi.edu/133165/' was loaded over HTTPS, but requested an insecure element 'http://repository.upi.edu/style/images/fileicons/text.png'. This request was automatically upgraded to HTTPS, For more information see https://blog.chromium.org/2019/10/no-more-mixed-messages-about-https.html @ https://repository.upi.edu/133165/:391
[  143050ms] ReferenceError: gaq is not defined
    at https://repository.upi.edu/133165/:382:3
[  143050ms] [WARNING] Mixed Content: The page at 'https://repository.upi.edu/133165/' was loaded over HTTPS, but requested an insecure element 'http://repository.upi.edu/style/images/fileicons/text.png'. This request was automatically upgraded to HTTPS, For more information see https://blog.chromium.org/2019/10/no-more-mixed-messages-about-https.html @ https://repository.upi.edu/133165/:432
[  143051ms] ReferenceError: gaq is not defined
    at https://repository.upi.edu/133165/:423:3
[  143050ms] [WARNING] Mixed Content: The page at 'https://repository.upi.edu/133165/' was loaded over HTTPS, but requested an insecure element 'http://repository.upi.edu/style/images/fileicons/text.png'. This request was automatically upgraded to HTTPS, For more information see https://blog.chromium.org/2019/10/no-more-mixed-messages-about-https.html @ https://repository.upi.edu/133165/:473
[  143051ms] ReferenceError: gaq is not defined
    at https://repository.upi.edu/133165/:464:3
[  143050ms] [WARNING] Mixed Content: The page at 'https://repository.upi.edu/133165/' was loaded over HTTPS, but requested an insecure element 'http://repository.upi.edu/style/images/fileicons/text.png'. This request was automatically upgraded to HTTPS, For more information see https://blog.chromium.org/2019/10/no-more-mixed-messages-about-https.html @ https://repository.upi.edu/133165/:514
[  143051ms] ReferenceError: gaq is not defined
    at https://repository.upi.edu/133165/:505:3
[  143050ms] [WARNING] Mixed Content: The page at 'https://repository.upi.edu/133165/' was loaded over HTTPS, but requested an insecure element 'http://repository.upi.edu/style/images/fileicons/text.png'. This request was automatically upgraded to HTTPS, For more information see https://blog.chromium.org/2019/10/no-more-mixed-messages-about-https.html @ https://repository.upi.edu/133165/:555
[  143051ms] ReferenceError: gaq is not defined
    at https://repository.upi.edu/133165/:546:3
[  143170ms] [WARNING] Mixed Content: The page at 'https://repository.upi.edu/146010/' was loaded over HTTPS, but requested an insecure element 'http://repository.upi.edu/style/images/fileicons/text.png'. This request was automatically upgraded to HTTPS, For more information see https://blog.chromium.org/2019/10/no-more-mixed-messages-about-https.html @ https://repository.upi.edu/146010/:0
[  143170ms] [WARNING] Mixed Content: The page at 'https://repository.upi.edu/146010/' was loaded over HTTPS, but requested an insecure element 'http://repository.upi.edu/style/images/fileicons/text.png'. This request was automatically upgraded to HTTPS, For more information see https://blog.chromium.org/2019/10/no-more-mixed-messages-about-https.html @ https://repository.upi.edu/146010/:0
[  143170ms] [WARNING] Mixed Content: The page at 'https://repository.upi.edu/146010/' was loaded over HTTPS, but requested an insecure element 'http://repository.upi.edu/style/images/fileicons/text.png'. This request was automatically upgraded to HTTPS, For more information see https://blog.chromium.org/2019/10/no-more-mixed-messages-about-https.html @ https://repository.upi.edu/146010/:0
[  143170ms] [WARNING] Mixed Content: The page at 'https://repository.upi.edu/146010/' was loaded over HTTPS, but requested an insecure element 'http://repository.upi.edu/style/images/fileicons/text.png'. This request was automatically upgraded to HTTPS, For more information see https://blog.chromium.org/2019/10/no-more-mixed-messages-about-https.html @ https://repository.upi.edu/146010/:0
[  143170ms] [WARNING] Mixed Content: The page at 'https://repository.upi.edu/146010/' was loaded over HTTPS, but requested an insecure element 'http://repository.upi.edu/style/images/fileicons/text.png'. This request was automatically upgraded to HTTPS, For more information see https://blog.chromium.org/2019/10/no-more-mixed-messages-about-https.html @ https://repository.upi.edu/146010/:0
[  143170ms] [WARNING] Mixed Content: The page at 'https://repository.upi.edu/146010/' was loaded over HTTPS, but requested an insecure element 'http://repository.upi.edu/style/images/fileicons/text.png'. This request was automatically upgraded to HTTPS, For more information see https://blog.chromium.org/2019/10/no-more-mixed-messages-about-https.html @ https://repository.upi.edu/146010/:0
[  143170ms] [WARNING] Mixed Content: The page at 'https://repository.upi.edu/146010/' was loaded over HTTPS, but requested an insecure element 'http://repository.upi.edu/style/images/fileicons/text.png'. This request was automatically upgraded to HTTPS, For more information see https://blog.chromium.org/2019/10/no-more-mixed-messages-about-https.html @ https://repository.upi.edu/146010/:0
[  143177ms] [WARNING] Mixed Content: The page at 'https://repository.upi.edu/146010/' was loaded over HTTPS, but requested an insecure element 'http://repository.upi.edu/style/images/fileicons/text.png'. This request was automatically upgraded to HTTPS, For more information see https://blog.chromium.org/2019/10/no-more-mixed-messages-about-https.html @ https://repository.upi.edu/146010/:319
[  143177ms] ReferenceError: gaq is not defined
    at https://repository.upi.edu/146010/:310:3
[  143177ms] [WARNING] Mixed Content: The page at 'https://repository.upi.edu/146010/' was loaded over HTTPS, but requested an insecure element 'http://repository.upi.edu/style/images/fileicons/text.png'. This request was automatically upgraded to HTTPS, For more information see https://blog.chromium.org/2019/10/no-more-mixed-messages-about-https.html @ https://repository.upi.edu/146010/:360
[  143177ms] ReferenceError: gaq is not defined
    at https://repository.upi.edu/146010/:351:3
[  143177ms] [WARNING] Mixed Content: The page at 'https://repository.upi.edu/146010/' was loaded over HTTPS, but requested an insecure element 'http://repository.upi.edu/style/images/fileicons/text.png'. This request was automatically upgraded to HTTPS, For more information see https://blog.chromium.org/2019/10/no-more-mixed-messages-about-https.html @ https://repository.upi.edu/146010/:401
[  143177ms] ReferenceError: gaq is not defined
    at https://repository.upi.edu/146010/:392:3
[  143177ms] [WARNING] Mixed Content: The page at 'https://repository.upi.edu/146010/' was loaded over HTTPS, but requested an insecure element 'http://repository.upi.edu/style/images/fileicons/text.png'. This request was automatically upgraded to HTTPS, For more information see https://blog.chromium.org/2019/10/no-more-mixed-messages-about-https.html @ https://repository.upi.edu/146010/:442
[  143177ms] ReferenceError: gaq is not defined
    at https://repository.upi.edu/146010/:433:3
[  143177ms] [WARNING] Mixed Content: The page at 'https://repository.upi.edu/146010/' was loaded over HTTPS, but requested an insecure element 'http://repository.upi.edu/style/images/fileicons/text.png'. This request was automatically upgraded to HTTPS, For more information see https://blog.chromium.org/2019/10/no-more-mixed-messages-about-https.html @ https://repository.upi.edu/146010/:483
[  143177ms] ReferenceError: gaq is not defined
    at https://repository.upi.edu/146010/:474:3
[  143177ms] [WARNING] Mixed Content: The page at 'https://repository.upi.edu/146010/' was loaded over HTTPS, but requested an insecure element 'http://repository.upi.edu/style/images/fileicons/text.png'. This request was automatically upgraded to HTTPS, For more information see https://blog.chromium.org/2019/10/no-more-mixed-messages-about-https.html @ https://repository.upi.edu/146010/:524
[  143177ms] ReferenceError: gaq is not defined
    at https://repository.upi.edu/146010/:515:3
[  143178ms] [WARNING] Mixed Content: The page at 'https://repository.upi.edu/146010/' was loaded over HTTPS, but requested an insecure element 'http://repository.upi.edu/style/images/fileicons/text.png'. This request was automatically upgraded to HTTPS, For more information see https://blog.chromium.org/2019/10/no-more-mixed-messages-about-https.html @ https://repository.upi.edu/146010/:565
[  143177ms] ReferenceError: gaq is not defined
    at https://repository.upi.edu/146010/:556:3
[  143294ms] [WARNING] Mixed Content: The page at 'https://repository.upi.edu/146181/' was loaded over HTTPS, but requested an insecure element 'http://repository.upi.edu/style/images/fileicons/text.png'. This request was automatically upgraded to HTTPS, For more information see https://blog.chromium.org/2019/10/no-more-mixed-messages-about-https.html @ https://repository.upi.edu/146181/:0
[  143294ms] [WARNING] Mixed Content: The page at 'https://repository.upi.edu/146181/' was loaded over HTTPS, but requested an insecure element 'http://repository.upi.edu/style/images/fileicons/text.png'. This request was automatically upgraded to HTTPS, For more information see https://blog.chromium.org/2019/10/no-more-mixed-messages-about-https.html @ https://repository.upi.edu/146181/:0
[  143294ms] [WARNING] Mixed Content: The page at 'https://repository.upi.edu/146181/' was loaded over HTTPS, but requested an insecure element 'http://repository.upi.edu/style/images/fileicons/text.png'. This request was automatically upgraded to HTTPS, For more information see https://blog.chromium.org/2019/10/no-more-mixed-messages-about-https.html @ https://repository.upi.edu/146181/:0
[  143294ms] [WARNING] Mixed Content: The page at 'https://repository.upi.edu/146181/' was loaded over HTTPS, but requested an insecure element 'http://repository.upi.edu/style/images/fileicons/text.png'. This request was automatically upgraded to HTTPS, For more information see https://blog.chromium.org/2019/10/no-more-mixed-messages-about-https.html @ https://repository.upi.edu/146181/:0
[  143294ms] [WARNING] Mixed Content: The page at 'https://repository.upi.edu/146181/' was loaded over HTTPS, but requested an insecure element 'http://repository.upi.edu/style/images/fileicons/text.png'. This request was automatically upgraded to HTTPS, For more information see https://blog.chromium.org/2019/10/no-more-mixed-messages-about-https.html @ https://repository.upi.edu/146181/:0
[  143294ms] [WARNING] Mixed Content: The page at 'https://repository.upi.edu/146181/' was loaded over HTTPS, but requested an insecure element 'http://repository.upi.edu/style/images/fileicons/text.png'. This request was automatically upgraded to HTTPS, For more information see https://blog.chromium.org/2019/10/no-more-mixed-messages-about-https.html @ https://repository.upi.edu/146181/:0
[  143294ms] [WARNING] Mixed Content: The page at 'https://repository.upi.edu/146181/' was loaded over HTTPS, but requested an insecure element 'http://repository.upi.edu/style/images/fileicons/text.png'. This request was automatically upgraded to HTTPS, For more information see https://blog.chromium.org/2019/10/no-more-mixed-messages-about-https.html @ https://repository.upi.edu/146181/:0
[  143300ms] [WARNING] Mixed Content: The page at 'https://repository.upi.edu/146181/' was loaded over HTTPS, but requested an insecure element 'http://repository.upi.edu/style/images/fileicons/text.png'. This request was automatically upgraded to HTTPS, For more information see https://blog.chromium.org/2019/10/no-more-mixed-messages-about-https.html @ https://repository.upi.edu/146181/:320
[  143300ms] ReferenceError: gaq is not defined
    at https://repository.upi.edu/146181/:311:3
[  143300ms] [WARNING] Mixed Content: The page at 'https://repository.upi.edu/146181/' was loaded over HTTPS, but requested an insecure element 'http://repository.upi.edu/style/images/fileicons/text.png'. This request was automatically upgraded to HTTPS, For more information see https://blog.chromium.org/2019/10/no-more-mixed-messages-about-https.html @ https://repository.upi.edu/146181/:361
[  143301ms] ReferenceError: gaq is not defined
    at https://repository.upi.edu/146181/:352:3
[  143300ms] [WARNING] Mixed Content: The page at 'https://repository.upi.edu/146181/' was loaded over HTTPS, but requested an insecure element 'http://repository.upi.edu/style/images/fileicons/text.png'. This request was automatically upgraded to HTTPS, For more information see https://blog.chromium.org/2019/10/no-more-mixed-messages-about-https.html @ https://repository.upi.edu/146181/:402
[  143302ms] ReferenceError: gaq is not defined
    at https://repository.upi.edu/146181/:393:3
[  143300ms] [WARNING] Mixed Content: The page at 'https://repository.upi.edu/146181/' was loaded over HTTPS, but requested an insecure element 'http://repository.upi.edu/style/images/fileicons/text.png'. This request was automatically upgraded to HTTPS, For more information see https://blog.chromium.org/2019/10/no-more-mixed-messages-about-https.html @ https://repository.upi.edu/146181/:443
[  143302ms] ReferenceError: gaq is not defined
    at https://repository.upi.edu/146181/:434:3
[  143300ms] [WARNING] Mixed Content: The page at 'https://repository.upi.edu/146181/' was loaded over HTTPS, but requested an insecure element 'http://repository.upi.edu/style/images/fileicons/text.png'. This request was automatically upgraded to HTTPS, For more information see https://blog.chromium.org/2019/10/no-more-mixed-messages-about-https.html @ https://repository.upi.edu/146181/:484
[  143303ms] ReferenceError: gaq is not defined
    at https://repository.upi.edu/146181/:475:3
[  143300ms] [WARNING] Mixed Content: The page at 'https://repository.upi.edu/146181/' was loaded over HTTPS, but requested an insecure element 'http://repository.upi.edu/style/images/fileicons/text.png'. This request was automatically upgraded to HTTPS, For more information see https://blog.chromium.org/2019/10/no-more-mixed-messages-about-https.html @ https://repository.upi.edu/146181/:525
[  143303ms] ReferenceError: gaq is not defined
    at https://repository.upi.edu/146181/:516:3
[  143300ms] [WARNING] Mixed Content: The page at 'https://repository.upi.edu/146181/' was loaded over HTTPS, but requested an insecure element 'http://repository.upi.edu/style/images/fileicons/text.png'. This request was automatically upgraded to HTTPS, For more information see https://blog.chromium.org/2019/10/no-more-mixed-messages-about-https.html @ https://repository.upi.edu/146181/:566
[  143303ms] ReferenceError: gaq is not defined
    at https://repository.upi.edu/146181/:557:3
[  143958ms] [WARNING] Mixed Content: The page at 'https://repository.upi.edu/137661/' was loaded over HTTPS, but requested an insecure element 'http://repository.upi.edu/style/images/fileicons/text.png'. This request was automatically upgraded to HTTPS, For more information see https://blog.chromium.org/2019/10/no-more-mixed-messages-about-https.html @ https://repository.upi.edu/137661/:0
[  143958ms] [WARNING] Mixed Content: The page at 'https://repository.upi.edu/137661/' was loaded over HTTPS, but requested an insecure element 'http://repository.upi.edu/style/images/fileicons/text.png'. This request was automatically upgraded to HTTPS, For more information see https://blog.chromium.org/2019/10/no-more-mixed-messages-about-https.html @ https://repository.upi.edu/137661/:0
[  143958ms] [WARNING] Mixed Content: The page at 'https://repository.upi.edu/137661/' was loaded over HTTPS, but requested an insecure element 'http://repository.upi.edu/style/images/fileicons/text.png'. This request was automatically upgraded to HTTPS, For more information see https://blog.chromium.org/2019/10/no-more-mixed-messages-about-https.html @ https://repository.upi.edu/137661/:0
[  143958ms] [WARNING] Mixed Content: The page at 'https://repository.upi.edu/137661/' was loaded over HTTPS, but requested an insecure element 'http://repository.upi.edu/style/images/fileicons/text.png'. This request was automatically upgraded to HTTPS, For more information see https://blog.chromium.org/2019/10/no-more-mixed-messages-about-https.html @ https://repository.upi.edu/137661/:0
[  143958ms] [WARNING] Mixed Content: The page at 'https://repository.upi.edu/137661/' was loaded over HTTPS, but requested an insecure element 'http://repository.upi.edu/style/images/fileicons/text.png'. This request was automatically upgraded to HTTPS, For more information see https://blog.chromium.org/2019/10/no-more-mixed-messages-about-https.html @ https://repository.upi.edu/137661/:0
[  143958ms] [WARNING] Mixed Content: The page at 'https://repository.upi.edu/137661/' was loaded over HTTPS, but requested an insecure element 'http://repository.upi.edu/style/images/fileicons/text.png'. This request was automatically upgraded to HTTPS, For more information see https://blog.chromium.org/2019/10/no-more-mixed-messages-about-https.html @ https://repository.upi.edu/137661/:0
[  143958ms] [WARNING] Mixed Content: The page at 'https://repository.upi.edu/137661/' was loaded over HTTPS, but requested an insecure element 'http://repository.upi.edu/style/images/fileicons/text.png'. This request was automatically upgraded to HTTPS, For more information see https://blog.chromium.org/2019/10/no-more-mixed-messages-about-https.html @ https://repository.upi.edu/137661/:0
[  143964ms] [WARNING] Mixed Content: The page at 'https://repository.upi.edu/137661/' was loaded over HTTPS, but requested an insecure element 'http://repository.upi.edu/style/images/fileicons/text.png'. This request was automatically upgraded to HTTPS, For more information see https://blog.chromium.org/2019/10/no-more-mixed-messages-about-https.html @ https://repository.upi.edu/137661/:319
[  143965ms] ReferenceError: gaq is not defined
    at https://repository.upi.edu/137661/:310:3
[  143964ms] [WARNING] Mixed Content: The page at 'https://repository.upi.edu/137661/' was loaded over HTTPS, but requested an insecure element 'http://repository.upi.edu/style/images/fileicons/text.png'. This request was automatically upgraded to HTTPS, For more information see https://blog.chromium.org/2019/10/no-more-mixed-messages-about-https.html @ https://repository.upi.edu/137661/:360
[  143965ms] ReferenceError: gaq is not defined
    at https://repository.upi.edu/137661/:351:3
[  143965ms] [WARNING] Mixed Content: The page at 'https://repository.upi.edu/137661/' was loaded over HTTPS, but requested an insecure element 'http://repository.upi.edu/style/images/fileicons/text.png'. This request was automatically upgraded to HTTPS, For more information see https://blog.chromium.org/2019/10/no-more-mixed-messages-about-https.html @ https://repository.upi.edu/137661/:401
[  143965ms] ReferenceError: gaq is not defined
    at https://repository.upi.edu/137661/:392:3
[  143965ms] [WARNING] Mixed Content: The page at 'https://repository.upi.edu/137661/' was loaded over HTTPS, but requested an insecure element 'http://repository.upi.edu/style/images/fileicons/text.png'. This request was automatically upgraded to HTTPS, For more information see https://blog.chromium.org/2019/10/no-more-mixed-messages-about-https.html @ https://repository.upi.edu/137661/:444
[  143965ms] ReferenceError: gaq is not defined
    at https://repository.upi.edu/137661/:435:3
[  143965ms] [WARNING] Mixed Content: The page at 'https://repository.upi.edu/137661/' was loaded over HTTPS, but requested an insecure element 'http://repository.upi.edu/style/images/fileicons/text.png'. This request was automatically upgraded to HTTPS, For more information see https://blog.chromium.org/2019/10/no-more-mixed-messages-about-https.html @ https://repository.upi.edu/137661/:485
[  143965ms] ReferenceError: gaq is not defined
    at https://repository.upi.edu/137661/:476:3
[  143965ms] [WARNING] Mixed Content: The page at 'https://repository.upi.edu/137661/' was loaded over HTTPS, but requested an insecure element 'http://repository.upi.edu/style/images/fileicons/text.png'. This request was automatically upgraded to HTTPS, For more information see https://blog.chromium.org/2019/10/no-more-mixed-messages-about-https.html @ https://repository.upi.edu/137661/:528
[  143965ms] ReferenceError: gaq is not defined
    at https://repository.upi.edu/137661/:519:3
[  143965ms] [WARNING] Mixed Content: The page at 'https://repository.upi.edu/137661/' was loaded over HTTPS, but requested an insecure element 'http://repository.upi.edu/style/images/fileicons/text.png'. This request was automatically upgraded to HTTPS, For more information see https://blog.chromium.org/2019/10/no-more-mixed-messages-about-https.html @ https://repository.upi.edu/137661/:569
[  143965ms] ReferenceError: gaq is not defined
    at https://repository.upi.edu/137661/:560:3
[  144095ms] [WARNING] Mixed Content: The page at 'https://repository.upi.edu/138327/' was loaded over HTTPS, but requested an insecure element 'http://repository.upi.edu/style/images/fileicons/text.png'. This request was automatically upgraded to HTTPS, For more information see https://blog.chromium.org/2019/10/no-more-mixed-messages-about-https.html @ https://repository.upi.edu/138327/:0
[  144095ms] [WARNING] Mixed Content: The page at 'https://repository.upi.edu/138327/' was loaded over HTTPS, but requested an insecure element 'http://repository.upi.edu/style/images/fileicons/text.png'. This request was automatically upgraded to HTTPS, For more information see https://blog.chromium.org/2019/10/no-more-mixed-messages-about-https.html @ https://repository.upi.edu/138327/:0
[  144095ms] [WARNING] Mixed Content: The page at 'https://repository.upi.edu/138327/' was loaded over HTTPS, but requested an insecure element 'http://repository.upi.edu/style/images/fileicons/text.png'. This request was automatically upgraded to HTTPS, For more information see https://blog.chromium.org/2019/10/no-more-mixed-messages-about-https.html @ https://repository.upi.edu/138327/:0
[  144095ms] [WARNING] Mixed Content: The page at 'https://repository.upi.edu/138327/' was loaded over HTTPS, but requested an insecure element 'http://repository.upi.edu/style/images/fileicons/text.png'. This request was automatically upgraded to HTTPS, For more information see https://blog.chromium.org/2019/10/no-more-mixed-messages-about-https.html @ https://repository.upi.edu/138327/:0
[  144095ms] [WARNING] Mixed Content: The page at 'https://repository.upi.edu/138327/' was loaded over HTTPS, but requested an insecure element 'http://repository.upi.edu/style/images/fileicons/text.png'. This request was automatically upgraded to HTTPS, For more information see https://blog.chromium.org/2019/10/no-more-mixed-messages-about-https.html @ https://repository.upi.edu/138327/:0
[  144095ms] [WARNING] Mixed Content: The page at 'https://repository.upi.edu/138327/' was loaded over HTTPS, but requested an insecure element 'http://repository.upi.edu/style/images/fileicons/text.png'. This request was automatically upgraded to HTTPS, For more information see https://blog.chromium.org/2019/10/no-more-mixed-messages-about-https.html @ https://repository.upi.edu/138327/:0
[  144101ms] [WARNING] Mixed Content: The page at 'https://repository.upi.edu/138327/' was loaded over HTTPS, but requested an insecure element 'http://repository.upi.edu/style/images/fileicons/text.png'. This request was automatically upgraded to HTTPS, For more information see https://blog.chromium.org/2019/10/no-more-mixed-messages-about-https.html @ https://repository.upi.edu/138327/:313
[  144101ms] ReferenceError: gaq is not defined
    at https://repository.upi.edu/138327/:304:3
[  144101ms] [WARNING] Mixed Content: The page at 'https://repository.upi.edu/138327/' was loaded over HTTPS, but requested an insecure element 'http://repository.upi.edu/style/images/fileicons/text.png'. This request was automatically upgraded to HTTPS, For more information see https://blog.chromium.org/2019/10/no-more-mixed-messages-about-https.html @ https://repository.upi.edu/138327/:354
[  144101ms] ReferenceError: gaq is not defined
    at https://repository.upi.edu/138327/:345:3
[  144101ms] [WARNING] Mixed Content: The page at 'https://repository.upi.edu/138327/' was loaded over HTTPS, but requested an insecure element 'http://repository.upi.edu/style/images/fileicons/text.png'. This request was automatically upgraded to HTTPS, For more information see https://blog.chromium.org/2019/10/no-more-mixed-messages-about-https.html @ https://repository.upi.edu/138327/:395
[  144101ms] ReferenceError: gaq is not defined
    at https://repository.upi.edu/138327/:386:3
[  144101ms] [WARNING] Mixed Content: The page at 'https://repository.upi.edu/138327/' was loaded over HTTPS, but requested an insecure element 'http://repository.upi.edu/style/images/fileicons/text.png'. This request was automatically upgraded to HTTPS, For more information see https://blog.chromium.org/2019/10/no-more-mixed-messages-about-https.html @ https://repository.upi.edu/138327/:436
[  144101ms] ReferenceError: gaq is not defined
    at https://repository.upi.edu/138327/:427:3
[  144101ms] [WARNING] Mixed Content: The page at 'https://repository.upi.edu/138327/' was loaded over HTTPS, but requested an insecure element 'http://repository.upi.edu/style/images/fileicons/text.png'. This request was automatically upgraded to HTTPS, For more information see https://blog.chromium.org/2019/10/no-more-mixed-messages-about-https.html @ https://repository.upi.edu/138327/:477
[  144102ms] ReferenceError: gaq is not defined
    at https://repository.upi.edu/138327/:468:3
[  144101ms] [WARNING] Mixed Content: The page at 'https://repository.upi.edu/138327/' was loaded over HTTPS, but requested an insecure element 'http://repository.upi.edu/style/images/fileicons/text.png'. This request was automatically upgraded to HTTPS, For more information see https://blog.chromium.org/2019/10/no-more-mixed-messages-about-https.html @ https://repository.upi.edu/138327/:518
[  144102ms] ReferenceError: gaq is not defined
    at https://repository.upi.edu/138327/:509:3
[  144248ms] [WARNING] Mixed Content: The page at 'https://repository.upi.edu/139308/' was loaded over HTTPS, but requested an insecure element 'http://repository.upi.edu/style/images/fileicons/text.png'. This request was automatically upgraded to HTTPS, For more information see https://blog.chromium.org/2019/10/no-more-mixed-messages-about-https.html @ https://repository.upi.edu/139308/:0
[  144248ms] [WARNING] Mixed Content: The page at 'https://repository.upi.edu/139308/' was loaded over HTTPS, but requested an insecure element 'http://repository.upi.edu/style/images/fileicons/text.png'. This request was automatically upgraded to HTTPS, For more information see https://blog.chromium.org/2019/10/no-more-mixed-messages-about-https.html @ https://repository.upi.edu/139308/:0
[  144248ms] [WARNING] Mixed Content: The page at 'https://repository.upi.edu/139308/' was loaded over HTTPS, but requested an insecure element 'http://repository.upi.edu/style/images/fileicons/text.png'. This request was automatically upgraded to HTTPS, For more information see https://blog.chromium.org/2019/10/no-more-mixed-messages-about-https.html @ https://repository.upi.edu/139308/:0
[  144248ms] [WARNING] Mixed Content: The page at 'https://repository.upi.edu/139308/' was loaded over HTTPS, but requested an insecure element 'http://repository.upi.edu/style/images/fileicons/text.png'. This request was automatically upgraded to HTTPS, For more information see https://blog.chromium.org/2019/10/no-more-mixed-messages-about-https.html @ https://repository.upi.edu/139308/:0
[  144248ms] [WARNING] Mixed Content: The page at 'https://repository.upi.edu/139308/' was loaded over HTTPS, but requested an insecure element 'http://repository.upi.edu/style/images/fileicons/text.png'. This request was automatically upgraded to HTTPS, For more information see https://blog.chromium.org/2019/10/no-more-mixed-messages-about-https.html @ https://repository.upi.edu/139308/:0
[  144248ms] [WARNING] Mixed Content: The page at 'https://repository.upi.edu/139308/' was loaded over HTTPS, but requested an insecure element 'http://repository.upi.edu/style/images/fileicons/text.png'. This request was automatically upgraded to HTTPS, For more information see https://blog.chromium.org/2019/10/no-more-mixed-messages-about-https.html @ https://repository.upi.edu/139308/:0
[  144248ms] [WARNING] Mixed Content: The page at 'https://repository.upi.edu/139308/' was loaded over HTTPS, but requested an insecure element 'http://repository.upi.edu/style/images/fileicons/text.png'. This request was automatically upgraded to HTTPS, For more information see https://blog.chromium.org/2019/10/no-more-mixed-messages-about-https.html @ https://repository.upi.edu/139308/:0
[  144254ms] [WARNING] Mixed Content: The page at 'https://repository.upi.edu/139308/' was loaded over HTTPS, but requested an insecure element 'http://repository.upi.edu/style/images/fileicons/text.png'. This request was automatically upgraded to HTTPS, For more information see https://blog.chromium.org/2019/10/no-more-mixed-messages-about-https.html @ https://repository.upi.edu/139308/:438
[  144255ms] ReferenceError: gaq is not defined
    at https://repository.upi.edu/139308/:429:3
[  144255ms] [WARNING] Mixed Content: The page at 'https://repository.upi.edu/139308/' was loaded over HTTPS, but requested an insecure element 'http://repository.upi.edu/style/images/fileicons/text.png'. This request was automatically upgraded to HTTPS, For more information see https://blog.chromium.org/2019/10/no-more-mixed-messages-about-https.html @ https://repository.upi.edu/139308/:479
[  144255ms] ReferenceError: gaq is not defined
    at https://repository.upi.edu/139308/:470:3
[  144255ms] [WARNING] Mixed Content: The page at 'https://repository.upi.edu/139308/' was loaded over HTTPS, but requested an insecure element 'http://repository.upi.edu/style/images/fileicons/text.png'. This request was automatically upgraded to HTTPS, For more information see https://blog.chromium.org/2019/10/no-more-mixed-messages-about-https.html @ https://repository.upi.edu/139308/:520
[  144255ms] ReferenceError: gaq is not defined
    at https://repository.upi.edu/139308/:511:3
[  144255ms] [WARNING] Mixed Content: The page at 'https://repository.upi.edu/139308/' was loaded over HTTPS, but requested an insecure element 'http://repository.upi.edu/style/images/fileicons/text.png'. This request was automatically upgraded to HTTPS, For more information see https://blog.chromium.org/2019/10/no-more-mixed-messages-about-https.html @ https://repository.upi.edu/139308/:561
[  144255ms] ReferenceError: gaq is not defined
    at https://repository.upi.edu/139308/:552:3
[  144255ms] [WARNING] Mixed Content: The page at 'https://repository.upi.edu/139308/' was loaded over HTTPS, but requested an insecure element 'http://repository.upi.edu/style/images/fileicons/text.png'. This request was automatically upgraded to HTTPS, For more information see https://blog.chromium.org/2019/10/no-more-mixed-messages-about-https.html @ https://repository.upi.edu/139308/:602
[  144255ms] ReferenceError: gaq is not defined
    at https://repository.upi.edu/139308/:593:3
[  144255ms] [WARNING] Mixed Content: The page at 'https://repository.upi.edu/139308/' was loaded over HTTPS, but requested an insecure element 'http://repository.upi.edu/style/images/fileicons/text.png'. This request was automatically upgraded to HTTPS, For more information see https://blog.chromium.org/2019/10/no-more-mixed-messages-about-https.html @ https://repository.upi.edu/139308/:643
[  144255ms] ReferenceError: gaq is not defined
    at https://repository.upi.edu/139308/:634:3
[  144255ms] [WARNING] Mixed Content: The page at 'https://repository.upi.edu/139308/' was loaded over HTTPS, but requested an insecure element 'http://repository.upi.edu/style/images/fileicons/text.png'. This request was automatically upgraded to HTTPS, For more information see https://blog.chromium.org/2019/10/no-more-mixed-messages-about-https.html @ https://repository.upi.edu/139308/:684
[  144255ms] ReferenceError: gaq is not defined
    at https://repository.upi.edu/139308/:675:3
[  144384ms] [WARNING] Mixed Content: The page at 'https://repository.upi.edu/138143/' was loaded over HTTPS, but requested an insecure element 'http://repository.upi.edu/style/images/fileicons/text.png'. This request was automatically upgraded to HTTPS, For more information see https://blog.chromium.org/2019/10/no-more-mixed-messages-about-https.html @ https://repository.upi.edu/138143/:0
[  144384ms] [WARNING] Mixed Content: The page at 'https://repository.upi.edu/138143/' was loaded over HTTPS, but requested an insecure element 'http://repository.upi.edu/style/images/fileicons/text.png'. This request was automatically upgraded to HTTPS, For more information see https://blog.chromium.org/2019/10/no-more-mixed-messages-about-https.html @ https://repository.upi.edu/138143/:0
[  144384ms] [WARNING] Mixed Content: The page at 'https://repository.upi.edu/138143/' was loaded over HTTPS, but requested an insecure element 'http://repository.upi.edu/style/images/fileicons/text.png'. This request was automatically upgraded to HTTPS, For more information see https://blog.chromium.org/2019/10/no-more-mixed-messages-about-https.html @ https://repository.upi.edu/138143/:0
[  144384ms] [WARNING] Mixed Content: The page at 'https://repository.upi.edu/138143/' was loaded over HTTPS, but requested an insecure element 'http://repository.upi.edu/style/images/fileicons/text.png'. This request was automatically upgraded to HTTPS, For more information see https://blog.chromium.org/2019/10/no-more-mixed-messages-about-https.html @ https://repository.upi.edu/138143/:0
[  144384ms] [WARNING] Mixed Content: The page at 'https://repository.upi.edu/138143/' was loaded over HTTPS, but requested an insecure element 'http://repository.upi.edu/style/images/fileicons/text.png'. This request was automatically upgraded to HTTPS, For more information see https://blog.chromium.org/2019/10/no-more-mixed-messages-about-https.html @ https://repository.upi.edu/138143/:0
[  144384ms] [WARNING] Mixed Content: The page at 'https://repository.upi.edu/138143/' was loaded over HTTPS, but requested an insecure element 'http://repository.upi.edu/style/images/fileicons/text.png'. This request was automatically upgraded to HTTPS, For more information see https://blog.chromium.org/2019/10/no-more-mixed-messages-about-https.html @ https://repository.upi.edu/138143/:0
[  144384ms] [WARNING] Mixed Content: The page at 'https://repository.upi.edu/138143/' was loaded over HTTPS, but requested an insecure element 'http://repository.upi.edu/style/images/fileicons/text.png'. This request was automatically upgraded to HTTPS, For more information see https://blog.chromium.org/2019/10/no-more-mixed-messages-about-https.html @ https://repository.upi.edu/138143/:0
[  144390ms] [WARNING] Mixed Content: The page at 'https://repository.upi.edu/138143/' was loaded over HTTPS, but requested an insecure element 'http://repository.upi.edu/style/images/fileicons/text.png'. This request was automatically upgraded to HTTPS, For more information see https://blog.chromium.org/2019/10/no-more-mixed-messages-about-https.html @ https://repository.upi.edu/138143/:321
[  144390ms] ReferenceError: gaq is not defined
    at https://repository.upi.edu/138143/:312:3
[  144390ms] [WARNING] Mixed Content: The page at 'https://repository.upi.edu/138143/' was loaded over HTTPS, but requested an insecure element 'http://repository.upi.edu/style/images/fileicons/text.png'. This request was automatically upgraded to HTTPS, For more information see https://blog.chromium.org/2019/10/no-more-mixed-messages-about-https.html @ https://repository.upi.edu/138143/:362
[  144390ms] ReferenceError: gaq is not defined
    at https://repository.upi.edu/138143/:353:3
[  144390ms] [WARNING] Mixed Content: The page at 'https://repository.upi.edu/138143/' was loaded over HTTPS, but requested an insecure element 'http://repository.upi.edu/style/images/fileicons/text.png'. This request was automatically upgraded to HTTPS, For more information see https://blog.chromium.org/2019/10/no-more-mixed-messages-about-https.html @ https://repository.upi.edu/138143/:403
[  144390ms] ReferenceError: gaq is not defined
    at https://repository.upi.edu/138143/:394:3
[  144390ms] [WARNING] Mixed Content: The page at 'https://repository.upi.edu/138143/' was loaded over HTTPS, but requested an insecure element 'http://repository.upi.edu/style/images/fileicons/text.png'. This request was automatically upgraded to HTTPS, For more information see https://blog.chromium.org/2019/10/no-more-mixed-messages-about-https.html @ https://repository.upi.edu/138143/:444
[  144390ms] ReferenceError: gaq is not defined
    at https://repository.upi.edu/138143/:435:3
[  144390ms] [WARNING] Mixed Content: The page at 'https://repository.upi.edu/138143/' was loaded over HTTPS, but requested an insecure element 'http://repository.upi.edu/style/images/fileicons/text.png'. This request was automatically upgraded to HTTPS, For more information see https://blog.chromium.org/2019/10/no-more-mixed-messages-about-https.html @ https://repository.upi.edu/138143/:485
[  144390ms] ReferenceError: gaq is not defined
    at https://repository.upi.edu/138143/:476:3
[  144391ms] [WARNING] Mixed Content: The page at 'https://repository.upi.edu/138143/' was loaded over HTTPS, but requested an insecure element 'http://repository.upi.edu/style/images/fileicons/text.png'. This request was automatically upgraded to HTTPS, For more information see https://blog.chromium.org/2019/10/no-more-mixed-messages-about-https.html @ https://repository.upi.edu/138143/:526
[  144390ms] ReferenceError: gaq is not defined
    at https://repository.upi.edu/138143/:517:3
[  144391ms] [WARNING] Mixed Content: The page at 'https://repository.upi.edu/138143/' was loaded over HTTPS, but requested an insecure element 'http://repository.upi.edu/style/images/fileicons/text.png'. This request was automatically upgraded to HTTPS, For more information see https://blog.chromium.org/2019/10/no-more-mixed-messages-about-https.html @ https://repository.upi.edu/138143/:567
[  144390ms] ReferenceError: gaq is not defined
    at https://repository.upi.edu/138143/:558:3
[  144518ms] [WARNING] Mixed Content: The page at 'https://repository.upi.edu/134801/' was loaded over HTTPS, but requested an insecure element 'http://repository.upi.edu/style/images/fileicons/text.png'. This request was automatically upgraded to HTTPS, For more information see https://blog.chromium.org/2019/10/no-more-mixed-messages-about-https.html @ https://repository.upi.edu/134801/:0
[  144518ms] [WARNING] Mixed Content: The page at 'https://repository.upi.edu/134801/' was loaded over HTTPS, but requested an insecure element 'http://repository.upi.edu/style/images/fileicons/text.png'. This request was automatically upgraded to HTTPS, For more information see https://blog.chromium.org/2019/10/no-more-mixed-messages-about-https.html @ https://repository.upi.edu/134801/:0
[  144518ms] [WARNING] Mixed Content: The page at 'https://repository.upi.edu/134801/' was loaded over HTTPS, but requested an insecure element 'http://repository.upi.edu/style/images/fileicons/text.png'. This request was automatically upgraded to HTTPS, For more information see https://blog.chromium.org/2019/10/no-more-mixed-messages-about-https.html @ https://repository.upi.edu/134801/:0
[  144518ms] [WARNING] Mixed Content: The page at 'https://repository.upi.edu/134801/' was loaded over HTTPS, but requested an insecure element 'http://repository.upi.edu/style/images/fileicons/text.png'. This request was automatically upgraded to HTTPS, For more information see https://blog.chromium.org/2019/10/no-more-mixed-messages-about-https.html @ https://repository.upi.edu/134801/:0
[  144518ms] [WARNING] Mixed Content: The page at 'https://repository.upi.edu/134801/' was loaded over HTTPS, but requested an insecure element 'http://repository.upi.edu/style/images/fileicons/text.png'. This request was automatically upgraded to HTTPS, For more information see https://blog.chromium.org/2019/10/no-more-mixed-messages-about-https.html @ https://repository.upi.edu/134801/:0
[  144518ms] [WARNING] Mixed Content: The page at 'https://repository.upi.edu/134801/' was loaded over HTTPS, but requested an insecure element 'http://repository.upi.edu/style/images/fileicons/text.png'. This request was automatically upgraded to HTTPS, For more information see https://blog.chromium.org/2019/10/no-more-mixed-messages-about-https.html @ https://repository.upi.edu/134801/:0
[  144524ms] [WARNING] Mixed Content: The page at 'https://repository.upi.edu/134801/' was loaded over HTTPS, but requested an insecure element 'http://repository.upi.edu/style/images/fileicons/text.png'. This request was automatically upgraded to HTTPS, For more information see https://blog.chromium.org/2019/10/no-more-mixed-messages-about-https.html @ https://repository.upi.edu/134801/:323
[  144524ms] ReferenceError: gaq is not defined
    at https://repository.upi.edu/134801/:314:3
[  144524ms] [WARNING] Mixed Content: The page at 'https://repository.upi.edu/134801/' was loaded over HTTPS, but requested an insecure element 'http://repository.upi.edu/style/images/fileicons/text.png'. This request was automatically upgraded to HTTPS, For more information see https://blog.chromium.org/2019/10/no-more-mixed-messages-about-https.html @ https://repository.upi.edu/134801/:364
[  144524ms] ReferenceError: gaq is not defined
    at https://repository.upi.edu/134801/:355:3
[  144524ms] [WARNING] Mixed Content: The page at 'https://repository.upi.edu/134801/' was loaded over HTTPS, but requested an insecure element 'http://repository.upi.edu/style/images/fileicons/text.png'. This request was automatically upgraded to HTTPS, For more information see https://blog.chromium.org/2019/10/no-more-mixed-messages-about-https.html @ https://repository.upi.edu/134801/:405
[  144524ms] ReferenceError: gaq is not defined
    at https://repository.upi.edu/134801/:396:3
[  144524ms] [WARNING] Mixed Content: The page at 'https://repository.upi.edu/134801/' was loaded over HTTPS, but requested an insecure element 'http://repository.upi.edu/style/images/fileicons/text.png'. This request was automatically upgraded to HTTPS, For more information see https://blog.chromium.org/2019/10/no-more-mixed-messages-about-https.html @ https://repository.upi.edu/134801/:446
[  144524ms] ReferenceError: gaq is not defined
    at https://repository.upi.edu/134801/:437:3
[  144524ms] [WARNING] Mixed Content: The page at 'https://repository.upi.edu/134801/' was loaded over HTTPS, but requested an insecure element 'http://repository.upi.edu/style/images/fileicons/text.png'. This request was automatically upgraded to HTTPS, For more information see https://blog.chromium.org/2019/10/no-more-mixed-messages-about-https.html @ https://repository.upi.edu/134801/:487
[  144524ms] ReferenceError: gaq is not defined
    at https://repository.upi.edu/134801/:478:3
[  144524ms] [WARNING] Mixed Content: The page at 'https://repository.upi.edu/134801/' was loaded over HTTPS, but requested an insecure element 'http://repository.upi.edu/style/images/fileicons/text.png'. This request was automatically upgraded to HTTPS, For more information see https://blog.chromium.org/2019/10/no-more-mixed-messages-about-https.html @ https://repository.upi.edu/134801/:528
[  144524ms] ReferenceError: gaq is not defined
    at https://repository.upi.edu/134801/:519:3
[  145227ms] [WARNING] Mixed Content: The page at 'https://repository.upi.edu/138290/' was loaded over HTTPS, but requested an insecure element 'http://repository.upi.edu/style/images/fileicons/text.png'. This request was automatically upgraded to HTTPS, For more information see https://blog.chromium.org/2019/10/no-more-mixed-messages-about-https.html @ https://repository.upi.edu/138290/:0
[  145227ms] [WARNING] Mixed Content: The page at 'https://repository.upi.edu/138290/' was loaded over HTTPS, but requested an insecure element 'http://repository.upi.edu/style/images/fileicons/text.png'. This request was automatically upgraded to HTTPS, For more information see https://blog.chromium.org/2019/10/no-more-mixed-messages-about-https.html @ https://repository.upi.edu/138290/:0
[  145227ms] [WARNING] Mixed Content: The page at 'https://repository.upi.edu/138290/' was loaded over HTTPS, but requested an insecure element 'http://repository.upi.edu/style/images/fileicons/text.png'. This request was automatically upgraded to HTTPS, For more information see https://blog.chromium.org/2019/10/no-more-mixed-messages-about-https.html @ https://repository.upi.edu/138290/:0
[  145227ms] [WARNING] Mixed Content: The page at 'https://repository.upi.edu/138290/' was loaded over HTTPS, but requested an insecure element 'http://repository.upi.edu/style/images/fileicons/text.png'. This request was automatically upgraded to HTTPS, For more information see https://blog.chromium.org/2019/10/no-more-mixed-messages-about-https.html @ https://repository.upi.edu/138290/:0
[  145227ms] [WARNING] Mixed Content: The page at 'https://repository.upi.edu/138290/' was loaded over HTTPS, but requested an insecure element 'http://repository.upi.edu/style/images/fileicons/text.png'. This request was automatically upgraded to HTTPS, For more information see https://blog.chromium.org/2019/10/no-more-mixed-messages-about-https.html @ https://repository.upi.edu/138290/:0
[  145227ms] [WARNING] Mixed Content: The page at 'https://repository.upi.edu/138290/' was loaded over HTTPS, but requested an insecure element 'http://repository.upi.edu/style/images/fileicons/text.png'. This request was automatically upgraded to HTTPS, For more information see https://blog.chromium.org/2019/10/no-more-mixed-messages-about-https.html @ https://repository.upi.edu/138290/:0
[  145227ms] [WARNING] Mixed Content: The page at 'https://repository.upi.edu/138290/' was loaded over HTTPS, but requested an insecure element 'http://repository.upi.edu/style/images/fileicons/text.png'. This request was automatically upgraded to HTTPS, For more information see https://blog.chromium.org/2019/10/no-more-mixed-messages-about-https.html @ https://repository.upi.edu/138290/:0
[  145233ms] [WARNING] Mixed Content: The page at 'https://repository.upi.edu/138290/' was loaded over HTTPS, but requested an insecure element 'http://repository.upi.edu/style/images/fileicons/text.png'. This request was automatically upgraded to HTTPS, For more information see https://blog.chromium.org/2019/10/no-more-mixed-messages-about-https.html @ https://repository.upi.edu/138290/:319
[  145236ms] ReferenceError: gaq is not defined
    at https://repository.upi.edu/138290/:310:3
[  145233ms] [WARNING] Mixed Content: The page at 'https://repository.upi.edu/138290/' was loaded over HTTPS, but requested an insecure element 'http://repository.upi.edu/style/images/fileicons/text.png'. This request was automatically upgraded to HTTPS, For more information see https://blog.chromium.org/2019/10/no-more-mixed-messages-about-https.html @ https://repository.upi.edu/138290/:360
[  145236ms] ReferenceError: gaq is not defined
    at https://repository.upi.edu/138290/:351:3
[  145234ms] [WARNING] Mixed Content: The page at 'https://repository.upi.edu/138290/' was loaded over HTTPS, but requested an insecure element 'http://repository.upi.edu/style/images/fileicons/text.png'. This request was automatically upgraded to HTTPS, For more information see https://blog.chromium.org/2019/10/no-more-mixed-messages-about-https.html @ https://repository.upi.edu/138290/:401
[  145236ms] ReferenceError: gaq is not defined
    at https://repository.upi.edu/138290/:392:3
[  145234ms] [WARNING] Mixed Content: The page at 'https://repository.upi.edu/138290/' was loaded over HTTPS, but requested an insecure element 'http://repository.upi.edu/style/images/fileicons/text.png'. This request was automatically upgraded to HTTPS, For more information see https://blog.chromium.org/2019/10/no-more-mixed-messages-about-https.html @ https://repository.upi.edu/138290/:442
[  145236ms] ReferenceError: gaq is not defined
    at https://repository.upi.edu/138290/:433:3
[  145234ms] [WARNING] Mixed Content: The page at 'https://repository.upi.edu/138290/' was loaded over HTTPS, but requested an insecure element 'http://repository.upi.edu/style/images/fileicons/text.png'. This request was automatically upgraded to HTTPS, For more information see https://blog.chromium.org/2019/10/no-more-mixed-messages-about-https.html @ https://repository.upi.edu/138290/:483
[  145236ms] ReferenceError: gaq is not defined
    at https://repository.upi.edu/138290/:474:3
[  145234ms] [WARNING] Mixed Content: The page at 'https://repository.upi.edu/138290/' was loaded over HTTPS, but requested an insecure element 'http://repository.upi.edu/style/images/fileicons/text.png'. This request was automatically upgraded to HTTPS, For more information see https://blog.chromium.org/2019/10/no-more-mixed-messages-about-https.html @ https://repository.upi.edu/138290/:524
[  145236ms] ReferenceError: gaq is not defined
    at https://repository.upi.edu/138290/:515:3
[  145234ms] [WARNING] Mixed Content: The page at 'https://repository.upi.edu/138290/' was loaded over HTTPS, but requested an insecure element 'http://repository.upi.edu/style/images/fileicons/text.png'. This request was automatically upgraded to HTTPS, For more information see https://blog.chromium.org/2019/10/no-more-mixed-messages-about-https.html @ https://repository.upi.edu/138290/:565
[  145236ms] ReferenceError: gaq is not defined
    at https://repository.upi.edu/138290/:556:3
[  145350ms] [WARNING] Mixed Content: The page at 'https://repository.upi.edu/137823/' was loaded over HTTPS, but requested an insecure element 'http://repository.upi.edu/style/images/fileicons/text.png'. This request was automatically upgraded to HTTPS, For more information see https://blog.chromium.org/2019/10/no-more-mixed-messages-about-https.html @ https://repository.upi.edu/137823/:0
[  145350ms] [WARNING] Mixed Content: The page at 'https://repository.upi.edu/137823/' was loaded over HTTPS, but requested an insecure element 'http://repository.upi.edu/style/images/fileicons/text.png'. This request was automatically upgraded to HTTPS, For more information see https://blog.chromium.org/2019/10/no-more-mixed-messages-about-https.html @ https://repository.upi.edu/137823/:0
[  145350ms] [WARNING] Mixed Content: The page at 'https://repository.upi.edu/137823/' was loaded over HTTPS, but requested an insecure element 'http://repository.upi.edu/style/images/fileicons/text.png'. This request was automatically upgraded to HTTPS, For more information see https://blog.chromium.org/2019/10/no-more-mixed-messages-about-https.html @ https://repository.upi.edu/137823/:0
[  145350ms] [WARNING] Mixed Content: The page at 'https://repository.upi.edu/137823/' was loaded over HTTPS, but requested an insecure element 'http://repository.upi.edu/style/images/fileicons/text.png'. This request was automatically upgraded to HTTPS, For more information see https://blog.chromium.org/2019/10/no-more-mixed-messages-about-https.html @ https://repository.upi.edu/137823/:0
[  145350ms] [WARNING] Mixed Content: The page at 'https://repository.upi.edu/137823/' was loaded over HTTPS, but requested an insecure element 'http://repository.upi.edu/style/images/fileicons/text.png'. This request was automatically upgraded to HTTPS, For more information see https://blog.chromium.org/2019/10/no-more-mixed-messages-about-https.html @ https://repository.upi.edu/137823/:0
[  145350ms] [WARNING] Mixed Content: The page at 'https://repository.upi.edu/137823/' was loaded over HTTPS, but requested an insecure element 'http://repository.upi.edu/style/images/fileicons/text.png'. This request was automatically upgraded to HTTPS, For more information see https://blog.chromium.org/2019/10/no-more-mixed-messages-about-https.html @ https://repository.upi.edu/137823/:0
[  145350ms] [WARNING] Mixed Content: The page at 'https://repository.upi.edu/137823/' was loaded over HTTPS, but requested an insecure element 'http://repository.upi.edu/style/images/fileicons/text.png'. This request was automatically upgraded to HTTPS, For more information see https://blog.chromium.org/2019/10/no-more-mixed-messages-about-https.html @ https://repository.upi.edu/137823/:0
[  145356ms] [WARNING] Mixed Content: The page at 'https://repository.upi.edu/137823/' was loaded over HTTPS, but requested an insecure element 'http://repository.upi.edu/style/images/fileicons/text.png'. This request was automatically upgraded to HTTPS, For more information see https://blog.chromium.org/2019/10/no-more-mixed-messages-about-https.html @ https://repository.upi.edu/137823/:318
[  145357ms] ReferenceError: gaq is not defined
    at https://repository.upi.edu/137823/:309:3
[  145356ms] [WARNING] Mixed Content: The page at 'https://repository.upi.edu/137823/' was loaded over HTTPS, but requested an insecure element 'http://repository.upi.edu/style/images/fileicons/text.png'. This request was automatically upgraded to HTTPS, For more information see https://blog.chromium.org/2019/10/no-more-mixed-messages-about-https.html @ https://repository.upi.edu/137823/:359
[  145357ms] ReferenceError: gaq is not defined
    at https://repository.upi.edu/137823/:350:3
[  145357ms] [WARNING] Mixed Content: The page at 'https://repository.upi.edu/137823/' was loaded over HTTPS, but requested an insecure element 'http://repository.upi.edu/style/images/fileicons/text.png'. This request was automatically upgraded to HTTPS, For more information see https://blog.chromium.org/2019/10/no-more-mixed-messages-about-https.html @ https://repository.upi.edu/137823/:400
[  145357ms] ReferenceError: gaq is not defined
    at https://repository.upi.edu/137823/:391:3
[  145357ms] [WARNING] Mixed Content: The page at 'https://repository.upi.edu/137823/' was loaded over HTTPS, but requested an insecure element 'http://repository.upi.edu/style/images/fileicons/text.png'. This request was automatically upgraded to HTTPS, For more information see https://blog.chromium.org/2019/10/no-more-mixed-messages-about-https.html @ https://repository.upi.edu/137823/:441
[  145357ms] ReferenceError: gaq is not defined
    at https://repository.upi.edu/137823/:432:3
[  145357ms] [WARNING] Mixed Content: The page at 'https://repository.upi.edu/137823/' was loaded over HTTPS, but requested an insecure element 'http://repository.upi.edu/style/images/fileicons/text.png'. This request was automatically upgraded to HTTPS, For more information see https://blog.chromium.org/2019/10/no-more-mixed-messages-about-https.html @ https://repository.upi.edu/137823/:482
[  145357ms] ReferenceError: gaq is not defined
    at https://repository.upi.edu/137823/:473:3
[  145357ms] [WARNING] Mixed Content: The page at 'https://repository.upi.edu/137823/' was loaded over HTTPS, but requested an insecure element 'http://repository.upi.edu/style/images/fileicons/text.png'. This request was automatically upgraded to HTTPS, For more information see https://blog.chromium.org/2019/10/no-more-mixed-messages-about-https.html @ https://repository.upi.edu/137823/:523
[  145357ms] ReferenceError: gaq is not defined
    at https://repository.upi.edu/137823/:514:3
[  145357ms] [WARNING] Mixed Content: The page at 'https://repository.upi.edu/137823/' was loaded over HTTPS, but requested an insecure element 'http://repository.upi.edu/style/images/fileicons/text.png'. This request was automatically upgraded to HTTPS, For more information see https://blog.chromium.org/2019/10/no-more-mixed-messages-about-https.html @ https://repository.upi.edu/137823/:564
[  145357ms] ReferenceError: gaq is not defined
    at https://repository.upi.edu/137823/:555:3
[  145476ms] [WARNING] Mixed Content: The page at 'https://repository.upi.edu/132547/' was loaded over HTTPS, but requested an insecure element 'http://repository.upi.edu/style/images/fileicons/text.png'. This request was automatically upgraded to HTTPS, For more information see https://blog.chromium.org/2019/10/no-more-mixed-messages-about-https.html @ https://repository.upi.edu/132547/:0
[  145476ms] [WARNING] Mixed Content: The page at 'https://repository.upi.edu/132547/' was loaded over HTTPS, but requested an insecure element 'http://repository.upi.edu/style/images/fileicons/text.png'. This request was automatically upgraded to HTTPS, For more information see https://blog.chromium.org/2019/10/no-more-mixed-messages-about-https.html @ https://repository.upi.edu/132547/:0
[  145476ms] [WARNING] Mixed Content: The page at 'https://repository.upi.edu/132547/' was loaded over HTTPS, but requested an insecure element 'http://repository.upi.edu/style/images/fileicons/text.png'. This request was automatically upgraded to HTTPS, For more information see https://blog.chromium.org/2019/10/no-more-mixed-messages-about-https.html @ https://repository.upi.edu/132547/:0
[  145476ms] [WARNING] Mixed Content: The page at 'https://repository.upi.edu/132547/' was loaded over HTTPS, but requested an insecure element 'http://repository.upi.edu/style/images/fileicons/text.png'. This request was automatically upgraded to HTTPS, For more information see https://blog.chromium.org/2019/10/no-more-mixed-messages-about-https.html @ https://repository.upi.edu/132547/:0
[  145476ms] [WARNING] Mixed Content: The page at 'https://repository.upi.edu/132547/' was loaded over HTTPS, but requested an insecure element 'http://repository.upi.edu/style/images/fileicons/text.png'. This request was automatically upgraded to HTTPS, For more information see https://blog.chromium.org/2019/10/no-more-mixed-messages-about-https.html @ https://repository.upi.edu/132547/:0
[  145476ms] [WARNING] Mixed Content: The page at 'https://repository.upi.edu/132547/' was loaded over HTTPS, but requested an insecure element 'http://repository.upi.edu/style/images/fileicons/text.png'. This request was automatically upgraded to HTTPS, For more information see https://blog.chromium.org/2019/10/no-more-mixed-messages-about-https.html @ https://repository.upi.edu/132547/:0
[  145476ms] [WARNING] Mixed Content: The page at 'https://repository.upi.edu/132547/' was loaded over HTTPS, but requested an insecure element 'http://repository.upi.edu/style/images/fileicons/text.png'. This request was automatically upgraded to HTTPS, For more information see https://blog.chromium.org/2019/10/no-more-mixed-messages-about-https.html @ https://repository.upi.edu/132547/:0
[  145482ms] [WARNING] Mixed Content: The page at 'https://repository.upi.edu/132547/' was loaded over HTTPS, but requested an insecure element 'http://repository.upi.edu/style/images/fileicons/text.png'. This request was automatically upgraded to HTTPS, For more information see https://blog.chromium.org/2019/10/no-more-mixed-messages-about-https.html @ https://repository.upi.edu/132547/:312
[  145482ms] ReferenceError: gaq is not defined
    at https://repository.upi.edu/132547/:303:3
[  145482ms] [WARNING] Mixed Content: The page at 'https://repository.upi.edu/132547/' was loaded over HTTPS, but requested an insecure element 'http://repository.upi.edu/style/images/fileicons/text.png'. This request was automatically upgraded to HTTPS, For more information see https://blog.chromium.org/2019/10/no-more-mixed-messages-about-https.html @ https://repository.upi.edu/132547/:353
[  145482ms] ReferenceError: gaq is not defined
    at https://repository.upi.edu/132547/:344:3
[  145482ms] [WARNING] Mixed Content: The page at 'https://repository.upi.edu/132547/' was loaded over HTTPS, but requested an insecure element 'http://repository.upi.edu/style/images/fileicons/text.png'. This request was automatically upgraded to HTTPS, For more information see https://blog.chromium.org/2019/10/no-more-mixed-messages-about-https.html @ https://repository.upi.edu/132547/:394
[  145482ms] ReferenceError: gaq is not defined
    at https://repository.upi.edu/132547/:385:3
[  145482ms] [WARNING] Mixed Content: The page at 'https://repository.upi.edu/132547/' was loaded over HTTPS, but requested an insecure element 'http://repository.upi.edu/style/images/fileicons/text.png'. This request was automatically upgraded to HTTPS, For more information see https://blog.chromium.org/2019/10/no-more-mixed-messages-about-https.html @ https://repository.upi.edu/132547/:437
[  145482ms] ReferenceError: gaq is not defined
    at https://repository.upi.edu/132547/:428:3
[  145482ms] [WARNING] Mixed Content: The page at 'https://repository.upi.edu/132547/' was loaded over HTTPS, but requested an insecure element 'http://repository.upi.edu/style/images/fileicons/text.png'. This request was automatically upgraded to HTTPS, For more information see https://blog.chromium.org/2019/10/no-more-mixed-messages-about-https.html @ https://repository.upi.edu/132547/:478
[  145482ms] ReferenceError: gaq is not defined
    at https://repository.upi.edu/132547/:469:3
[  145483ms] [WARNING] Mixed Content: The page at 'https://repository.upi.edu/132547/' was loaded over HTTPS, but requested an insecure element 'http://repository.upi.edu/style/images/fileicons/text.png'. This request was automatically upgraded to HTTPS, For more information see https://blog.chromium.org/2019/10/no-more-mixed-messages-about-https.html @ https://repository.upi.edu/132547/:521
[  145483ms] ReferenceError: gaq is not defined
    at https://repository.upi.edu/132547/:512:3
[  145483ms] [WARNING] Mixed Content: The page at 'https://repository.upi.edu/132547/' was loaded over HTTPS, but requested an insecure element 'http://repository.upi.edu/style/images/fileicons/text.png'. This request was automatically upgraded to HTTPS, For more information see https://blog.chromium.org/2019/10/no-more-mixed-messages-about-https.html @ https://repository.upi.edu/132547/:562
[  145483ms] ReferenceError: gaq is not defined
    at https://repository.upi.edu/132547/:553:3
[  145573ms] [WARNING] Mixed Content: The page at 'https://repository.upi.edu/130507/' was loaded over HTTPS, but requested an insecure element 'http://repository.upi.edu/style/images/fileicons/text.png'. This request was automatically upgraded to HTTPS, For more information see https://blog.chromium.org/2019/10/no-more-mixed-messages-about-https.html @ https://repository.upi.edu/130507/:0
[  145573ms] [WARNING] Mixed Content: The page at 'https://repository.upi.edu/130507/' was loaded over HTTPS, but requested an insecure element 'http://repository.upi.edu/style/images/fileicons/text.png'. This request was automatically upgraded to HTTPS, For more information see https://blog.chromium.org/2019/10/no-more-mixed-messages-about-https.html @ https://repository.upi.edu/130507/:0
[  145573ms] [WARNING] Mixed Content: The page at 'https://repository.upi.edu/130507/' was loaded over HTTPS, but requested an insecure element 'http://repository.upi.edu/style/images/fileicons/text.png'. This request was automatically upgraded to HTTPS, For more information see https://blog.chromium.org/2019/10/no-more-mixed-messages-about-https.html @ https://repository.upi.edu/130507/:0
[  145573ms] [WARNING] Mixed Content: The page at 'https://repository.upi.edu/130507/' was loaded over HTTPS, but requested an insecure element 'http://repository.upi.edu/style/images/fileicons/text.png'. This request was automatically upgraded to HTTPS, For more information see https://blog.chromium.org/2019/10/no-more-mixed-messages-about-https.html @ https://repository.upi.edu/130507/:0
[  145573ms] [WARNING] Mixed Content: The page at 'https://repository.upi.edu/130507/' was loaded over HTTPS, but requested an insecure element 'http://repository.upi.edu/style/images/fileicons/text.png'. This request was automatically upgraded to HTTPS, For more information see https://blog.chromium.org/2019/10/no-more-mixed-messages-about-https.html @ https://repository.upi.edu/130507/:0
[  145573ms] [WARNING] Mixed Content: The page at 'https://repository.upi.edu/130507/' was loaded over HTTPS, but requested an insecure element 'http://repository.upi.edu/style/images/fileicons/text.png'. This request was automatically upgraded to HTTPS, For more information see https://blog.chromium.org/2019/10/no-more-mixed-messages-about-https.html @ https://repository.upi.edu/130507/:0
[  145573ms] [WARNING] Mixed Content: The page at 'https://repository.upi.edu/130507/' was loaded over HTTPS, but requested an insecure element 'http://repository.upi.edu/style/images/fileicons/text.png'. This request was automatically upgraded to HTTPS, For more information see https://blog.chromium.org/2019/10/no-more-mixed-messages-about-https.html @ https://repository.upi.edu/130507/:0
[  145578ms] [WARNING] Mixed Content: The page at 'https://repository.upi.edu/130507/' was loaded over HTTPS, but requested an insecure element 'http://repository.upi.edu/style/images/fileicons/text.png'. This request was automatically upgraded to HTTPS, For more information see https://blog.chromium.org/2019/10/no-more-mixed-messages-about-https.html @ https://repository.upi.edu/130507/:303
[  145579ms] ReferenceError: gaq is not defined
    at https://repository.upi.edu/130507/:294:3
[  145579ms] [WARNING] Mixed Content: The page at 'https://repository.upi.edu/130507/' was loaded over HTTPS, but requested an insecure element 'http://repository.upi.edu/style/images/fileicons/text.png'. This request was automatically upgraded to HTTPS, For more information see https://blog.chromium.org/2019/10/no-more-mixed-messages-about-https.html @ https://repository.upi.edu/130507/:344
[  145579ms] ReferenceError: gaq is not defined
    at https://repository.upi.edu/130507/:335:3
[  145579ms] [WARNING] Mixed Content: The page at 'https://repository.upi.edu/130507/' was loaded over HTTPS, but requested an insecure element 'http://repository.upi.edu/style/images/fileicons/text.png'. This request was automatically upgraded to HTTPS, For more information see https://blog.chromium.org/2019/10/no-more-mixed-messages-about-https.html @ https://repository.upi.edu/130507/:385
[  145579ms] ReferenceError: gaq is not defined
    at https://repository.upi.edu/130507/:376:3
[  145579ms] [WARNING] Mixed Content: The page at 'https://repository.upi.edu/130507/' was loaded over HTTPS, but requested an insecure element 'http://repository.upi.edu/style/images/fileicons/text.png'. This request was automatically upgraded to HTTPS, For more information see https://blog.chromium.org/2019/10/no-more-mixed-messages-about-https.html @ https://repository.upi.edu/130507/:426
[  145579ms] ReferenceError: gaq is not defined
    at https://repository.upi.edu/130507/:417:3
[  145579ms] [WARNING] Mixed Content: The page at 'https://repository.upi.edu/130507/' was loaded over HTTPS, but requested an insecure element 'http://repository.upi.edu/style/images/fileicons/text.png'. This request was automatically upgraded to HTTPS, For more information see https://blog.chromium.org/2019/10/no-more-mixed-messages-about-https.html @ https://repository.upi.edu/130507/:467
[  145579ms] ReferenceError: gaq is not defined
    at https://repository.upi.edu/130507/:458:3
[  145579ms] [WARNING] Mixed Content: The page at 'https://repository.upi.edu/130507/' was loaded over HTTPS, but requested an insecure element 'http://repository.upi.edu/style/images/fileicons/text.png'. This request was automatically upgraded to HTTPS, For more information see https://blog.chromium.org/2019/10/no-more-mixed-messages-about-https.html @ https://repository.upi.edu/130507/:508
[  145579ms] ReferenceError: gaq is not defined
    at https://repository.upi.edu/130507/:499:3
[  145579ms] [WARNING] Mixed Content: The page at 'https://repository.upi.edu/130507/' was loaded over HTTPS, but requested an insecure element 'http://repository.upi.edu/style/images/fileicons/text.png'. This request was automatically upgraded to HTTPS, For more information see https://blog.chromium.org/2019/10/no-more-mixed-messages-about-https.html @ https://repository.upi.edu/130507/:549
[  145579ms] ReferenceError: gaq is not defined
    at https://repository.upi.edu/130507/:540:3
[  145741ms] [WARNING] Mixed Content: The page at 'https://repository.upi.edu/137961/' was loaded over HTTPS, but requested an insecure element 'http://repository.upi.edu/style/images/fileicons/text.png'. This request was automatically upgraded to HTTPS, For more information see https://blog.chromium.org/2019/10/no-more-mixed-messages-about-https.html @ https://repository.upi.edu/137961/:0
[  145741ms] [WARNING] Mixed Content: The page at 'https://repository.upi.edu/137961/' was loaded over HTTPS, but requested an insecure element 'http://repository.upi.edu/style/images/fileicons/text.png'. This request was automatically upgraded to HTTPS, For more information see https://blog.chromium.org/2019/10/no-more-mixed-messages-about-https.html @ https://repository.upi.edu/137961/:0
[  145741ms] [WARNING] Mixed Content: The page at 'https://repository.upi.edu/137961/' was loaded over HTTPS, but requested an insecure element 'http://repository.upi.edu/style/images/fileicons/text.png'. This request was automatically upgraded to HTTPS, For more information see https://blog.chromium.org/2019/10/no-more-mixed-messages-about-https.html @ https://repository.upi.edu/137961/:0
[  145741ms] [WARNING] Mixed Content: The page at 'https://repository.upi.edu/137961/' was loaded over HTTPS, but requested an insecure element 'http://repository.upi.edu/style/images/fileicons/text.png'. This request was automatically upgraded to HTTPS, For more information see https://blog.chromium.org/2019/10/no-more-mixed-messages-about-https.html @ https://repository.upi.edu/137961/:0
[  145741ms] [WARNING] Mixed Content: The page at 'https://repository.upi.edu/137961/' was loaded over HTTPS, but requested an insecure element 'http://repository.upi.edu/style/images/fileicons/text.png'. This request was automatically upgraded to HTTPS, For more information see https://blog.chromium.org/2019/10/no-more-mixed-messages-about-https.html @ https://repository.upi.edu/137961/:0
[  145741ms] [WARNING] Mixed Content: The page at 'https://repository.upi.edu/137961/' was loaded over HTTPS, but requested an insecure element 'http://repository.upi.edu/style/images/fileicons/text.png'. This request was automatically upgraded to HTTPS, For more information see https://blog.chromium.org/2019/10/no-more-mixed-messages-about-https.html @ https://repository.upi.edu/137961/:0
[  145747ms] [WARNING] Mixed Content: The page at 'https://repository.upi.edu/137961/' was loaded over HTTPS, but requested an insecure element 'http://repository.upi.edu/style/images/fileicons/text.png'. This request was automatically upgraded to HTTPS, For more information see https://blog.chromium.org/2019/10/no-more-mixed-messages-about-https.html @ https://repository.upi.edu/137961/:315
[  145748ms] ReferenceError: gaq is not defined
    at https://repository.upi.edu/137961/:306:3
[  145748ms] [WARNING] Mixed Content: The page at 'https://repository.upi.edu/137961/' was loaded over HTTPS, but requested an insecure element 'http://repository.upi.edu/style/images/fileicons/text.png'. This request was automatically upgraded to HTTPS, For more information see https://blog.chromium.org/2019/10/no-more-mixed-messages-about-https.html @ https://repository.upi.edu/137961/:356
[  145748ms] ReferenceError: gaq is not defined
    at https://repository.upi.edu/137961/:347:3
[  145748ms] [WARNING] Mixed Content: The page at 'https://repository.upi.edu/137961/' was loaded over HTTPS, but requested an insecure element 'http://repository.upi.edu/style/images/fileicons/text.png'. This request was automatically upgraded to HTTPS, For more information see https://blog.chromium.org/2019/10/no-more-mixed-messages-about-https.html @ https://repository.upi.edu/137961/:397
[  145748ms] ReferenceError: gaq is not defined
    at https://repository.upi.edu/137961/:388:3
[  145748ms] [WARNING] Mixed Content: The page at 'https://repository.upi.edu/137961/' was loaded over HTTPS, but requested an insecure element 'http://repository.upi.edu/style/images/fileicons/text.png'. This request was automatically upgraded to HTTPS, For more information see https://blog.chromium.org/2019/10/no-more-mixed-messages-about-https.html @ https://repository.upi.edu/137961/:440
[  145748ms] ReferenceError: gaq is not defined
    at https://repository.upi.edu/137961/:431:3
[  145748ms] [WARNING] Mixed Content: The page at 'https://repository.upi.edu/137961/' was loaded over HTTPS, but requested an insecure element 'http://repository.upi.edu/style/images/fileicons/text.png'. This request was automatically upgraded to HTTPS, For more information see https://blog.chromium.org/2019/10/no-more-mixed-messages-about-https.html @ https://repository.upi.edu/137961/:481
[  145748ms] ReferenceError: gaq is not defined
    at https://repository.upi.edu/137961/:472:3
[  145748ms] [WARNING] Mixed Content: The page at 'https://repository.upi.edu/137961/' was loaded over HTTPS, but requested an insecure element 'http://repository.upi.edu/style/images/fileicons/text.png'. This request was automatically upgraded to HTTPS, For more information see https://blog.chromium.org/2019/10/no-more-mixed-messages-about-https.html @ https://repository.upi.edu/137961/:524
[  145748ms] ReferenceError: gaq is not defined
    at https://repository.upi.edu/137961/:515:3
[  146451ms] [WARNING] Mixed Content: The page at 'https://repository.upi.edu/137944/' was loaded over HTTPS, but requested an insecure element 'http://repository.upi.edu/style/images/fileicons/text.png'. This request was automatically upgraded to HTTPS, For more information see https://blog.chromium.org/2019/10/no-more-mixed-messages-about-https.html @ https://repository.upi.edu/137944/:0
[  146451ms] [WARNING] Mixed Content: The page at 'https://repository.upi.edu/137944/' was loaded over HTTPS, but requested an insecure element 'http://repository.upi.edu/style/images/fileicons/text.png'. This request was automatically upgraded to HTTPS, For more information see https://blog.chromium.org/2019/10/no-more-mixed-messages-about-https.html @ https://repository.upi.edu/137944/:0
[  146451ms] [WARNING] Mixed Content: The page at 'https://repository.upi.edu/137944/' was loaded over HTTPS, but requested an insecure element 'http://repository.upi.edu/style/images/fileicons/text.png'. This request was automatically upgraded to HTTPS, For more information see https://blog.chromium.org/2019/10/no-more-mixed-messages-about-https.html @ https://repository.upi.edu/137944/:0
[  146451ms] [WARNING] Mixed Content: The page at 'https://repository.upi.edu/137944/' was loaded over HTTPS, but requested an insecure element 'http://repository.upi.edu/style/images/fileicons/text.png'. This request was automatically upgraded to HTTPS, For more information see https://blog.chromium.org/2019/10/no-more-mixed-messages-about-https.html @ https://repository.upi.edu/137944/:0
[  146451ms] [WARNING] Mixed Content: The page at 'https://repository.upi.edu/137944/' was loaded over HTTPS, but requested an insecure element 'http://repository.upi.edu/style/images/fileicons/text.png'. This request was automatically upgraded to HTTPS, For more information see https://blog.chromium.org/2019/10/no-more-mixed-messages-about-https.html @ https://repository.upi.edu/137944/:0
[  146451ms] [WARNING] Mixed Content: The page at 'https://repository.upi.edu/137944/' was loaded over HTTPS, but requested an insecure element 'http://repository.upi.edu/style/images/fileicons/text.png'. This request was automatically upgraded to HTTPS, For more information see https://blog.chromium.org/2019/10/no-more-mixed-messages-about-https.html @ https://repository.upi.edu/137944/:0
[  146451ms] [WARNING] Mixed Content: The page at 'https://repository.upi.edu/137944/' was loaded over HTTPS, but requested an insecure element 'http://repository.upi.edu/style/images/fileicons/text.png'. This request was automatically upgraded to HTTPS, For more information see https://blog.chromium.org/2019/10/no-more-mixed-messages-about-https.html @ https://repository.upi.edu/137944/:0
[  146457ms] [WARNING] Mixed Content: The page at 'https://repository.upi.edu/137944/' was loaded over HTTPS, but requested an insecure element 'http://repository.upi.edu/style/images/fileicons/text.png'. This request was automatically upgraded to HTTPS, For more information see https://blog.chromium.org/2019/10/no-more-mixed-messages-about-https.html @ https://repository.upi.edu/137944/:319
[  146458ms] ReferenceError: gaq is not defined
    at https://repository.upi.edu/137944/:310:3
[  146458ms] [WARNING] Mixed Content: The page at 'https://repository.upi.edu/137944/' was loaded over HTTPS, but requested an insecure element 'http://repository.upi.edu/style/images/fileicons/text.png'. This request was automatically upgraded to HTTPS, For more information see https://blog.chromium.org/2019/10/no-more-mixed-messages-about-https.html @ https://repository.upi.edu/137944/:360
[  146458ms] ReferenceError: gaq is not defined
    at https://repository.upi.edu/137944/:351:3
[  146458ms] [WARNING] Mixed Content: The page at 'https://repository.upi.edu/137944/' was loaded over HTTPS, but requested an insecure element 'http://repository.upi.edu/style/images/fileicons/text.png'. This request was automatically upgraded to HTTPS, For more information see https://blog.chromium.org/2019/10/no-more-mixed-messages-about-https.html @ https://repository.upi.edu/137944/:401
[  146458ms] ReferenceError: gaq is not defined
    at https://repository.upi.edu/137944/:392:3
[  146458ms] [WARNING] Mixed Content: The page at 'https://repository.upi.edu/137944/' was loaded over HTTPS, but requested an insecure element 'http://repository.upi.edu/style/images/fileicons/text.png'. This request was automatically upgraded to HTTPS, For more information see https://blog.chromium.org/2019/10/no-more-mixed-messages-about-https.html @ https://repository.upi.edu/137944/:442
[  146458ms] ReferenceError: gaq is not defined
    at https://repository.upi.edu/137944/:433:3
[  146458ms] [WARNING] Mixed Content: The page at 'https://repository.upi.edu/137944/' was loaded over HTTPS, but requested an insecure element 'http://repository.upi.edu/style/images/fileicons/text.png'. This request was automatically upgraded to HTTPS, For more information see https://blog.chromium.org/2019/10/no-more-mixed-messages-about-https.html @ https://repository.upi.edu/137944/:483
[  146458ms] ReferenceError: gaq is not defined
    at https://repository.upi.edu/137944/:474:3
[  146458ms] [WARNING] Mixed Content: The page at 'https://repository.upi.edu/137944/' was loaded over HTTPS, but requested an insecure element 'http://repository.upi.edu/style/images/fileicons/text.png'. This request was automatically upgraded to HTTPS, For more information see https://blog.chromium.org/2019/10/no-more-mixed-messages-about-https.html @ https://repository.upi.edu/137944/:524
[  146458ms] ReferenceError: gaq is not defined
    at https://repository.upi.edu/137944/:515:3
[  146458ms] [WARNING] Mixed Content: The page at 'https://repository.upi.edu/137944/' was loaded over HTTPS, but requested an insecure element 'http://repository.upi.edu/style/images/fileicons/text.png'. This request was automatically upgraded to HTTPS, For more information see https://blog.chromium.org/2019/10/no-more-mixed-messages-about-https.html @ https://repository.upi.edu/137944/:565
[  146458ms] ReferenceError: gaq is not defined
    at https://repository.upi.edu/137944/:556:3
[  146558ms] [WARNING] Mixed Content: The page at 'https://repository.upi.edu/132559/' was loaded over HTTPS, but requested an insecure element 'http://repository.upi.edu/style/images/fileicons/application_pdf.png'. This request was automatically upgraded to HTTPS, For more information see https://blog.chromium.org/2019/10/no-more-mixed-messages-about-https.html @ https://repository.upi.edu/132559/:0
[  146558ms] [WARNING] Mixed Content: The page at 'https://repository.upi.edu/132559/' was loaded over HTTPS, but requested an insecure element 'http://repository.upi.edu/style/images/fileicons/application_pdf.png'. This request was automatically upgraded to HTTPS, For more information see https://blog.chromium.org/2019/10/no-more-mixed-messages-about-https.html @ https://repository.upi.edu/132559/:0
[  146558ms] [WARNING] Mixed Content: The page at 'https://repository.upi.edu/132559/' was loaded over HTTPS, but requested an insecure element 'http://repository.upi.edu/style/images/fileicons/application_pdf.png'. This request was automatically upgraded to HTTPS, For more information see https://blog.chromium.org/2019/10/no-more-mixed-messages-about-https.html @ https://repository.upi.edu/132559/:0
[  146558ms] [WARNING] Mixed Content: The page at 'https://repository.upi.edu/132559/' was loaded over HTTPS, but requested an insecure element 'http://repository.upi.edu/style/images/fileicons/application_pdf.png'. This request was automatically upgraded to HTTPS, For more information see https://blog.chromium.org/2019/10/no-more-mixed-messages-about-https.html @ https://repository.upi.edu/132559/:0
[  146558ms] [WARNING] Mixed Content: The page at 'https://repository.upi.edu/132559/' was loaded over HTTPS, but requested an insecure element 'http://repository.upi.edu/style/images/fileicons/application_pdf.png'. This request was automatically upgraded to HTTPS, For more information see https://blog.chromium.org/2019/10/no-more-mixed-messages-about-https.html @ https://repository.upi.edu/132559/:0
[  146558ms] [WARNING] Mixed Content: The page at 'https://repository.upi.edu/132559/' was loaded over HTTPS, but requested an insecure element 'http://repository.upi.edu/style/images/fileicons/application_pdf.png'. This request was automatically upgraded to HTTPS, For more information see https://blog.chromium.org/2019/10/no-more-mixed-messages-about-https.html @ https://repository.upi.edu/132559/:0
[  146558ms] [WARNING] Mixed Content: The page at 'https://repository.upi.edu/132559/' was loaded over HTTPS, but requested an insecure element 'http://repository.upi.edu/style/images/fileicons/application_pdf.png'. This request was automatically upgraded to HTTPS, For more information see https://blog.chromium.org/2019/10/no-more-mixed-messages-about-https.html @ https://repository.upi.edu/132559/:0
[  146564ms] [WARNING] Mixed Content: The page at 'https://repository.upi.edu/132559/' was loaded over HTTPS, but requested an insecure element 'http://repository.upi.edu/style/images/fileicons/application_pdf.png'. This request was automatically upgraded to HTTPS, For more information see https://blog.chromium.org/2019/10/no-more-mixed-messages-about-https.html @ https://repository.upi.edu/132559/:311
[  146564ms] ReferenceError: gaq is not defined
    at https://repository.upi.edu/132559/:302:3
[  146564ms] [WARNING] Mixed Content: The page at 'https://repository.upi.edu/132559/' was loaded over HTTPS, but requested an insecure element 'http://repository.upi.edu/style/images/fileicons/application_pdf.png'. This request was automatically upgraded to HTTPS, For more information see https://blog.chromium.org/2019/10/no-more-mixed-messages-about-https.html @ https://repository.upi.edu/132559/:352
[  146564ms] ReferenceError: gaq is not defined
    at https://repository.upi.edu/132559/:343:3
[  146564ms] [WARNING] Mixed Content: The page at 'https://repository.upi.edu/132559/' was loaded over HTTPS, but requested an insecure element 'http://repository.upi.edu/style/images/fileicons/application_pdf.png'. This request was automatically upgraded to HTTPS, For more information see https://blog.chromium.org/2019/10/no-more-mixed-messages-about-https.html @ https://repository.upi.edu/132559/:393
[  146564ms] ReferenceError: gaq is not defined
    at https://repository.upi.edu/132559/:384:3
[  146564ms] [WARNING] Mixed Content: The page at 'https://repository.upi.edu/132559/' was loaded over HTTPS, but requested an insecure element 'http://repository.upi.edu/style/images/fileicons/application_pdf.png'. This request was automatically upgraded to HTTPS, For more information see https://blog.chromium.org/2019/10/no-more-mixed-messages-about-https.html @ https://repository.upi.edu/132559/:434
[  146564ms] ReferenceError: gaq is not defined
    at https://repository.upi.edu/132559/:425:3
[  146564ms] [WARNING] Mixed Content: The page at 'https://repository.upi.edu/132559/' was loaded over HTTPS, but requested an insecure element 'http://repository.upi.edu/style/images/fileicons/application_pdf.png'. This request was automatically upgraded to HTTPS, For more information see https://blog.chromium.org/2019/10/no-more-mixed-messages-about-https.html @ https://repository.upi.edu/132559/:475
[  146564ms] ReferenceError: gaq is not defined
    at https://repository.upi.edu/132559/:466:3
[  146564ms] [WARNING] Mixed Content: The page at 'https://repository.upi.edu/132559/' was loaded over HTTPS, but requested an insecure element 'http://repository.upi.edu/style/images/fileicons/application_pdf.png'. This request was automatically upgraded to HTTPS, For more information see https://blog.chromium.org/2019/10/no-more-mixed-messages-about-https.html @ https://repository.upi.edu/132559/:516
[  146564ms] ReferenceError: gaq is not defined
    at https://repository.upi.edu/132559/:507:3
[  146564ms] [WARNING] Mixed Content: The page at 'https://repository.upi.edu/132559/' was loaded over HTTPS, but requested an insecure element 'http://repository.upi.edu/style/images/fileicons/application_pdf.png'. This request was automatically upgraded to HTTPS, For more information see https://blog.chromium.org/2019/10/no-more-mixed-messages-about-https.html @ https://repository.upi.edu/132559/:557
[  146564ms] ReferenceError: gaq is not defined
    at https://repository.upi.edu/132559/:548:3
[  146705ms] [WARNING] Mixed Content: The page at 'https://repository.upi.edu/138128/' was loaded over HTTPS, but requested an insecure element 'http://repository.upi.edu/style/images/fileicons/text.png'. This request was automatically upgraded to HTTPS, For more information see https://blog.chromium.org/2019/10/no-more-mixed-messages-about-https.html @ https://repository.upi.edu/138128/:0
[  146705ms] [WARNING] Mixed Content: The page at 'https://repository.upi.edu/138128/' was loaded over HTTPS, but requested an insecure element 'http://repository.upi.edu/style/images/fileicons/text.png'. This request was automatically upgraded to HTTPS, For more information see https://blog.chromium.org/2019/10/no-more-mixed-messages-about-https.html @ https://repository.upi.edu/138128/:0
[  146705ms] [WARNING] Mixed Content: The page at 'https://repository.upi.edu/138128/' was loaded over HTTPS, but requested an insecure element 'http://repository.upi.edu/style/images/fileicons/text.png'. This request was automatically upgraded to HTTPS, For more information see https://blog.chromium.org/2019/10/no-more-mixed-messages-about-https.html @ https://repository.upi.edu/138128/:0
[  146705ms] [WARNING] Mixed Content: The page at 'https://repository.upi.edu/138128/' was loaded over HTTPS, but requested an insecure element 'http://repository.upi.edu/style/images/fileicons/text.png'. This request was automatically upgraded to HTTPS, For more information see https://blog.chromium.org/2019/10/no-more-mixed-messages-about-https.html @ https://repository.upi.edu/138128/:0
[  146705ms] [WARNING] Mixed Content: The page at 'https://repository.upi.edu/138128/' was loaded over HTTPS, but requested an insecure element 'http://repository.upi.edu/style/images/fileicons/text.png'. This request was automatically upgraded to HTTPS, For more information see https://blog.chromium.org/2019/10/no-more-mixed-messages-about-https.html @ https://repository.upi.edu/138128/:0
[  146705ms] [WARNING] Mixed Content: The page at 'https://repository.upi.edu/138128/' was loaded over HTTPS, but requested an insecure element 'http://repository.upi.edu/style/images/fileicons/text.png'. This request was automatically upgraded to HTTPS, For more information see https://blog.chromium.org/2019/10/no-more-mixed-messages-about-https.html @ https://repository.upi.edu/138128/:0
[  146711ms] [WARNING] Mixed Content: The page at 'https://repository.upi.edu/138128/' was loaded over HTTPS, but requested an insecure element 'http://repository.upi.edu/style/images/fileicons/text.png'. This request was automatically upgraded to HTTPS, For more information see https://blog.chromium.org/2019/10/no-more-mixed-messages-about-https.html @ https://repository.upi.edu/138128/:306
[  146711ms] ReferenceError: gaq is not defined
    at https://repository.upi.edu/138128/:297:3
[  146711ms] [WARNING] Mixed Content: The page at 'https://repository.upi.edu/138128/' was loaded over HTTPS, but requested an insecure element 'http://repository.upi.edu/style/images/fileicons/text.png'. This request was automatically upgraded to HTTPS, For more information see https://blog.chromium.org/2019/10/no-more-mixed-messages-about-https.html @ https://repository.upi.edu/138128/:347
[  146711ms] ReferenceError: gaq is not defined
    at https://repository.upi.edu/138128/:338:3
[  146711ms] [WARNING] Mixed Content: The page at 'https://repository.upi.edu/138128/' was loaded over HTTPS, but requested an insecure element 'http://repository.upi.edu/style/images/fileicons/text.png'. This request was automatically upgraded to HTTPS, For more information see https://blog.chromium.org/2019/10/no-more-mixed-messages-about-https.html @ https://repository.upi.edu/138128/:388
[  146711ms] ReferenceError: gaq is not defined
    at https://repository.upi.edu/138128/:379:3
[  146711ms] [WARNING] Mixed Content: The page at 'https://repository.upi.edu/138128/' was loaded over HTTPS, but requested an insecure element 'http://repository.upi.edu/style/images/fileicons/text.png'. This request was automatically upgraded to HTTPS, For more information see https://blog.chromium.org/2019/10/no-more-mixed-messages-about-https.html @ https://repository.upi.edu/138128/:429
[  146711ms] ReferenceError: gaq is not defined
    at https://repository.upi.edu/138128/:420:3
[  146711ms] [WARNING] Mixed Content: The page at 'https://repository.upi.edu/138128/' was loaded over HTTPS, but requested an insecure element 'http://repository.upi.edu/style/images/fileicons/text.png'. This request was automatically upgraded to HTTPS, For more information see https://blog.chromium.org/2019/10/no-more-mixed-messages-about-https.html @ https://repository.upi.edu/138128/:470
[  146711ms] ReferenceError: gaq is not defined
    at https://repository.upi.edu/138128/:461:3
[  146711ms] [WARNING] Mixed Content: The page at 'https://repository.upi.edu/138128/' was loaded over HTTPS, but requested an insecure element 'http://repository.upi.edu/style/images/fileicons/text.png'. This request was automatically upgraded to HTTPS, For more information see https://blog.chromium.org/2019/10/no-more-mixed-messages-about-https.html @ https://repository.upi.edu/138128/:511
[  146711ms] ReferenceError: gaq is not defined
    at https://repository.upi.edu/138128/:502:3
[  146886ms] [WARNING] Mixed Content: The page at 'https://repository.upi.edu/138618/' was loaded over HTTPS, but requested an insecure element 'http://repository.upi.edu/style/images/fileicons/text.png'. This request was automatically upgraded to HTTPS, For more information see https://blog.chromium.org/2019/10/no-more-mixed-messages-about-https.html @ https://repository.upi.edu/138618/:0
[  146886ms] [WARNING] Mixed Content: The page at 'https://repository.upi.edu/138618/' was loaded over HTTPS, but requested an insecure element 'http://repository.upi.edu/style/images/fileicons/text.png'. This request was automatically upgraded to HTTPS, For more information see https://blog.chromium.org/2019/10/no-more-mixed-messages-about-https.html @ https://repository.upi.edu/138618/:0
[  146886ms] [WARNING] Mixed Content: The page at 'https://repository.upi.edu/138618/' was loaded over HTTPS, but requested an insecure element 'http://repository.upi.edu/style/images/fileicons/text.png'. This request was automatically upgraded to HTTPS, For more information see https://blog.chromium.org/2019/10/no-more-mixed-messages-about-https.html @ https://repository.upi.edu/138618/:0
[  146886ms] [WARNING] Mixed Content: The page at 'https://repository.upi.edu/138618/' was loaded over HTTPS, but requested an insecure element 'http://repository.upi.edu/style/images/fileicons/text.png'. This request was automatically upgraded to HTTPS, For more information see https://blog.chromium.org/2019/10/no-more-mixed-messages-about-https.html @ https://repository.upi.edu/138618/:0
[  146886ms] [WARNING] Mixed Content: The page at 'https://repository.upi.edu/138618/' was loaded over HTTPS, but requested an insecure element 'http://repository.upi.edu/style/images/fileicons/text.png'. This request was automatically upgraded to HTTPS, For more information see https://blog.chromium.org/2019/10/no-more-mixed-messages-about-https.html @ https://repository.upi.edu/138618/:0
[  146886ms] [WARNING] Mixed Content: The page at 'https://repository.upi.edu/138618/' was loaded over HTTPS, but requested an insecure element 'http://repository.upi.edu/style/images/fileicons/text.png'. This request was automatically upgraded to HTTPS, For more information see https://blog.chromium.org/2019/10/no-more-mixed-messages-about-https.html @ https://repository.upi.edu/138618/:0
[  146886ms] [WARNING] Mixed Content: The page at 'https://repository.upi.edu/138618/' was loaded over HTTPS, but requested an insecure element 'http://repository.upi.edu/style/images/fileicons/text.png'. This request was automatically upgraded to HTTPS, For more information see https://blog.chromium.org/2019/10/no-more-mixed-messages-about-https.html @ https://repository.upi.edu/138618/:0
[  146892ms] [WARNING] Mixed Content: The page at 'https://repository.upi.edu/138618/' was loaded over HTTPS, but requested an insecure element 'http://repository.upi.edu/style/images/fileicons/text.png'. This request was automatically upgraded to HTTPS, For more information see https://blog.chromium.org/2019/10/no-more-mixed-messages-about-https.html @ https://repository.upi.edu/138618/:321
[  146893ms] ReferenceError: gaq is not defined
    at https://repository.upi.edu/138618/:312:3
[  146892ms] [WARNING] Mixed Content: The page at 'https://repository.upi.edu/138618/' was loaded over HTTPS, but requested an insecure element 'http://repository.upi.edu/style/images/fileicons/text.png'. This request was automatically upgraded to HTTPS, For more information see https://blog.chromium.org/2019/10/no-more-mixed-messages-about-https.html @ https://repository.upi.edu/138618/:362
[  146893ms] ReferenceError: gaq is not defined
    at https://repository.upi.edu/138618/:353:3
[  146892ms] [WARNING] Mixed Content: The page at 'https://repository.upi.edu/138618/' was loaded over HTTPS, but requested an insecure element 'http://repository.upi.edu/style/images/fileicons/text.png'. This request was automatically upgraded to HTTPS, For more information see https://blog.chromium.org/2019/10/no-more-mixed-messages-about-https.html @ https://repository.upi.edu/138618/:403
[  146893ms] ReferenceError: gaq is not defined
    at https://repository.upi.edu/138618/:394:3
[  146892ms] [WARNING] Mixed Content: The page at 'https://repository.upi.edu/138618/' was loaded over HTTPS, but requested an insecure element 'http://repository.upi.edu/style/images/fileicons/text.png'. This request was automatically upgraded to HTTPS, For more information see https://blog.chromium.org/2019/10/no-more-mixed-messages-about-https.html @ https://repository.upi.edu/138618/:444
[  146893ms] ReferenceError: gaq is not defined
    at https://repository.upi.edu/138618/:435:3
[  146892ms] [WARNING] Mixed Content: The page at 'https://repository.upi.edu/138618/' was loaded over HTTPS, but requested an insecure element 'http://repository.upi.edu/style/images/fileicons/text.png'. This request was automatically upgraded to HTTPS, For more information see https://blog.chromium.org/2019/10/no-more-mixed-messages-about-https.html @ https://repository.upi.edu/138618/:485
[  146893ms] ReferenceError: gaq is not defined
    at https://repository.upi.edu/138618/:476:3
[  146893ms] [WARNING] Mixed Content: The page at 'https://repository.upi.edu/138618/' was loaded over HTTPS, but requested an insecure element 'http://repository.upi.edu/style/images/fileicons/text.png'. This request was automatically upgraded to HTTPS, For more information see https://blog.chromium.org/2019/10/no-more-mixed-messages-about-https.html @ https://repository.upi.edu/138618/:526
[  146893ms] ReferenceError: gaq is not defined
    at https://repository.upi.edu/138618/:517:3
[  146893ms] [WARNING] Mixed Content: The page at 'https://repository.upi.edu/138618/' was loaded over HTTPS, but requested an insecure element 'http://repository.upi.edu/style/images/fileicons/text.png'. This request was automatically upgraded to HTTPS, For more information see https://blog.chromium.org/2019/10/no-more-mixed-messages-about-https.html @ https://repository.upi.edu/138618/:567
[  146893ms] ReferenceError: gaq is not defined
    at https://repository.upi.edu/138618/:558:3
[  147031ms] [WARNING] Mixed Content: The page at 'https://repository.upi.edu/138328/' was loaded over HTTPS, but requested an insecure element 'http://repository.upi.edu/style/images/fileicons/text.png'. This request was automatically upgraded to HTTPS, For more information see https://blog.chromium.org/2019/10/no-more-mixed-messages-about-https.html @ https://repository.upi.edu/138328/:0
[  147031ms] [WARNING] Mixed Content: The page at 'https://repository.upi.edu/138328/' was loaded over HTTPS, but requested an insecure element 'http://repository.upi.edu/style/images/fileicons/text.png'. This request was automatically upgraded to HTTPS, For more information see https://blog.chromium.org/2019/10/no-more-mixed-messages-about-https.html @ https://repository.upi.edu/138328/:0
[  147031ms] [WARNING] Mixed Content: The page at 'https://repository.upi.edu/138328/' was loaded over HTTPS, but requested an insecure element 'http://repository.upi.edu/style/images/fileicons/text.png'. This request was automatically upgraded to HTTPS, For more information see https://blog.chromium.org/2019/10/no-more-mixed-messages-about-https.html @ https://repository.upi.edu/138328/:0
[  147031ms] [WARNING] Mixed Content: The page at 'https://repository.upi.edu/138328/' was loaded over HTTPS, but requested an insecure element 'http://repository.upi.edu/style/images/fileicons/text.png'. This request was automatically upgraded to HTTPS, For more information see https://blog.chromium.org/2019/10/no-more-mixed-messages-about-https.html @ https://repository.upi.edu/138328/:0
[  147031ms] [WARNING] Mixed Content: The page at 'https://repository.upi.edu/138328/' was loaded over HTTPS, but requested an insecure element 'http://repository.upi.edu/style/images/fileicons/text.png'. This request was automatically upgraded to HTTPS, For more information see https://blog.chromium.org/2019/10/no-more-mixed-messages-about-https.html @ https://repository.upi.edu/138328/:0
[  147031ms] [WARNING] Mixed Content: The page at 'https://repository.upi.edu/138328/' was loaded over HTTPS, but requested an insecure element 'http://repository.upi.edu/style/images/fileicons/text.png'. This request was automatically upgraded to HTTPS, For more information see https://blog.chromium.org/2019/10/no-more-mixed-messages-about-https.html @ https://repository.upi.edu/138328/:0
[  147031ms] [WARNING] Mixed Content: The page at 'https://repository.upi.edu/138328/' was loaded over HTTPS, but requested an insecure element 'http://repository.upi.edu/style/images/fileicons/text.png'. This request was automatically upgraded to HTTPS, For more information see https://blog.chromium.org/2019/10/no-more-mixed-messages-about-https.html @ https://repository.upi.edu/138328/:0
[  147037ms] [WARNING] Mixed Content: The page at 'https://repository.upi.edu/138328/' was loaded over HTTPS, but requested an insecure element 'http://repository.upi.edu/style/images/fileicons/text.png'. This request was automatically upgraded to HTTPS, For more information see https://blog.chromium.org/2019/10/no-more-mixed-messages-about-https.html @ https://repository.upi.edu/138328/:317
[  147038ms] ReferenceError: gaq is not defined
    at https://repository.upi.edu/138328/:308:3
[  147038ms] [WARNING] Mixed Content: The page at 'https://repository.upi.edu/138328/' was loaded over HTTPS, but requested an insecure element 'http://repository.upi.edu/style/images/fileicons/text.png'. This request was automatically upgraded to HTTPS, For more information see https://blog.chromium.org/2019/10/no-more-mixed-messages-about-https.html @ https://repository.upi.edu/138328/:358
[  147038ms] ReferenceError: gaq is not defined
    at https://repository.upi.edu/138328/:349:3
[  147038ms] [WARNING] Mixed Content: The page at 'https://repository.upi.edu/138328/' was loaded over HTTPS, but requested an insecure element 'http://repository.upi.edu/style/images/fileicons/text.png'. This request was automatically upgraded to HTTPS, For more information see https://blog.chromium.org/2019/10/no-more-mixed-messages-about-https.html @ https://repository.upi.edu/138328/:399
[  147038ms] ReferenceError: gaq is not defined
    at https://repository.upi.edu/138328/:390:3
[  147038ms] [WARNING] Mixed Content: The page at 'https://repository.upi.edu/138328/' was loaded over HTTPS, but requested an insecure element 'http://repository.upi.edu/style/images/fileicons/text.png'. This request was automatically upgraded to HTTPS, For more information see https://blog.chromium.org/2019/10/no-more-mixed-messages-about-https.html @ https://repository.upi.edu/138328/:440
[  147038ms] ReferenceError: gaq is not defined
    at https://repository.upi.edu/138328/:431:3
[  147038ms] [WARNING] Mixed Content: The page at 'https://repository.upi.edu/138328/' was loaded over HTTPS, but requested an insecure element 'http://repository.upi.edu/style/images/fileicons/text.png'. This request was automatically upgraded to HTTPS, For more information see https://blog.chromium.org/2019/10/no-more-mixed-messages-about-https.html @ https://repository.upi.edu/138328/:481
[  147038ms] ReferenceError: gaq is not defined
    at https://repository.upi.edu/138328/:472:3
[  147038ms] [WARNING] Mixed Content: The page at 'https://repository.upi.edu/138328/' was loaded over HTTPS, but requested an insecure element 'http://repository.upi.edu/style/images/fileicons/text.png'. This request was automatically upgraded to HTTPS, For more information see https://blog.chromium.org/2019/10/no-more-mixed-messages-about-https.html @ https://repository.upi.edu/138328/:522
[  147038ms] ReferenceError: gaq is not defined
    at https://repository.upi.edu/138328/:513:3
[  147038ms] [WARNING] Mixed Content: The page at 'https://repository.upi.edu/138328/' was loaded over HTTPS, but requested an insecure element 'http://repository.upi.edu/style/images/fileicons/text.png'. This request was automatically upgraded to HTTPS, For more information see https://blog.chromium.org/2019/10/no-more-mixed-messages-about-https.html @ https://repository.upi.edu/138328/:563
[  147038ms] ReferenceError: gaq is not defined
    at https://repository.upi.edu/138328/:554:3
[  147735ms] [WARNING] Mixed Content: The page at 'https://repository.upi.edu/140379/' was loaded over HTTPS, but requested an insecure element 'http://repository.upi.edu/style/images/fileicons/text.png'. This request was automatically upgraded to HTTPS, For more information see https://blog.chromium.org/2019/10/no-more-mixed-messages-about-https.html @ https://repository.upi.edu/140379/:0
[  147736ms] [WARNING] Mixed Content: The page at 'https://repository.upi.edu/140379/' was loaded over HTTPS, but requested an insecure element 'http://repository.upi.edu/style/images/fileicons/text.png'. This request was automatically upgraded to HTTPS, For more information see https://blog.chromium.org/2019/10/no-more-mixed-messages-about-https.html @ https://repository.upi.edu/140379/:0
[  147736ms] [WARNING] Mixed Content: The page at 'https://repository.upi.edu/140379/' was loaded over HTTPS, but requested an insecure element 'http://repository.upi.edu/style/images/fileicons/text.png'. This request was automatically upgraded to HTTPS, For more information see https://blog.chromium.org/2019/10/no-more-mixed-messages-about-https.html @ https://repository.upi.edu/140379/:0
[  147736ms] [WARNING] Mixed Content: The page at 'https://repository.upi.edu/140379/' was loaded over HTTPS, but requested an insecure element 'http://repository.upi.edu/style/images/fileicons/text.png'. This request was automatically upgraded to HTTPS, For more information see https://blog.chromium.org/2019/10/no-more-mixed-messages-about-https.html @ https://repository.upi.edu/140379/:0
[  147736ms] [WARNING] Mixed Content: The page at 'https://repository.upi.edu/140379/' was loaded over HTTPS, but requested an insecure element 'http://repository.upi.edu/style/images/fileicons/text.png'. This request was automatically upgraded to HTTPS, For more information see https://blog.chromium.org/2019/10/no-more-mixed-messages-about-https.html @ https://repository.upi.edu/140379/:0
[  147736ms] [WARNING] Mixed Content: The page at 'https://repository.upi.edu/140379/' was loaded over HTTPS, but requested an insecure element 'http://repository.upi.edu/style/images/fileicons/text.png'. This request was automatically upgraded to HTTPS, For more information see https://blog.chromium.org/2019/10/no-more-mixed-messages-about-https.html @ https://repository.upi.edu/140379/:0
[  147741ms] [WARNING] Mixed Content: The page at 'https://repository.upi.edu/140379/' was loaded over HTTPS, but requested an insecure element 'http://repository.upi.edu/style/images/fileicons/text.png'. This request was automatically upgraded to HTTPS, For more information see https://blog.chromium.org/2019/10/no-more-mixed-messages-about-https.html @ https://repository.upi.edu/140379/:315
[  147742ms] ReferenceError: gaq is not defined
    at https://repository.upi.edu/140379/:306:3
[  147741ms] [WARNING] Mixed Content: The page at 'https://repository.upi.edu/140379/' was loaded over HTTPS, but requested an insecure element 'http://repository.upi.edu/style/images/fileicons/text.png'. This request was automatically upgraded to HTTPS, For more information see https://blog.chromium.org/2019/10/no-more-mixed-messages-about-https.html @ https://repository.upi.edu/140379/:356
[  147742ms] ReferenceError: gaq is not defined
    at https://repository.upi.edu/140379/:347:3
[  147742ms] [WARNING] Mixed Content: The page at 'https://repository.upi.edu/140379/' was loaded over HTTPS, but requested an insecure element 'http://repository.upi.edu/style/images/fileicons/text.png'. This request was automatically upgraded to HTTPS, For more information see https://blog.chromium.org/2019/10/no-more-mixed-messages-about-https.html @ https://repository.upi.edu/140379/:397
[  147742ms] ReferenceError: gaq is not defined
    at https://repository.upi.edu/140379/:388:3
[  147742ms] [WARNING] Mixed Content: The page at 'https://repository.upi.edu/140379/' was loaded over HTTPS, but requested an insecure element 'http://repository.upi.edu/style/images/fileicons/text.png'. This request was automatically upgraded to HTTPS, For more information see https://blog.chromium.org/2019/10/no-more-mixed-messages-about-https.html @ https://repository.upi.edu/140379/:438
[  147742ms] ReferenceError: gaq is not defined
    at https://repository.upi.edu/140379/:429:3
[  147742ms] [WARNING] Mixed Content: The page at 'https://repository.upi.edu/140379/' was loaded over HTTPS, but requested an insecure element 'http://repository.upi.edu/style/images/fileicons/text.png'. This request was automatically upgraded to HTTPS, For more information see https://blog.chromium.org/2019/10/no-more-mixed-messages-about-https.html @ https://repository.upi.edu/140379/:479
[  147742ms] ReferenceError: gaq is not defined
    at https://repository.upi.edu/140379/:470:3
[  147742ms] [WARNING] Mixed Content: The page at 'https://repository.upi.edu/140379/' was loaded over HTTPS, but requested an insecure element 'http://repository.upi.edu/style/images/fileicons/text.png'. This request was automatically upgraded to HTTPS, For more information see https://blog.chromium.org/2019/10/no-more-mixed-messages-about-https.html @ https://repository.upi.edu/140379/:520
[  147742ms] ReferenceError: gaq is not defined
    at https://repository.upi.edu/140379/:511:3
[  148290ms] [WARNING] Mixed Content: The page at 'https://repository.upi.edu/138041/' was loaded over HTTPS, but requested an insecure element 'http://repository.upi.edu/style/images/fileicons/text.png'. This request was automatically upgraded to HTTPS, For more information see https://blog.chromium.org/2019/10/no-more-mixed-messages-about-https.html @ https://repository.upi.edu/138041/:0
[  148290ms] [WARNING] Mixed Content: The page at 'https://repository.upi.edu/138041/' was loaded over HTTPS, but requested an insecure element 'http://repository.upi.edu/style/images/fileicons/text.png'. This request was automatically upgraded to HTTPS, For more information see https://blog.chromium.org/2019/10/no-more-mixed-messages-about-https.html @ https://repository.upi.edu/138041/:0
[  148290ms] [WARNING] Mixed Content: The page at 'https://repository.upi.edu/138041/' was loaded over HTTPS, but requested an insecure element 'http://repository.upi.edu/style/images/fileicons/text.png'. This request was automatically upgraded to HTTPS, For more information see https://blog.chromium.org/2019/10/no-more-mixed-messages-about-https.html @ https://repository.upi.edu/138041/:0
[  148291ms] [WARNING] Mixed Content: The page at 'https://repository.upi.edu/138041/' was loaded over HTTPS, but requested an insecure element 'http://repository.upi.edu/style/images/fileicons/text.png'. This request was automatically upgraded to HTTPS, For more information see https://blog.chromium.org/2019/10/no-more-mixed-messages-about-https.html @ https://repository.upi.edu/138041/:0
[  148291ms] [WARNING] Mixed Content: The page at 'https://repository.upi.edu/138041/' was loaded over HTTPS, but requested an insecure element 'http://repository.upi.edu/style/images/fileicons/text.png'. This request was automatically upgraded to HTTPS, For more information see https://blog.chromium.org/2019/10/no-more-mixed-messages-about-https.html @ https://repository.upi.edu/138041/:0
[  148291ms] [WARNING] Mixed Content: The page at 'https://repository.upi.edu/138041/' was loaded over HTTPS, but requested an insecure element 'http://repository.upi.edu/style/images/fileicons/text.png'. This request was automatically upgraded to HTTPS, For more information see https://blog.chromium.org/2019/10/no-more-mixed-messages-about-https.html @ https://repository.upi.edu/138041/:0
[  148291ms] [WARNING] Mixed Content: The page at 'https://repository.upi.edu/138041/' was loaded over HTTPS, but requested an insecure element 'http://repository.upi.edu/style/images/fileicons/text.png'. This request was automatically upgraded to HTTPS, For more information see https://blog.chromium.org/2019/10/no-more-mixed-messages-about-https.html @ https://repository.upi.edu/138041/:0
[  148297ms] [WARNING] Mixed Content: The page at 'https://repository.upi.edu/138041/' was loaded over HTTPS, but requested an insecure element 'http://repository.upi.edu/style/images/fileicons/text.png'. This request was automatically upgraded to HTTPS, For more information see https://blog.chromium.org/2019/10/no-more-mixed-messages-about-https.html @ https://repository.upi.edu/138041/:321
[  148298ms] ReferenceError: gaq is not defined
    at https://repository.upi.edu/138041/:312:3
[  148298ms] [WARNING] Mixed Content: The page at 'https://repository.upi.edu/138041/' was loaded over HTTPS, but requested an insecure element 'http://repository.upi.edu/style/images/fileicons/text.png'. This request was automatically upgraded to HTTPS, For more information see https://blog.chromium.org/2019/10/no-more-mixed-messages-about-https.html @ https://repository.upi.edu/138041/:362
[  148298ms] ReferenceError: gaq is not defined
    at https://repository.upi.edu/138041/:353:3
[  148298ms] [WARNING] Mixed Content: The page at 'https://repository.upi.edu/138041/' was loaded over HTTPS, but requested an insecure element 'http://repository.upi.edu/style/images/fileicons/text.png'. This request was automatically upgraded to HTTPS, For more information see https://blog.chromium.org/2019/10/no-more-mixed-messages-about-https.html @ https://repository.upi.edu/138041/:403
[  148298ms] ReferenceError: gaq is not defined
    at https://repository.upi.edu/138041/:394:3
[  148298ms] [WARNING] Mixed Content: The page at 'https://repository.upi.edu/138041/' was loaded over HTTPS, but requested an insecure element 'http://repository.upi.edu/style/images/fileicons/text.png'. This request was automatically upgraded to HTTPS, For more information see https://blog.chromium.org/2019/10/no-more-mixed-messages-about-https.html @ https://repository.upi.edu/138041/:446
[  148298ms] ReferenceError: gaq is not defined
    at https://repository.upi.edu/138041/:437:3
[  148298ms] [WARNING] Mixed Content: The page at 'https://repository.upi.edu/138041/' was loaded over HTTPS, but requested an insecure element 'http://repository.upi.edu/style/images/fileicons/text.png'. This request was automatically upgraded to HTTPS, For more information see https://blog.chromium.org/2019/10/no-more-mixed-messages-about-https.html @ https://repository.upi.edu/138041/:487
[  148298ms] ReferenceError: gaq is not defined
    at https://repository.upi.edu/138041/:478:3
[  148298ms] [WARNING] Mixed Content: The page at 'https://repository.upi.edu/138041/' was loaded over HTTPS, but requested an insecure element 'http://repository.upi.edu/style/images/fileicons/text.png'. This request was automatically upgraded to HTTPS, For more information see https://blog.chromium.org/2019/10/no-more-mixed-messages-about-https.html @ https://repository.upi.edu/138041/:530
[  148298ms] ReferenceError: gaq is not defined
    at https://repository.upi.edu/138041/:521:3
[  148298ms] [WARNING] Mixed Content: The page at 'https://repository.upi.edu/138041/' was loaded over HTTPS, but requested an insecure element 'http://repository.upi.edu/style/images/fileicons/text.png'. This request was automatically upgraded to HTTPS, For more information see https://blog.chromium.org/2019/10/no-more-mixed-messages-about-https.html @ https://repository.upi.edu/138041/:571
[  148298ms] ReferenceError: gaq is not defined
    at https://repository.upi.edu/138041/:562:3
[  148351ms] [WARNING] Mixed Content: The page at 'https://repository.upi.edu/137698/' was loaded over HTTPS, but requested an insecure element 'http://repository.upi.edu/style/images/fileicons/text.png'. This request was automatically upgraded to HTTPS, For more information see https://blog.chromium.org/2019/10/no-more-mixed-messages-about-https.html @ https://repository.upi.edu/137698/:0
[  148351ms] [WARNING] Mixed Content: The page at 'https://repository.upi.edu/137698/' was loaded over HTTPS, but requested an insecure element 'http://repository.upi.edu/style/images/fileicons/text.png'. This request was automatically upgraded to HTTPS, For more information see https://blog.chromium.org/2019/10/no-more-mixed-messages-about-https.html @ https://repository.upi.edu/137698/:0
[  148351ms] [WARNING] Mixed Content: The page at 'https://repository.upi.edu/137698/' was loaded over HTTPS, but requested an insecure element 'http://repository.upi.edu/style/images/fileicons/text.png'. This request was automatically upgraded to HTTPS, For more information see https://blog.chromium.org/2019/10/no-more-mixed-messages-about-https.html @ https://repository.upi.edu/137698/:0
[  148351ms] [WARNING] Mixed Content: The page at 'https://repository.upi.edu/137698/' was loaded over HTTPS, but requested an insecure element 'http://repository.upi.edu/style/images/fileicons/text.png'. This request was automatically upgraded to HTTPS, For more information see https://blog.chromium.org/2019/10/no-more-mixed-messages-about-https.html @ https://repository.upi.edu/137698/:0
[  148351ms] [WARNING] Mixed Content: The page at 'https://repository.upi.edu/137698/' was loaded over HTTPS, but requested an insecure element 'http://repository.upi.edu/style/images/fileicons/text.png'. This request was automatically upgraded to HTTPS, For more information see https://blog.chromium.org/2019/10/no-more-mixed-messages-about-https.html @ https://repository.upi.edu/137698/:0
[  148351ms] [WARNING] Mixed Content: The page at 'https://repository.upi.edu/137698/' was loaded over HTTPS, but requested an insecure element 'http://repository.upi.edu/style/images/fileicons/text.png'. This request was automatically upgraded to HTTPS, For more information see https://blog.chromium.org/2019/10/no-more-mixed-messages-about-https.html @ https://repository.upi.edu/137698/:0
[  148357ms] [WARNING] Mixed Content: The page at 'https://repository.upi.edu/137698/' was loaded over HTTPS, but requested an insecure element 'http://repository.upi.edu/style/images/fileicons/text.png'. This request was automatically upgraded to HTTPS, For more information see https://blog.chromium.org/2019/10/no-more-mixed-messages-about-https.html @ https://repository.upi.edu/137698/:315
[  148359ms] ReferenceError: gaq is not defined
    at https://repository.upi.edu/137698/:306:3
[  148357ms] [WARNING] Mixed Content: The page at 'https://repository.upi.edu/137698/' was loaded over HTTPS, but requested an insecure element 'http://repository.upi.edu/style/images/fileicons/text.png'. This request was automatically upgraded to HTTPS, For more information see https://blog.chromium.org/2019/10/no-more-mixed-messages-about-https.html @ https://repository.upi.edu/137698/:356
[  148360ms] ReferenceError: gaq is not defined
    at https://repository.upi.edu/137698/:347:3
[  148357ms] [WARNING] Mixed Content: The page at 'https://repository.upi.edu/137698/' was loaded over HTTPS, but requested an insecure element 'http://repository.upi.edu/style/images/fileicons/text.png'. This request was automatically upgraded to HTTPS, For more information see https://blog.chromium.org/2019/10/no-more-mixed-messages-about-https.html @ https://repository.upi.edu/137698/:397
[  148360ms] ReferenceError: gaq is not defined
    at https://repository.upi.edu/137698/:388:3
[  148357ms] [WARNING] Mixed Content: The page at 'https://repository.upi.edu/137698/' was loaded over HTTPS, but requested an insecure element 'http://repository.upi.edu/style/images/fileicons/text.png'. This request was automatically upgraded to HTTPS, For more information see https://blog.chromium.org/2019/10/no-more-mixed-messages-about-https.html @ https://repository.upi.edu/137698/:440
[  148360ms] ReferenceError: gaq is not defined
    at https://repository.upi.edu/137698/:431:3
[  148357ms] [WARNING] Mixed Content: The page at 'https://repository.upi.edu/137698/' was loaded over HTTPS, but requested an insecure element 'http://repository.upi.edu/style/images/fileicons/text.png'. This request was automatically upgraded to HTTPS, For more information see https://blog.chromium.org/2019/10/no-more-mixed-messages-about-https.html @ https://repository.upi.edu/137698/:481
[  148360ms] ReferenceError: gaq is not defined
    at https://repository.upi.edu/137698/:472:3
[  148357ms] [WARNING] Mixed Content: The page at 'https://repository.upi.edu/137698/' was loaded over HTTPS, but requested an insecure element 'http://repository.upi.edu/style/images/fileicons/text.png'. This request was automatically upgraded to HTTPS, For more information see https://blog.chromium.org/2019/10/no-more-mixed-messages-about-https.html @ https://repository.upi.edu/137698/:524
[  148360ms] ReferenceError: gaq is not defined
    at https://repository.upi.edu/137698/:515:3
[  148481ms] [WARNING] Mixed Content: The page at 'https://repository.upi.edu/139494/' was loaded over HTTPS, but requested an insecure element 'http://repository.upi.edu/style/images/fileicons/text.png'. This request was automatically upgraded to HTTPS, For more information see https://blog.chromium.org/2019/10/no-more-mixed-messages-about-https.html @ https://repository.upi.edu/139494/:0
[  148481ms] [WARNING] Mixed Content: The page at 'https://repository.upi.edu/139494/' was loaded over HTTPS, but requested an insecure element 'http://repository.upi.edu/style/images/fileicons/text.png'. This request was automatically upgraded to HTTPS, For more information see https://blog.chromium.org/2019/10/no-more-mixed-messages-about-https.html @ https://repository.upi.edu/139494/:0
[  148481ms] [WARNING] Mixed Content: The page at 'https://repository.upi.edu/139494/' was loaded over HTTPS, but requested an insecure element 'http://repository.upi.edu/style/images/fileicons/text.png'. This request was automatically upgraded to HTTPS, For more information see https://blog.chromium.org/2019/10/no-more-mixed-messages-about-https.html @ https://repository.upi.edu/139494/:0
[  148481ms] [WARNING] Mixed Content: The page at 'https://repository.upi.edu/139494/' was loaded over HTTPS, but requested an insecure element 'http://repository.upi.edu/style/images/fileicons/text.png'. This request was automatically upgraded to HTTPS, For more information see https://blog.chromium.org/2019/10/no-more-mixed-messages-about-https.html @ https://repository.upi.edu/139494/:0
[  148481ms] [WARNING] Mixed Content: The page at 'https://repository.upi.edu/139494/' was loaded over HTTPS, but requested an insecure element 'http://repository.upi.edu/style/images/fileicons/text.png'. This request was automatically upgraded to HTTPS, For more information see https://blog.chromium.org/2019/10/no-more-mixed-messages-about-https.html @ https://repository.upi.edu/139494/:0
[  148481ms] [WARNING] Mixed Content: The page at 'https://repository.upi.edu/139494/' was loaded over HTTPS, but requested an insecure element 'http://repository.upi.edu/style/images/fileicons/text.png'. This request was automatically upgraded to HTTPS, For more information see https://blog.chromium.org/2019/10/no-more-mixed-messages-about-https.html @ https://repository.upi.edu/139494/:0
[  148481ms] [WARNING] Mixed Content: The page at 'https://repository.upi.edu/139494/' was loaded over HTTPS, but requested an insecure element 'http://repository.upi.edu/style/images/fileicons/text.png'. This request was automatically upgraded to HTTPS, For more information see https://blog.chromium.org/2019/10/no-more-mixed-messages-about-https.html @ https://repository.upi.edu/139494/:0
[  148487ms] [WARNING] Mixed Content: The page at 'https://repository.upi.edu/139494/' was loaded over HTTPS, but requested an insecure element 'http://repository.upi.edu/style/images/fileicons/text.png'. This request was automatically upgraded to HTTPS, For more information see https://blog.chromium.org/2019/10/no-more-mixed-messages-about-https.html @ https://repository.upi.edu/139494/:315
[  148487ms] ReferenceError: gaq is not defined
    at https://repository.upi.edu/139494/:306:3
[  148487ms] [WARNING] Mixed Content: The page at 'https://repository.upi.edu/139494/' was loaded over HTTPS, but requested an insecure element 'http://repository.upi.edu/style/images/fileicons/text.png'. This request was automatically upgraded to HTTPS, For more information see https://blog.chromium.org/2019/10/no-more-mixed-messages-about-https.html @ https://repository.upi.edu/139494/:356
[  148487ms] ReferenceError: gaq is not defined
    at https://repository.upi.edu/139494/:347:3
[  148487ms] [WARNING] Mixed Content: The page at 'https://repository.upi.edu/139494/' was loaded over HTTPS, but requested an insecure element 'http://repository.upi.edu/style/images/fileicons/text.png'. This request was automatically upgraded to HTTPS, For more information see https://blog.chromium.org/2019/10/no-more-mixed-messages-about-https.html @ https://repository.upi.edu/139494/:397
[  148487ms] ReferenceError: gaq is not defined
    at https://repository.upi.edu/139494/:388:3
[  148487ms] [WARNING] Mixed Content: The page at 'https://repository.upi.edu/139494/' was loaded over HTTPS, but requested an insecure element 'http://repository.upi.edu/style/images/fileicons/text.png'. This request was automatically upgraded to HTTPS, For more information see https://blog.chromium.org/2019/10/no-more-mixed-messages-about-https.html @ https://repository.upi.edu/139494/:438
[  148487ms] ReferenceError: gaq is not defined
    at https://repository.upi.edu/139494/:429:3
[  148487ms] [WARNING] Mixed Content: The page at 'https://repository.upi.edu/139494/' was loaded over HTTPS, but requested an insecure element 'http://repository.upi.edu/style/images/fileicons/text.png'. This request was automatically upgraded to HTTPS, For more information see https://blog.chromium.org/2019/10/no-more-mixed-messages-about-https.html @ https://repository.upi.edu/139494/:479
[  148487ms] ReferenceError: gaq is not defined
    at https://repository.upi.edu/139494/:470:3
[  148487ms] [WARNING] Mixed Content: The page at 'https://repository.upi.edu/139494/' was loaded over HTTPS, but requested an insecure element 'http://repository.upi.edu/style/images/fileicons/text.png'. This request was automatically upgraded to HTTPS, For more information see https://blog.chromium.org/2019/10/no-more-mixed-messages-about-https.html @ https://repository.upi.edu/139494/:520
[  148487ms] ReferenceError: gaq is not defined
    at https://repository.upi.edu/139494/:511:3
[  148487ms] [WARNING] Mixed Content: The page at 'https://repository.upi.edu/139494/' was loaded over HTTPS, but requested an insecure element 'http://repository.upi.edu/style/images/fileicons/text.png'. This request was automatically upgraded to HTTPS, For more information see https://blog.chromium.org/2019/10/no-more-mixed-messages-about-https.html @ https://repository.upi.edu/139494/:561
[  148487ms] ReferenceError: gaq is not defined
    at https://repository.upi.edu/139494/:552:3
[  148601ms] [WARNING] Mixed Content: The page at 'https://repository.upi.edu/138355/' was loaded over HTTPS, but requested an insecure element 'http://repository.upi.edu/style/images/fileicons/text.png'. This request was automatically upgraded to HTTPS, For more information see https://blog.chromium.org/2019/10/no-more-mixed-messages-about-https.html @ https://repository.upi.edu/138355/:0
[  148601ms] [WARNING] Mixed Content: The page at 'https://repository.upi.edu/138355/' was loaded over HTTPS, but requested an insecure element 'http://repository.upi.edu/style/images/fileicons/text.png'. This request was automatically upgraded to HTTPS, For more information see https://blog.chromium.org/2019/10/no-more-mixed-messages-about-https.html @ https://repository.upi.edu/138355/:0
[  148601ms] [WARNING] Mixed Content: The page at 'https://repository.upi.edu/138355/' was loaded over HTTPS, but requested an insecure element 'http://repository.upi.edu/style/images/fileicons/text.png'. This request was automatically upgraded to HTTPS, For more information see https://blog.chromium.org/2019/10/no-more-mixed-messages-about-https.html @ https://repository.upi.edu/138355/:0
[  148601ms] [WARNING] Mixed Content: The page at 'https://repository.upi.edu/138355/' was loaded over HTTPS, but requested an insecure element 'http://repository.upi.edu/style/images/fileicons/text.png'. This request was automatically upgraded to HTTPS, For more information see https://blog.chromium.org/2019/10/no-more-mixed-messages-about-https.html @ https://repository.upi.edu/138355/:0
[  148601ms] [WARNING] Mixed Content: The page at 'https://repository.upi.edu/138355/' was loaded over HTTPS, but requested an insecure element 'http://repository.upi.edu/style/images/fileicons/text.png'. This request was automatically upgraded to HTTPS, For more information see https://blog.chromium.org/2019/10/no-more-mixed-messages-about-https.html @ https://repository.upi.edu/138355/:0
[  148601ms] [WARNING] Mixed Content: The page at 'https://repository.upi.edu/138355/' was loaded over HTTPS, but requested an insecure element 'http://repository.upi.edu/style/images/fileicons/text.png'. This request was automatically upgraded to HTTPS, For more information see https://blog.chromium.org/2019/10/no-more-mixed-messages-about-https.html @ https://repository.upi.edu/138355/:0
[  148601ms] [WARNING] Mixed Content: The page at 'https://repository.upi.edu/138355/' was loaded over HTTPS, but requested an insecure element 'http://repository.upi.edu/style/images/fileicons/text.png'. This request was automatically upgraded to HTTPS, For more information see https://blog.chromium.org/2019/10/no-more-mixed-messages-about-https.html @ https://repository.upi.edu/138355/:0
[  148607ms] [WARNING] Mixed Content: The page at 'https://repository.upi.edu/138355/' was loaded over HTTPS, but requested an insecure element 'http://repository.upi.edu/style/images/fileicons/text.png'. This request was automatically upgraded to HTTPS, For more information see https://blog.chromium.org/2019/10/no-more-mixed-messages-about-https.html @ https://repository.upi.edu/138355/:319
[  148607ms] ReferenceError: gaq is not defined
    at https://repository.upi.edu/138355/:310:3
[  148607ms] [WARNING] Mixed Content: The page at 'https://repository.upi.edu/138355/' was loaded over HTTPS, but requested an insecure element 'http://repository.upi.edu/style/images/fileicons/text.png'. This request was automatically upgraded to HTTPS, For more information see https://blog.chromium.org/2019/10/no-more-mixed-messages-about-https.html @ https://repository.upi.edu/138355/:360
[  148607ms] ReferenceError: gaq is not defined
    at https://repository.upi.edu/138355/:351:3
[  148607ms] [WARNING] Mixed Content: The page at 'https://repository.upi.edu/138355/' was loaded over HTTPS, but requested an insecure element 'http://repository.upi.edu/style/images/fileicons/text.png'. This request was automatically upgraded to HTTPS, For more information see https://blog.chromium.org/2019/10/no-more-mixed-messages-about-https.html @ https://repository.upi.edu/138355/:401
[  148607ms] ReferenceError: gaq is not defined
    at https://repository.upi.edu/138355/:392:3
[  148607ms] [WARNING] Mixed Content: The page at 'https://repository.upi.edu/138355/' was loaded over HTTPS, but requested an insecure element 'http://repository.upi.edu/style/images/fileicons/text.png'. This request was automatically upgraded to HTTPS, For more information see https://blog.chromium.org/2019/10/no-more-mixed-messages-about-https.html @ https://repository.upi.edu/138355/:444
[  148608ms] ReferenceError: gaq is not defined
    at https://repository.upi.edu/138355/:435:3
[  148608ms] [WARNING] Mixed Content: The page at 'https://repository.upi.edu/138355/' was loaded over HTTPS, but requested an insecure element 'http://repository.upi.edu/style/images/fileicons/text.png'. This request was automatically upgraded to HTTPS, For more information see https://blog.chromium.org/2019/10/no-more-mixed-messages-about-https.html @ https://repository.upi.edu/138355/:485
[  148608ms] ReferenceError: gaq is not defined
    at https://repository.upi.edu/138355/:476:3
[  148608ms] [WARNING] Mixed Content: The page at 'https://repository.upi.edu/138355/' was loaded over HTTPS, but requested an insecure element 'http://repository.upi.edu/style/images/fileicons/text.png'. This request was automatically upgraded to HTTPS, For more information see https://blog.chromium.org/2019/10/no-more-mixed-messages-about-https.html @ https://repository.upi.edu/138355/:526
[  148608ms] ReferenceError: gaq is not defined
    at https://repository.upi.edu/138355/:517:3
[  148608ms] [WARNING] Mixed Content: The page at 'https://repository.upi.edu/138355/' was loaded over HTTPS, but requested an insecure element 'http://repository.upi.edu/style/images/fileicons/text.png'. This request was automatically upgraded to HTTPS, For more information see https://blog.chromium.org/2019/10/no-more-mixed-messages-about-https.html @ https://repository.upi.edu/138355/:569
[  148608ms] ReferenceError: gaq is not defined
    at https://repository.upi.edu/138355/:560:3
[  149288ms] [WARNING] Mixed Content: The page at 'https://repository.upi.edu/138287/' was loaded over HTTPS, but requested an insecure element 'http://repository.upi.edu/style/images/fileicons/text.png'. This request was automatically upgraded to HTTPS, For more information see https://blog.chromium.org/2019/10/no-more-mixed-messages-about-https.html @ https://repository.upi.edu/138287/:0
[  149289ms] [WARNING] Mixed Content: The page at 'https://repository.upi.edu/138287/' was loaded over HTTPS, but requested an insecure element 'http://repository.upi.edu/style/images/fileicons/text.png'. This request was automatically upgraded to HTTPS, For more information see https://blog.chromium.org/2019/10/no-more-mixed-messages-about-https.html @ https://repository.upi.edu/138287/:0
[  149289ms] [WARNING] Mixed Content: The page at 'https://repository.upi.edu/138287/' was loaded over HTTPS, but requested an insecure element 'http://repository.upi.edu/style/images/fileicons/text.png'. This request was automatically upgraded to HTTPS, For more information see https://blog.chromium.org/2019/10/no-more-mixed-messages-about-https.html @ https://repository.upi.edu/138287/:0
[  149289ms] [WARNING] Mixed Content: The page at 'https://repository.upi.edu/138287/' was loaded over HTTPS, but requested an insecure element 'http://repository.upi.edu/style/images/fileicons/text.png'. This request was automatically upgraded to HTTPS, For more information see https://blog.chromium.org/2019/10/no-more-mixed-messages-about-https.html @ https://repository.upi.edu/138287/:0
[  149289ms] [WARNING] Mixed Content: The page at 'https://repository.upi.edu/138287/' was loaded over HTTPS, but requested an insecure element 'http://repository.upi.edu/style/images/fileicons/text.png'. This request was automatically upgraded to HTTPS, For more information see https://blog.chromium.org/2019/10/no-more-mixed-messages-about-https.html @ https://repository.upi.edu/138287/:0
[  149289ms] [WARNING] Mixed Content: The page at 'https://repository.upi.edu/138287/' was loaded over HTTPS, but requested an insecure element 'http://repository.upi.edu/style/images/fileicons/text.png'. This request was automatically upgraded to HTTPS, For more information see https://blog.chromium.org/2019/10/no-more-mixed-messages-about-https.html @ https://repository.upi.edu/138287/:0
[  149289ms] [WARNING] Mixed Content: The page at 'https://repository.upi.edu/138287/' was loaded over HTTPS, but requested an insecure element 'http://repository.upi.edu/style/images/fileicons/text.png'. This request was automatically upgraded to HTTPS, For more information see https://blog.chromium.org/2019/10/no-more-mixed-messages-about-https.html @ https://repository.upi.edu/138287/:0
[  149295ms] [WARNING] Mixed Content: The page at 'https://repository.upi.edu/138287/' was loaded over HTTPS, but requested an insecure element 'http://repository.upi.edu/style/images/fileicons/text.png'. This request was automatically upgraded to HTTPS, For more information see https://blog.chromium.org/2019/10/no-more-mixed-messages-about-https.html @ https://repository.upi.edu/138287/:321
[  149295ms] ReferenceError: gaq is not defined
    at https://repository.upi.edu/138287/:312:3
[  149295ms] [WARNING] Mixed Content: The page at 'https://repository.upi.edu/138287/' was loaded over HTTPS, but requested an insecure element 'http://repository.upi.edu/style/images/fileicons/text.png'. This request was automatically upgraded to HTTPS, For more information see https://blog.chromium.org/2019/10/no-more-mixed-messages-about-https.html @ https://repository.upi.edu/138287/:362
[  149295ms] ReferenceError: gaq is not defined
    at https://repository.upi.edu/138287/:353:3
[  149295ms] [WARNING] Mixed Content: The page at 'https://repository.upi.edu/138287/' was loaded over HTTPS, but requested an insecure element 'http://repository.upi.edu/style/images/fileicons/text.png'. This request was automatically upgraded to HTTPS, For more information see https://blog.chromium.org/2019/10/no-more-mixed-messages-about-https.html @ https://repository.upi.edu/138287/:403
[  149295ms] ReferenceError: gaq is not defined
    at https://repository.upi.edu/138287/:394:3
[  149295ms] [WARNING] Mixed Content: The page at 'https://repository.upi.edu/138287/' was loaded over HTTPS, but requested an insecure element 'http://repository.upi.edu/style/images/fileicons/text.png'. This request was automatically upgraded to HTTPS, For more information see https://blog.chromium.org/2019/10/no-more-mixed-messages-about-https.html @ https://repository.upi.edu/138287/:444
[  149295ms] ReferenceError: gaq is not defined
    at https://repository.upi.edu/138287/:435:3
[  149295ms] [WARNING] Mixed Content: The page at 'https://repository.upi.edu/138287/' was loaded over HTTPS, but requested an insecure element 'http://repository.upi.edu/style/images/fileicons/text.png'. This request was automatically upgraded to HTTPS, For more information see https://blog.chromium.org/2019/10/no-more-mixed-messages-about-https.html @ https://repository.upi.edu/138287/:485
[  149295ms] ReferenceError: gaq is not defined
    at https://repository.upi.edu/138287/:476:3
[  149295ms] [WARNING] Mixed Content: The page at 'https://repository.upi.edu/138287/' was loaded over HTTPS, but requested an insecure element 'http://repository.upi.edu/style/images/fileicons/text.png'. This request was automatically upgraded to HTTPS, For more information see https://blog.chromium.org/2019/10/no-more-mixed-messages-about-https.html @ https://repository.upi.edu/138287/:526
[  149295ms] ReferenceError: gaq is not defined
    at https://repository.upi.edu/138287/:517:3
[  149295ms] [WARNING] Mixed Content: The page at 'https://repository.upi.edu/138287/' was loaded over HTTPS, but requested an insecure element 'http://repository.upi.edu/style/images/fileicons/text.png'. This request was automatically upgraded to HTTPS, For more information see https://blog.chromium.org/2019/10/no-more-mixed-messages-about-https.html @ https://repository.upi.edu/138287/:567
[  149295ms] ReferenceError: gaq is not defined
    at https://repository.upi.edu/138287/:558:3
[  149426ms] [WARNING] Mixed Content: The page at 'https://repository.upi.edu/132852/' was loaded over HTTPS, but requested an insecure element 'http://repository.upi.edu/style/images/fileicons/text.png'. This request was automatically upgraded to HTTPS, For more information see https://blog.chromium.org/2019/10/no-more-mixed-messages-about-https.html @ https://repository.upi.edu/132852/:0
[  149426ms] [WARNING] Mixed Content: The page at 'https://repository.upi.edu/132852/' was loaded over HTTPS, but requested an insecure element 'http://repository.upi.edu/style/images/fileicons/text.png'. This request was automatically upgraded to HTTPS, For more information see https://blog.chromium.org/2019/10/no-more-mixed-messages-about-https.html @ https://repository.upi.edu/132852/:0
[  149426ms] [WARNING] Mixed Content: The page at 'https://repository.upi.edu/132852/' was loaded over HTTPS, but requested an insecure element 'http://repository.upi.edu/style/images/fileicons/text.png'. This request was automatically upgraded to HTTPS, For more information see https://blog.chromium.org/2019/10/no-more-mixed-messages-about-https.html @ https://repository.upi.edu/132852/:0
[  149426ms] [WARNING] Mixed Content: The page at 'https://repository.upi.edu/132852/' was loaded over HTTPS, but requested an insecure element 'http://repository.upi.edu/style/images/fileicons/text.png'. This request was automatically upgraded to HTTPS, For more information see https://blog.chromium.org/2019/10/no-more-mixed-messages-about-https.html @ https://repository.upi.edu/132852/:0
[  149426ms] [WARNING] Mixed Content: The page at 'https://repository.upi.edu/132852/' was loaded over HTTPS, but requested an insecure element 'http://repository.upi.edu/style/images/fileicons/text.png'. This request was automatically upgraded to HTTPS, For more information see https://blog.chromium.org/2019/10/no-more-mixed-messages-about-https.html @ https://repository.upi.edu/132852/:0
[  149426ms] [WARNING] Mixed Content: The page at 'https://repository.upi.edu/132852/' was loaded over HTTPS, but requested an insecure element 'http://repository.upi.edu/style/images/fileicons/text.png'. This request was automatically upgraded to HTTPS, For more information see https://blog.chromium.org/2019/10/no-more-mixed-messages-about-https.html @ https://repository.upi.edu/132852/:0
[  149426ms] [WARNING] Mixed Content: The page at 'https://repository.upi.edu/132852/' was loaded over HTTPS, but requested an insecure element 'http://repository.upi.edu/style/images/fileicons/text.png'. This request was automatically upgraded to HTTPS, For more information see https://blog.chromium.org/2019/10/no-more-mixed-messages-about-https.html @ https://repository.upi.edu/132852/:0
[  149432ms] [WARNING] Mixed Content: The page at 'https://repository.upi.edu/132852/' was loaded over HTTPS, but requested an insecure element 'http://repository.upi.edu/style/images/fileicons/text.png'. This request was automatically upgraded to HTTPS, For more information see https://blog.chromium.org/2019/10/no-more-mixed-messages-about-https.html @ https://repository.upi.edu/132852/:311
[  149432ms] ReferenceError: gaq is not defined
    at https://repository.upi.edu/132852/:302:3
[  149432ms] [WARNING] Mixed Content: The page at 'https://repository.upi.edu/132852/' was loaded over HTTPS, but requested an insecure element 'http://repository.upi.edu/style/images/fileicons/text.png'. This request was automatically upgraded to HTTPS, For more information see https://blog.chromium.org/2019/10/no-more-mixed-messages-about-https.html @ https://repository.upi.edu/132852/:352
[  149432ms] ReferenceError: gaq is not defined
    at https://repository.upi.edu/132852/:343:3
[  149432ms] [WARNING] Mixed Content: The page at 'https://repository.upi.edu/132852/' was loaded over HTTPS, but requested an insecure element 'http://repository.upi.edu/style/images/fileicons/text.png'. This request was automatically upgraded to HTTPS, For more information see https://blog.chromium.org/2019/10/no-more-mixed-messages-about-https.html @ https://repository.upi.edu/132852/:393
[  149432ms] ReferenceError: gaq is not defined
    at https://repository.upi.edu/132852/:384:3
[  149432ms] [WARNING] Mixed Content: The page at 'https://repository.upi.edu/132852/' was loaded over HTTPS, but requested an insecure element 'http://repository.upi.edu/style/images/fileicons/text.png'. This request was automatically upgraded to HTTPS, For more information see https://blog.chromium.org/2019/10/no-more-mixed-messages-about-https.html @ https://repository.upi.edu/132852/:434
[  149432ms] ReferenceError: gaq is not defined
    at https://repository.upi.edu/132852/:425:3
[  149432ms] [WARNING] Mixed Content: The page at 'https://repository.upi.edu/132852/' was loaded over HTTPS, but requested an insecure element 'http://repository.upi.edu/style/images/fileicons/text.png'. This request was automatically upgraded to HTTPS, For more information see https://blog.chromium.org/2019/10/no-more-mixed-messages-about-https.html @ https://repository.upi.edu/132852/:475
[  149432ms] ReferenceError: gaq is not defined
    at https://repository.upi.edu/132852/:466:3
[  149432ms] [WARNING] Mixed Content: The page at 'https://repository.upi.edu/132852/' was loaded over HTTPS, but requested an insecure element 'http://repository.upi.edu/style/images/fileicons/text.png'. This request was automatically upgraded to HTTPS, For more information see https://blog.chromium.org/2019/10/no-more-mixed-messages-about-https.html @ https://repository.upi.edu/132852/:516
[  149432ms] ReferenceError: gaq is not defined
    at https://repository.upi.edu/132852/:507:3
[  149432ms] [WARNING] Mixed Content: The page at 'https://repository.upi.edu/132852/' was loaded over HTTPS, but requested an insecure element 'http://repository.upi.edu/style/images/fileicons/text.png'. This request was automatically upgraded to HTTPS, For more information see https://blog.chromium.org/2019/10/no-more-mixed-messages-about-https.html @ https://repository.upi.edu/132852/:557
[  149432ms] ReferenceError: gaq is not defined
    at https://repository.upi.edu/132852/:548:3
[  149592ms] [WARNING] Mixed Content: The page at 'https://repository.upi.edu/138032/' was loaded over HTTPS, but requested an insecure element 'http://repository.upi.edu/style/images/fileicons/text.png'. This request was automatically upgraded to HTTPS, For more information see https://blog.chromium.org/2019/10/no-more-mixed-messages-about-https.html @ https://repository.upi.edu/138032/:0
[  149592ms] [WARNING] Mixed Content: The page at 'https://repository.upi.edu/138032/' was loaded over HTTPS, but requested an insecure element 'http://repository.upi.edu/style/images/fileicons/text.png'. This request was automatically upgraded to HTTPS, For more information see https://blog.chromium.org/2019/10/no-more-mixed-messages-about-https.html @ https://repository.upi.edu/138032/:0
[  149592ms] [WARNING] Mixed Content: The page at 'https://repository.upi.edu/138032/' was loaded over HTTPS, but requested an insecure element 'http://repository.upi.edu/style/images/fileicons/text.png'. This request was automatically upgraded to HTTPS, For more information see https://blog.chromium.org/2019/10/no-more-mixed-messages-about-https.html @ https://repository.upi.edu/138032/:0
[  149592ms] [WARNING] Mixed Content: The page at 'https://repository.upi.edu/138032/' was loaded over HTTPS, but requested an insecure element 'http://repository.upi.edu/style/images/fileicons/text.png'. This request was automatically upgraded to HTTPS, For more information see https://blog.chromium.org/2019/10/no-more-mixed-messages-about-https.html @ https://repository.upi.edu/138032/:0
[  149592ms] [WARNING] Mixed Content: The page at 'https://repository.upi.edu/138032/' was loaded over HTTPS, but requested an insecure element 'http://repository.upi.edu/style/images/fileicons/text.png'. This request was automatically upgraded to HTTPS, For more information see https://blog.chromium.org/2019/10/no-more-mixed-messages-about-https.html @ https://repository.upi.edu/138032/:0
[  149592ms] [WARNING] Mixed Content: The page at 'https://repository.upi.edu/138032/' was loaded over HTTPS, but requested an insecure element 'http://repository.upi.edu/style/images/fileicons/text.png'. This request was automatically upgraded to HTTPS, For more information see https://blog.chromium.org/2019/10/no-more-mixed-messages-about-https.html @ https://repository.upi.edu/138032/:0
[  149592ms] [WARNING] Mixed Content: The page at 'https://repository.upi.edu/138032/' was loaded over HTTPS, but requested an insecure element 'http://repository.upi.edu/style/images/fileicons/text.png'. This request was automatically upgraded to HTTPS, For more information see https://blog.chromium.org/2019/10/no-more-mixed-messages-about-https.html @ https://repository.upi.edu/138032/:0
[  149598ms] [WARNING] Mixed Content: The page at 'https://repository.upi.edu/138032/' was loaded over HTTPS, but requested an insecure element 'http://repository.upi.edu/style/images/fileicons/text.png'. This request was automatically upgraded to HTTPS, For more information see https://blog.chromium.org/2019/10/no-more-mixed-messages-about-https.html @ https://repository.upi.edu/138032/:323
[  149598ms] ReferenceError: gaq is not defined
    at https://repository.upi.edu/138032/:314:3
[  149598ms] [WARNING] Mixed Content: The page at 'https://repository.upi.edu/138032/' was loaded over HTTPS, but requested an insecure element 'http://repository.upi.edu/style/images/fileicons/text.png'. This request was automatically upgraded to HTTPS, For more information see https://blog.chromium.org/2019/10/no-more-mixed-messages-about-https.html @ https://repository.upi.edu/138032/:364
[  149598ms] ReferenceError: gaq is not defined
    at https://repository.upi.edu/138032/:355:3
[  149598ms] [WARNING] Mixed Content: The page at 'https://repository.upi.edu/138032/' was loaded over HTTPS, but requested an insecure element 'http://repository.upi.edu/style/images/fileicons/text.png'. This request was automatically upgraded to HTTPS, For more information see https://blog.chromium.org/2019/10/no-more-mixed-messages-about-https.html @ https://repository.upi.edu/138032/:405
[  149598ms] ReferenceError: gaq is not defined
    at https://repository.upi.edu/138032/:396:3
[  149598ms] [WARNING] Mixed Content: The page at 'https://repository.upi.edu/138032/' was loaded over HTTPS, but requested an insecure element 'http://repository.upi.edu/style/images/fileicons/text.png'. This request was automatically upgraded to HTTPS, For more information see https://blog.chromium.org/2019/10/no-more-mixed-messages-about-https.html @ https://repository.upi.edu/138032/:446
[  149598ms] ReferenceError: gaq is not defined
    at https://repository.upi.edu/138032/:437:3
[  149598ms] [WARNING] Mixed Content: The page at 'https://repository.upi.edu/138032/' was loaded over HTTPS, but requested an insecure element 'http://repository.upi.edu/style/images/fileicons/text.png'. This request was automatically upgraded to HTTPS, For more information see https://blog.chromium.org/2019/10/no-more-mixed-messages-about-https.html @ https://repository.upi.edu/138032/:487
[  149598ms] ReferenceError: gaq is not defined
    at https://repository.upi.edu/138032/:478:3
[  149598ms] [WARNING] Mixed Content: The page at 'https://repository.upi.edu/138032/' was loaded over HTTPS, but requested an insecure element 'http://repository.upi.edu/style/images/fileicons/text.png'. This request was automatically upgraded to HTTPS, For more information see https://blog.chromium.org/2019/10/no-more-mixed-messages-about-https.html @ https://repository.upi.edu/138032/:528
[  149598ms] ReferenceError: gaq is not defined
    at https://repository.upi.edu/138032/:519:3
[  149599ms] [WARNING] Mixed Content: The page at 'https://repository.upi.edu/138032/' was loaded over HTTPS, but requested an insecure element 'http://repository.upi.edu/style/images/fileicons/text.png'. This request was automatically upgraded to HTTPS, For more information see https://blog.chromium.org/2019/10/no-more-mixed-messages-about-https.html @ https://repository.upi.edu/138032/:569
[  149598ms] ReferenceError: gaq is not defined
    at https://repository.upi.edu/138032/:560:3
[  149849ms] [WARNING] Mixed Content: The page at 'https://repository.upi.edu/143978/' was loaded over HTTPS, but requested an insecure element 'http://repository.upi.edu/style/images/fileicons/text.png'. This request was automatically upgraded to HTTPS, For more information see https://blog.chromium.org/2019/10/no-more-mixed-messages-about-https.html @ https://repository.upi.edu/143978/:0
[  149849ms] [WARNING] Mixed Content: The page at 'https://repository.upi.edu/143978/' was loaded over HTTPS, but requested an insecure element 'http://repository.upi.edu/style/images/fileicons/text.png'. This request was automatically upgraded to HTTPS, For more information see https://blog.chromium.org/2019/10/no-more-mixed-messages-about-https.html @ https://repository.upi.edu/143978/:0
[  149849ms] [WARNING] Mixed Content: The page at 'https://repository.upi.edu/143978/' was loaded over HTTPS, but requested an insecure element 'http://repository.upi.edu/style/images/fileicons/text.png'. This request was automatically upgraded to HTTPS, For more information see https://blog.chromium.org/2019/10/no-more-mixed-messages-about-https.html @ https://repository.upi.edu/143978/:0
[  149849ms] [WARNING] Mixed Content: The page at 'https://repository.upi.edu/143978/' was loaded over HTTPS, but requested an insecure element 'http://repository.upi.edu/style/images/fileicons/text.png'. This request was automatically upgraded to HTTPS, For more information see https://blog.chromium.org/2019/10/no-more-mixed-messages-about-https.html @ https://repository.upi.edu/143978/:0
[  149849ms] [WARNING] Mixed Content: The page at 'https://repository.upi.edu/143978/' was loaded over HTTPS, but requested an insecure element 'http://repository.upi.edu/style/images/fileicons/text.png'. This request was automatically upgraded to HTTPS, For more information see https://blog.chromium.org/2019/10/no-more-mixed-messages-about-https.html @ https://repository.upi.edu/143978/:0
[  149849ms] [WARNING] Mixed Content: The page at 'https://repository.upi.edu/143978/' was loaded over HTTPS, but requested an insecure element 'http://repository.upi.edu/style/images/fileicons/text.png'. This request was automatically upgraded to HTTPS, For more information see https://blog.chromium.org/2019/10/no-more-mixed-messages-about-https.html @ https://repository.upi.edu/143978/:0
[  149849ms] [WARNING] Mixed Content: The page at 'https://repository.upi.edu/143978/' was loaded over HTTPS, but requested an insecure element 'http://repository.upi.edu/style/images/fileicons/text.png'. This request was automatically upgraded to HTTPS, For more information see https://blog.chromium.org/2019/10/no-more-mixed-messages-about-https.html @ https://repository.upi.edu/143978/:0
[  149856ms] [WARNING] Mixed Content: The page at 'https://repository.upi.edu/143978/' was loaded over HTTPS, but requested an insecure element 'http://repository.upi.edu/style/images/fileicons/text.png'. This request was automatically upgraded to HTTPS, For more information see https://blog.chromium.org/2019/10/no-more-mixed-messages-about-https.html @ https://repository.upi.edu/143978/:322
[  149856ms] ReferenceError: gaq is not defined
    at https://repository.upi.edu/143978/:313:3
[  149856ms] [WARNING] Mixed Content: The page at 'https://repository.upi.edu/143978/' was loaded over HTTPS, but requested an insecure element 'http://repository.upi.edu/style/images/fileicons/text.png'. This request was automatically upgraded to HTTPS, For more information see https://blog.chromium.org/2019/10/no-more-mixed-messages-about-https.html @ https://repository.upi.edu/143978/:363
[  149856ms] ReferenceError: gaq is not defined
    at https://repository.upi.edu/143978/:354:3
[  149856ms] [WARNING] Mixed Content: The page at 'https://repository.upi.edu/143978/' was loaded over HTTPS, but requested an insecure element 'http://repository.upi.edu/style/images/fileicons/text.png'. This request was automatically upgraded to HTTPS, For more information see https://blog.chromium.org/2019/10/no-more-mixed-messages-about-https.html @ https://repository.upi.edu/143978/:404
[  149857ms] ReferenceError: gaq is not defined
    at https://repository.upi.edu/143978/:395:3
[  149856ms] [WARNING] Mixed Content: The page at 'https://repository.upi.edu/143978/' was loaded over HTTPS, but requested an insecure element 'http://repository.upi.edu/style/images/fileicons/text.png'. This request was automatically upgraded to HTTPS, For more information see https://blog.chromium.org/2019/10/no-more-mixed-messages-about-https.html @ https://repository.upi.edu/143978/:445
[  149857ms] ReferenceError: gaq is not defined
    at https://repository.upi.edu/143978/:436:3
[  149856ms] [WARNING] Mixed Content: The page at 'https://repository.upi.edu/143978/' was loaded over HTTPS, but requested an insecure element 'http://repository.upi.edu/style/images/fileicons/text.png'. This request was automatically upgraded to HTTPS, For more information see https://blog.chromium.org/2019/10/no-more-mixed-messages-about-https.html @ https://repository.upi.edu/143978/:486
[  149857ms] ReferenceError: gaq is not defined
    at https://repository.upi.edu/143978/:477:3
[  149857ms] [WARNING] Mixed Content: The page at 'https://repository.upi.edu/143978/' was loaded over HTTPS, but requested an insecure element 'http://repository.upi.edu/style/images/fileicons/text.png'. This request was automatically upgraded to HTTPS, For more information see https://blog.chromium.org/2019/10/no-more-mixed-messages-about-https.html @ https://repository.upi.edu/143978/:527
[  149857ms] ReferenceError: gaq is not defined
    at https://repository.upi.edu/143978/:518:3
[  149857ms] [WARNING] Mixed Content: The page at 'https://repository.upi.edu/143978/' was loaded over HTTPS, but requested an insecure element 'http://repository.upi.edu/style/images/fileicons/text.png'. This request was automatically upgraded to HTTPS, For more information see https://blog.chromium.org/2019/10/no-more-mixed-messages-about-https.html @ https://repository.upi.edu/143978/:568
[  149857ms] ReferenceError: gaq is not defined
    at https://repository.upi.edu/143978/:559:3
[  149986ms] [WARNING] Mixed Content: The page at 'https://repository.upi.edu/146022/' was loaded over HTTPS, but requested an insecure element 'http://repository.upi.edu/style/images/fileicons/text.png'. This request was automatically upgraded to HTTPS, For more information see https://blog.chromium.org/2019/10/no-more-mixed-messages-about-https.html @ https://repository.upi.edu/146022/:0
[  149987ms] [WARNING] Mixed Content: The page at 'https://repository.upi.edu/146022/' was loaded over HTTPS, but requested an insecure element 'http://repository.upi.edu/style/images/fileicons/text.png'. This request was automatically upgraded to HTTPS, For more information see https://blog.chromium.org/2019/10/no-more-mixed-messages-about-https.html @ https://repository.upi.edu/146022/:0
[  149987ms] [WARNING] Mixed Content: The page at 'https://repository.upi.edu/146022/' was loaded over HTTPS, but requested an insecure element 'http://repository.upi.edu/style/images/fileicons/text.png'. This request was automatically upgraded to HTTPS, For more information see https://blog.chromium.org/2019/10/no-more-mixed-messages-about-https.html @ https://repository.upi.edu/146022/:0
[  149987ms] [WARNING] Mixed Content: The page at 'https://repository.upi.edu/146022/' was loaded over HTTPS, but requested an insecure element 'http://repository.upi.edu/style/images/fileicons/text.png'. This request was automatically upgraded to HTTPS, For more information see https://blog.chromium.org/2019/10/no-more-mixed-messages-about-https.html @ https://repository.upi.edu/146022/:0
[  149987ms] [WARNING] Mixed Content: The page at 'https://repository.upi.edu/146022/' was loaded over HTTPS, but requested an insecure element 'http://repository.upi.edu/style/images/fileicons/text.png'. This request was automatically upgraded to HTTPS, For more information see https://blog.chromium.org/2019/10/no-more-mixed-messages-about-https.html @ https://repository.upi.edu/146022/:0
[  149987ms] [WARNING] Mixed Content: The page at 'https://repository.upi.edu/146022/' was loaded over HTTPS, but requested an insecure element 'http://repository.upi.edu/style/images/fileicons/text.png'. This request was automatically upgraded to HTTPS, For more information see https://blog.chromium.org/2019/10/no-more-mixed-messages-about-https.html @ https://repository.upi.edu/146022/:0
[  149987ms] [WARNING] Mixed Content: The page at 'https://repository.upi.edu/146022/' was loaded over HTTPS, but requested an insecure element 'http://repository.upi.edu/style/images/fileicons/text.png'. This request was automatically upgraded to HTTPS, For more information see https://blog.chromium.org/2019/10/no-more-mixed-messages-about-https.html @ https://repository.upi.edu/146022/:0
[  149993ms] [WARNING] Mixed Content: The page at 'https://repository.upi.edu/146022/' was loaded over HTTPS, but requested an insecure element 'http://repository.upi.edu/style/images/fileicons/text.png'. This request was automatically upgraded to HTTPS, For more information see https://blog.chromium.org/2019/10/no-more-mixed-messages-about-https.html @ https://repository.upi.edu/146022/:323
[  149993ms] ReferenceError: gaq is not defined
    at https://repository.upi.edu/146022/:314:3
[  149993ms] [WARNING] Mixed Content: The page at 'https://repository.upi.edu/146022/' was loaded over HTTPS, but requested an insecure element 'http://repository.upi.edu/style/images/fileicons/text.png'. This request was automatically upgraded to HTTPS, For more information see https://blog.chromium.org/2019/10/no-more-mixed-messages-about-https.html @ https://repository.upi.edu/146022/:364
[  149993ms] ReferenceError: gaq is not defined
    at https://repository.upi.edu/146022/:355:3
[  149993ms] [WARNING] Mixed Content: The page at 'https://repository.upi.edu/146022/' was loaded over HTTPS, but requested an insecure element 'http://repository.upi.edu/style/images/fileicons/text.png'. This request was automatically upgraded to HTTPS, For more information see https://blog.chromium.org/2019/10/no-more-mixed-messages-about-https.html @ https://repository.upi.edu/146022/:405
[  149993ms] ReferenceError: gaq is not defined
    at https://repository.upi.edu/146022/:396:3
[  149993ms] [WARNING] Mixed Content: The page at 'https://repository.upi.edu/146022/' was loaded over HTTPS, but requested an insecure element 'http://repository.upi.edu/style/images/fileicons/text.png'. This request was automatically upgraded to HTTPS, For more information see https://blog.chromium.org/2019/10/no-more-mixed-messages-about-https.html @ https://repository.upi.edu/146022/:446
[  149993ms] ReferenceError: gaq is not defined
    at https://repository.upi.edu/146022/:437:3
[  149993ms] [WARNING] Mixed Content: The page at 'https://repository.upi.edu/146022/' was loaded over HTTPS, but requested an insecure element 'http://repository.upi.edu/style/images/fileicons/text.png'. This request was automatically upgraded to HTTPS, For more information see https://blog.chromium.org/2019/10/no-more-mixed-messages-about-https.html @ https://repository.upi.edu/146022/:487
[  149993ms] ReferenceError: gaq is not defined
    at https://repository.upi.edu/146022/:478:3
[  149993ms] [WARNING] Mixed Content: The page at 'https://repository.upi.edu/146022/' was loaded over HTTPS, but requested an insecure element 'http://repository.upi.edu/style/images/fileicons/text.png'. This request was automatically upgraded to HTTPS, For more information see https://blog.chromium.org/2019/10/no-more-mixed-messages-about-https.html @ https://repository.upi.edu/146022/:528
[  149993ms] ReferenceError: gaq is not defined
    at https://repository.upi.edu/146022/:519:3
[  149993ms] [WARNING] Mixed Content: The page at 'https://repository.upi.edu/146022/' was loaded over HTTPS, but requested an insecure element 'http://repository.upi.edu/style/images/fileicons/text.png'. This request was automatically upgraded to HTTPS, For more information see https://blog.chromium.org/2019/10/no-more-mixed-messages-about-https.html @ https://repository.upi.edu/146022/:569
[  149993ms] ReferenceError: gaq is not defined
    at https://repository.upi.edu/146022/:560:3
[  150671ms] [WARNING] Mixed Content: The page at 'https://repository.upi.edu/134507/' was loaded over HTTPS, but requested an insecure element 'http://repository.upi.edu/style/images/fileicons/text.png'. This request was automatically upgraded to HTTPS, For more information see https://blog.chromium.org/2019/10/no-more-mixed-messages-about-https.html @ https://repository.upi.edu/134507/:0
[  150671ms] [WARNING] Mixed Content: The page at 'https://repository.upi.edu/134507/' was loaded over HTTPS, but requested an insecure element 'http://repository.upi.edu/style/images/fileicons/text.png'. This request was automatically upgraded to HTTPS, For more information see https://blog.chromium.org/2019/10/no-more-mixed-messages-about-https.html @ https://repository.upi.edu/134507/:0
[  150671ms] [WARNING] Mixed Content: The page at 'https://repository.upi.edu/134507/' was loaded over HTTPS, but requested an insecure element 'http://repository.upi.edu/style/images/fileicons/text.png'. This request was automatically upgraded to HTTPS, For more information see https://blog.chromium.org/2019/10/no-more-mixed-messages-about-https.html @ https://repository.upi.edu/134507/:0
[  150671ms] [WARNING] Mixed Content: The page at 'https://repository.upi.edu/134507/' was loaded over HTTPS, but requested an insecure element 'http://repository.upi.edu/style/images/fileicons/text.png'. This request was automatically upgraded to HTTPS, For more information see https://blog.chromium.org/2019/10/no-more-mixed-messages-about-https.html @ https://repository.upi.edu/134507/:0
[  150671ms] [WARNING] Mixed Content: The page at 'https://repository.upi.edu/134507/' was loaded over HTTPS, but requested an insecure element 'http://repository.upi.edu/style/images/fileicons/text.png'. This request was automatically upgraded to HTTPS, For more information see https://blog.chromium.org/2019/10/no-more-mixed-messages-about-https.html @ https://repository.upi.edu/134507/:0
[  150671ms] [WARNING] Mixed Content: The page at 'https://repository.upi.edu/134507/' was loaded over HTTPS, but requested an insecure element 'http://repository.upi.edu/style/images/fileicons/text.png'. This request was automatically upgraded to HTTPS, For more information see https://blog.chromium.org/2019/10/no-more-mixed-messages-about-https.html @ https://repository.upi.edu/134507/:0
[  150671ms] [WARNING] Mixed Content: The page at 'https://repository.upi.edu/134507/' was loaded over HTTPS, but requested an insecure element 'http://repository.upi.edu/style/images/fileicons/text.png'. This request was automatically upgraded to HTTPS, For more information see https://blog.chromium.org/2019/10/no-more-mixed-messages-about-https.html @ https://repository.upi.edu/134507/:0
[  150677ms] [WARNING] Mixed Content: The page at 'https://repository.upi.edu/134507/' was loaded over HTTPS, but requested an insecure element 'http://repository.upi.edu/style/images/fileicons/text.png'. This request was automatically upgraded to HTTPS, For more information see https://blog.chromium.org/2019/10/no-more-mixed-messages-about-https.html @ https://repository.upi.edu/134507/:432
[  150677ms] ReferenceError: gaq is not defined
    at https://repository.upi.edu/134507/:423:3
[  150677ms] [WARNING] Mixed Content: The page at 'https://repository.upi.edu/134507/' was loaded over HTTPS, but requested an insecure element 'http://repository.upi.edu/style/images/fileicons/text.png'. This request was automatically upgraded to HTTPS, For more information see https://blog.chromium.org/2019/10/no-more-mixed-messages-about-https.html @ https://repository.upi.edu/134507/:473
[  150677ms] ReferenceError: gaq is not defined
    at https://repository.upi.edu/134507/:464:3
[  150677ms] [WARNING] Mixed Content: The page at 'https://repository.upi.edu/134507/' was loaded over HTTPS, but requested an insecure element 'http://repository.upi.edu/style/images/fileicons/text.png'. This request was automatically upgraded to HTTPS, For more information see https://blog.chromium.org/2019/10/no-more-mixed-messages-about-https.html @ https://repository.upi.edu/134507/:514
[  150677ms] ReferenceError: gaq is not defined
    at https://repository.upi.edu/134507/:505:3
[  150677ms] [WARNING] Mixed Content: The page at 'https://repository.upi.edu/134507/' was loaded over HTTPS, but requested an insecure element 'http://repository.upi.edu/style/images/fileicons/text.png'. This request was automatically upgraded to HTTPS, For more information see https://blog.chromium.org/2019/10/no-more-mixed-messages-about-https.html @ https://repository.upi.edu/134507/:555
[  150677ms] ReferenceError: gaq is not defined
    at https://repository.upi.edu/134507/:546:3
[  150677ms] [WARNING] Mixed Content: The page at 'https://repository.upi.edu/134507/' was loaded over HTTPS, but requested an insecure element 'http://repository.upi.edu/style/images/fileicons/text.png'. This request was automatically upgraded to HTTPS, For more information see https://blog.chromium.org/2019/10/no-more-mixed-messages-about-https.html @ https://repository.upi.edu/134507/:596
[  150677ms] ReferenceError: gaq is not defined
    at https://repository.upi.edu/134507/:587:3
[  150677ms] [WARNING] Mixed Content: The page at 'https://repository.upi.edu/134507/' was loaded over HTTPS, but requested an insecure element 'http://repository.upi.edu/style/images/fileicons/text.png'. This request was automatically upgraded to HTTPS, For more information see https://blog.chromium.org/2019/10/no-more-mixed-messages-about-https.html @ https://repository.upi.edu/134507/:637
[  150677ms] ReferenceError: gaq is not defined
    at https://repository.upi.edu/134507/:628:3
[  150677ms] [WARNING] Mixed Content: The page at 'https://repository.upi.edu/134507/' was loaded over HTTPS, but requested an insecure element 'http://repository.upi.edu/style/images/fileicons/text.png'. This request was automatically upgraded to HTTPS, For more information see https://blog.chromium.org/2019/10/no-more-mixed-messages-about-https.html @ https://repository.upi.edu/134507/:678
[  150677ms] ReferenceError: gaq is not defined
    at https://repository.upi.edu/134507/:669:3
[  150884ms] [WARNING] Mixed Content: The page at 'https://repository.upi.edu/138088/' was loaded over HTTPS, but requested an insecure element 'http://repository.upi.edu/style/images/fileicons/text.png'. This request was automatically upgraded to HTTPS, For more information see https://blog.chromium.org/2019/10/no-more-mixed-messages-about-https.html @ https://repository.upi.edu/138088/:0
[  150884ms] [WARNING] Mixed Content: The page at 'https://repository.upi.edu/138088/' was loaded over HTTPS, but requested an insecure element 'http://repository.upi.edu/style/images/fileicons/text.png'. This request was automatically upgraded to HTTPS, For more information see https://blog.chromium.org/2019/10/no-more-mixed-messages-about-https.html @ https://repository.upi.edu/138088/:0
[  150884ms] [WARNING] Mixed Content: The page at 'https://repository.upi.edu/138088/' was loaded over HTTPS, but requested an insecure element 'http://repository.upi.edu/style/images/fileicons/text.png'. This request was automatically upgraded to HTTPS, For more information see https://blog.chromium.org/2019/10/no-more-mixed-messages-about-https.html @ https://repository.upi.edu/138088/:0
[  150884ms] [WARNING] Mixed Content: The page at 'https://repository.upi.edu/138088/' was loaded over HTTPS, but requested an insecure element 'http://repository.upi.edu/style/images/fileicons/text.png'. This request was automatically upgraded to HTTPS, For more information see https://blog.chromium.org/2019/10/no-more-mixed-messages-about-https.html @ https://repository.upi.edu/138088/:0
[  150884ms] [WARNING] Mixed Content: The page at 'https://repository.upi.edu/138088/' was loaded over HTTPS, but requested an insecure element 'http://repository.upi.edu/style/images/fileicons/text.png'. This request was automatically upgraded to HTTPS, For more information see https://blog.chromium.org/2019/10/no-more-mixed-messages-about-https.html @ https://repository.upi.edu/138088/:0
[  150884ms] [WARNING] Mixed Content: The page at 'https://repository.upi.edu/138088/' was loaded over HTTPS, but requested an insecure element 'http://repository.upi.edu/style/images/fileicons/text.png'. This request was automatically upgraded to HTTPS, For more information see https://blog.chromium.org/2019/10/no-more-mixed-messages-about-https.html @ https://repository.upi.edu/138088/:0
[  150884ms] [WARNING] Mixed Content: The page at 'https://repository.upi.edu/138088/' was loaded over HTTPS, but requested an insecure element 'http://repository.upi.edu/style/images/fileicons/text.png'. This request was automatically upgraded to HTTPS, For more information see https://blog.chromium.org/2019/10/no-more-mixed-messages-about-https.html @ https://repository.upi.edu/138088/:0
[  150890ms] [WARNING] Mixed Content: The page at 'https://repository.upi.edu/138088/' was loaded over HTTPS, but requested an insecure element 'http://repository.upi.edu/style/images/fileicons/text.png'. This request was automatically upgraded to HTTPS, For more information see https://blog.chromium.org/2019/10/no-more-mixed-messages-about-https.html @ https://repository.upi.edu/138088/:319
[  150890ms] ReferenceError: gaq is not defined
    at https://repository.upi.edu/138088/:310:3
[  150890ms] [WARNING] Mixed Content: The page at 'https://repository.upi.edu/138088/' was loaded over HTTPS, but requested an insecure element 'http://repository.upi.edu/style/images/fileicons/text.png'. This request was automatically upgraded to HTTPS, For more information see https://blog.chromium.org/2019/10/no-more-mixed-messages-about-https.html @ https://repository.upi.edu/138088/:360
[  150890ms] ReferenceError: gaq is not defined
    at https://repository.upi.edu/138088/:351:3
[  150890ms] [WARNING] Mixed Content: The page at 'https://repository.upi.edu/138088/' was loaded over HTTPS, but requested an insecure element 'http://repository.upi.edu/style/images/fileicons/text.png'. This request was automatically upgraded to HTTPS, For more information see https://blog.chromium.org/2019/10/no-more-mixed-messages-about-https.html @ https://repository.upi.edu/138088/:401
[  150890ms] ReferenceError: gaq is not defined
    at https://repository.upi.edu/138088/:392:3
[  150890ms] [WARNING] Mixed Content: The page at 'https://repository.upi.edu/138088/' was loaded over HTTPS, but requested an insecure element 'http://repository.upi.edu/style/images/fileicons/text.png'. This request was automatically upgraded to HTTPS, For more information see https://blog.chromium.org/2019/10/no-more-mixed-messages-about-https.html @ https://repository.upi.edu/138088/:442
[  150890ms] ReferenceError: gaq is not defined
    at https://repository.upi.edu/138088/:433:3
[  150891ms] [WARNING] Mixed Content: The page at 'https://repository.upi.edu/138088/' was loaded over HTTPS, but requested an insecure element 'http://repository.upi.edu/style/images/fileicons/text.png'. This request was automatically upgraded to HTTPS, For more information see https://blog.chromium.org/2019/10/no-more-mixed-messages-about-https.html @ https://repository.upi.edu/138088/:483
[  150890ms] ReferenceError: gaq is not defined
    at https://repository.upi.edu/138088/:474:3
[  150891ms] [WARNING] Mixed Content: The page at 'https://repository.upi.edu/138088/' was loaded over HTTPS, but requested an insecure element 'http://repository.upi.edu/style/images/fileicons/text.png'. This request was automatically upgraded to HTTPS, For more information see https://blog.chromium.org/2019/10/no-more-mixed-messages-about-https.html @ https://repository.upi.edu/138088/:524
[  150890ms] ReferenceError: gaq is not defined
    at https://repository.upi.edu/138088/:515:3
[  150891ms] [WARNING] Mixed Content: The page at 'https://repository.upi.edu/138088/' was loaded over HTTPS, but requested an insecure element 'http://repository.upi.edu/style/images/fileicons/text.png'. This request was automatically upgraded to HTTPS, For more information see https://blog.chromium.org/2019/10/no-more-mixed-messages-about-https.html @ https://repository.upi.edu/138088/:565
[  150890ms] ReferenceError: gaq is not defined
    at https://repository.upi.edu/138088/:556:3
[  151000ms] [WARNING] Mixed Content: The page at 'https://repository.upi.edu/139169/' was loaded over HTTPS, but requested an insecure element 'http://repository.upi.edu/style/images/fileicons/text.png'. This request was automatically upgraded to HTTPS, For more information see https://blog.chromium.org/2019/10/no-more-mixed-messages-about-https.html @ https://repository.upi.edu/139169/:0
[  151000ms] [WARNING] Mixed Content: The page at 'https://repository.upi.edu/139169/' was loaded over HTTPS, but requested an insecure element 'http://repository.upi.edu/style/images/fileicons/text.png'. This request was automatically upgraded to HTTPS, For more information see https://blog.chromium.org/2019/10/no-more-mixed-messages-about-https.html @ https://repository.upi.edu/139169/:0
[  151000ms] [WARNING] Mixed Content: The page at 'https://repository.upi.edu/139169/' was loaded over HTTPS, but requested an insecure element 'http://repository.upi.edu/style/images/fileicons/text.png'. This request was automatically upgraded to HTTPS, For more information see https://blog.chromium.org/2019/10/no-more-mixed-messages-about-https.html @ https://repository.upi.edu/139169/:0
[  151000ms] [WARNING] Mixed Content: The page at 'https://repository.upi.edu/139169/' was loaded over HTTPS, but requested an insecure element 'http://repository.upi.edu/style/images/fileicons/text.png'. This request was automatically upgraded to HTTPS, For more information see https://blog.chromium.org/2019/10/no-more-mixed-messages-about-https.html @ https://repository.upi.edu/139169/:0
[  151000ms] [WARNING] Mixed Content: The page at 'https://repository.upi.edu/139169/' was loaded over HTTPS, but requested an insecure element 'http://repository.upi.edu/style/images/fileicons/text.png'. This request was automatically upgraded to HTTPS, For more information see https://blog.chromium.org/2019/10/no-more-mixed-messages-about-https.html @ https://repository.upi.edu/139169/:0
[  151000ms] [WARNING] Mixed Content: The page at 'https://repository.upi.edu/139169/' was loaded over HTTPS, but requested an insecure element 'http://repository.upi.edu/style/images/fileicons/text.png'. This request was automatically upgraded to HTTPS, For more information see https://blog.chromium.org/2019/10/no-more-mixed-messages-about-https.html @ https://repository.upi.edu/139169/:0
[  151000ms] [WARNING] Mixed Content: The page at 'https://repository.upi.edu/139169/' was loaded over HTTPS, but requested an insecure element 'http://repository.upi.edu/style/images/fileicons/text.png'. This request was automatically upgraded to HTTPS, For more information see https://blog.chromium.org/2019/10/no-more-mixed-messages-about-https.html @ https://repository.upi.edu/139169/:0
[  151006ms] [WARNING] Mixed Content: The page at 'https://repository.upi.edu/139169/' was loaded over HTTPS, but requested an insecure element 'http://repository.upi.edu/style/images/fileicons/text.png'. This request was automatically upgraded to HTTPS, For more information see https://blog.chromium.org/2019/10/no-more-mixed-messages-about-https.html @ https://repository.upi.edu/139169/:319
[  151007ms] ReferenceError: gaq is not defined
    at https://repository.upi.edu/139169/:310:3
[  151007ms] [WARNING] Mixed Content: The page at 'https://repository.upi.edu/139169/' was loaded over HTTPS, but requested an insecure element 'http://repository.upi.edu/style/images/fileicons/text.png'. This request was automatically upgraded to HTTPS, For more information see https://blog.chromium.org/2019/10/no-more-mixed-messages-about-https.html @ https://repository.upi.edu/139169/:360
[  151007ms] ReferenceError: gaq is not defined
    at https://repository.upi.edu/139169/:351:3
[  151007ms] [WARNING] Mixed Content: The page at 'https://repository.upi.edu/139169/' was loaded over HTTPS, but requested an insecure element 'http://repository.upi.edu/style/images/fileicons/text.png'. This request was automatically upgraded to HTTPS, For more information see https://blog.chromium.org/2019/10/no-more-mixed-messages-about-https.html @ https://repository.upi.edu/139169/:401
[  151007ms] ReferenceError: gaq is not defined
    at https://repository.upi.edu/139169/:392:3
[  151007ms] [WARNING] Mixed Content: The page at 'https://repository.upi.edu/139169/' was loaded over HTTPS, but requested an insecure element 'http://repository.upi.edu/style/images/fileicons/text.png'. This request was automatically upgraded to HTTPS, For more information see https://blog.chromium.org/2019/10/no-more-mixed-messages-about-https.html @ https://repository.upi.edu/139169/:442
[  151007ms] ReferenceError: gaq is not defined
    at https://repository.upi.edu/139169/:433:3
[  151007ms] [WARNING] Mixed Content: The page at 'https://repository.upi.edu/139169/' was loaded over HTTPS, but requested an insecure element 'http://repository.upi.edu/style/images/fileicons/text.png'. This request was automatically upgraded to HTTPS, For more information see https://blog.chromium.org/2019/10/no-more-mixed-messages-about-https.html @ https://repository.upi.edu/139169/:483
[  151007ms] ReferenceError: gaq is not defined
    at https://repository.upi.edu/139169/:474:3
[  151007ms] [WARNING] Mixed Content: The page at 'https://repository.upi.edu/139169/' was loaded over HTTPS, but requested an insecure element 'http://repository.upi.edu/style/images/fileicons/text.png'. This request was automatically upgraded to HTTPS, For more information see https://blog.chromium.org/2019/10/no-more-mixed-messages-about-https.html @ https://repository.upi.edu/139169/:524
[  151007ms] ReferenceError: gaq is not defined
    at https://repository.upi.edu/139169/:515:3
[  151007ms] [WARNING] Mixed Content: The page at 'https://repository.upi.edu/139169/' was loaded over HTTPS, but requested an insecure element 'http://repository.upi.edu/style/images/fileicons/text.png'. This request was automatically upgraded to HTTPS, For more information see https://blog.chromium.org/2019/10/no-more-mixed-messages-about-https.html @ https://repository.upi.edu/139169/:565
[  151007ms] ReferenceError: gaq is not defined
    at https://repository.upi.edu/139169/:556:3
[  151145ms] [WARNING] Mixed Content: The page at 'https://repository.upi.edu/138346/' was loaded over HTTPS, but requested an insecure element 'http://repository.upi.edu/style/images/fileicons/text.png'. This request was automatically upgraded to HTTPS, For more information see https://blog.chromium.org/2019/10/no-more-mixed-messages-about-https.html @ https://repository.upi.edu/138346/:0
[  151146ms] [WARNING] Mixed Content: The page at 'https://repository.upi.edu/138346/' was loaded over HTTPS, but requested an insecure element 'http://repository.upi.edu/style/images/fileicons/text.png'. This request was automatically upgraded to HTTPS, For more information see https://blog.chromium.org/2019/10/no-more-mixed-messages-about-https.html @ https://repository.upi.edu/138346/:0
[  151146ms] [WARNING] Mixed Content: The page at 'https://repository.upi.edu/138346/' was loaded over HTTPS, but requested an insecure element 'http://repository.upi.edu/style/images/fileicons/text.png'. This request was automatically upgraded to HTTPS, For more information see https://blog.chromium.org/2019/10/no-more-mixed-messages-about-https.html @ https://repository.upi.edu/138346/:0
[  151146ms] [WARNING] Mixed Content: The page at 'https://repository.upi.edu/138346/' was loaded over HTTPS, but requested an insecure element 'http://repository.upi.edu/style/images/fileicons/text.png'. This request was automatically upgraded to HTTPS, For more information see https://blog.chromium.org/2019/10/no-more-mixed-messages-about-https.html @ https://repository.upi.edu/138346/:0
[  151146ms] [WARNING] Mixed Content: The page at 'https://repository.upi.edu/138346/' was loaded over HTTPS, but requested an insecure element 'http://repository.upi.edu/style/images/fileicons/text.png'. This request was automatically upgraded to HTTPS, For more information see https://blog.chromium.org/2019/10/no-more-mixed-messages-about-https.html @ https://repository.upi.edu/138346/:0
[  151146ms] [WARNING] Mixed Content: The page at 'https://repository.upi.edu/138346/' was loaded over HTTPS, but requested an insecure element 'http://repository.upi.edu/style/images/fileicons/text.png'. This request was automatically upgraded to HTTPS, For more information see https://blog.chromium.org/2019/10/no-more-mixed-messages-about-https.html @ https://repository.upi.edu/138346/:0
[  151152ms] [WARNING] Mixed Content: The page at 'https://repository.upi.edu/138346/' was loaded over HTTPS, but requested an insecure element 'http://repository.upi.edu/style/images/fileicons/text.png'. This request was automatically upgraded to HTTPS, For more information see https://blog.chromium.org/2019/10/no-more-mixed-messages-about-https.html @ https://repository.upi.edu/138346/:315
[  151152ms] ReferenceError: gaq is not defined
    at https://repository.upi.edu/138346/:306:3
[  151152ms] [WARNING] Mixed Content: The page at 'https://repository.upi.edu/138346/' was loaded over HTTPS, but requested an insecure element 'http://repository.upi.edu/style/images/fileicons/text.png'. This request was automatically upgraded to HTTPS, For more information see https://blog.chromium.org/2019/10/no-more-mixed-messages-about-https.html @ https://repository.upi.edu/138346/:356
[  151152ms] ReferenceError: gaq is not defined
    at https://repository.upi.edu/138346/:347:3
[  151152ms] [WARNING] Mixed Content: The page at 'https://repository.upi.edu/138346/' was loaded over HTTPS, but requested an insecure element 'http://repository.upi.edu/style/images/fileicons/text.png'. This request was automatically upgraded to HTTPS, For more information see https://blog.chromium.org/2019/10/no-more-mixed-messages-about-https.html @ https://repository.upi.edu/138346/:397
[  151152ms] ReferenceError: gaq is not defined
    at https://repository.upi.edu/138346/:388:3
[  151152ms] [WARNING] Mixed Content: The page at 'https://repository.upi.edu/138346/' was loaded over HTTPS, but requested an insecure element 'http://repository.upi.edu/style/images/fileicons/text.png'. This request was automatically upgraded to HTTPS, For more information see https://blog.chromium.org/2019/10/no-more-mixed-messages-about-https.html @ https://repository.upi.edu/138346/:438
[  151152ms] ReferenceError: gaq is not defined
    at https://repository.upi.edu/138346/:429:3
[  151152ms] [WARNING] Mixed Content: The page at 'https://repository.upi.edu/138346/' was loaded over HTTPS, but requested an insecure element 'http://repository.upi.edu/style/images/fileicons/text.png'. This request was automatically upgraded to HTTPS, For more information see https://blog.chromium.org/2019/10/no-more-mixed-messages-about-https.html @ https://repository.upi.edu/138346/:479
[  151152ms] ReferenceError: gaq is not defined
    at https://repository.upi.edu/138346/:470:3
[  151152ms] [WARNING] Mixed Content: The page at 'https://repository.upi.edu/138346/' was loaded over HTTPS, but requested an insecure element 'http://repository.upi.edu/style/images/fileicons/text.png'. This request was automatically upgraded to HTTPS, For more information see https://blog.chromium.org/2019/10/no-more-mixed-messages-about-https.html @ https://repository.upi.edu/138346/:520
[  151152ms] ReferenceError: gaq is not defined
    at https://repository.upi.edu/138346/:511:3
[  151270ms] [WARNING] Mixed Content: The page at 'https://repository.upi.edu/138377/' was loaded over HTTPS, but requested an insecure element 'http://repository.upi.edu/style/images/fileicons/text.png'. This request was automatically upgraded to HTTPS, For more information see https://blog.chromium.org/2019/10/no-more-mixed-messages-about-https.html @ https://repository.upi.edu/138377/:0
[  151270ms] [WARNING] Mixed Content: The page at 'https://repository.upi.edu/138377/' was loaded over HTTPS, but requested an insecure element 'http://repository.upi.edu/style/images/fileicons/text.png'. This request was automatically upgraded to HTTPS, For more information see https://blog.chromium.org/2019/10/no-more-mixed-messages-about-https.html @ https://repository.upi.edu/138377/:0
[  151270ms] [WARNING] Mixed Content: The page at 'https://repository.upi.edu/138377/' was loaded over HTTPS, but requested an insecure element 'http://repository.upi.edu/style/images/fileicons/text.png'. This request was automatically upgraded to HTTPS, For more information see https://blog.chromium.org/2019/10/no-more-mixed-messages-about-https.html @ https://repository.upi.edu/138377/:0
[  151270ms] [WARNING] Mixed Content: The page at 'https://repository.upi.edu/138377/' was loaded over HTTPS, but requested an insecure element 'http://repository.upi.edu/style/images/fileicons/text.png'. This request was automatically upgraded to HTTPS, For more information see https://blog.chromium.org/2019/10/no-more-mixed-messages-about-https.html @ https://repository.upi.edu/138377/:0
[  151270ms] [WARNING] Mixed Content: The page at 'https://repository.upi.edu/138377/' was loaded over HTTPS, but requested an insecure element 'http://repository.upi.edu/style/images/fileicons/text.png'. This request was automatically upgraded to HTTPS, For more information see https://blog.chromium.org/2019/10/no-more-mixed-messages-about-https.html @ https://repository.upi.edu/138377/:0
[  151270ms] [WARNING] Mixed Content: The page at 'https://repository.upi.edu/138377/' was loaded over HTTPS, but requested an insecure element 'http://repository.upi.edu/style/images/fileicons/text.png'. This request was automatically upgraded to HTTPS, For more information see https://blog.chromium.org/2019/10/no-more-mixed-messages-about-https.html @ https://repository.upi.edu/138377/:0
[  151276ms] [WARNING] Mixed Content: The page at 'https://repository.upi.edu/138377/' was loaded over HTTPS, but requested an insecure element 'http://repository.upi.edu/style/images/fileicons/text.png'. This request was automatically upgraded to HTTPS, For more information see https://blog.chromium.org/2019/10/no-more-mixed-messages-about-https.html @ https://repository.upi.edu/138377/:319
[  151276ms] ReferenceError: gaq is not defined
    at https://repository.upi.edu/138377/:310:3
[  151276ms] [WARNING] Mixed Content: The page at 'https://repository.upi.edu/138377/' was loaded over HTTPS, but requested an insecure element 'http://repository.upi.edu/style/images/fileicons/text.png'. This request was automatically upgraded to HTTPS, For more information see https://blog.chromium.org/2019/10/no-more-mixed-messages-about-https.html @ https://repository.upi.edu/138377/:360
[  151276ms] ReferenceError: gaq is not defined
    at https://repository.upi.edu/138377/:351:3
[  151276ms] [WARNING] Mixed Content: The page at 'https://repository.upi.edu/138377/' was loaded over HTTPS, but requested an insecure element 'http://repository.upi.edu/style/images/fileicons/text.png'. This request was automatically upgraded to HTTPS, For more information see https://blog.chromium.org/2019/10/no-more-mixed-messages-about-https.html @ https://repository.upi.edu/138377/:401
[  151276ms] ReferenceError: gaq is not defined
    at https://repository.upi.edu/138377/:392:3
[  151276ms] [WARNING] Mixed Content: The page at 'https://repository.upi.edu/138377/' was loaded over HTTPS, but requested an insecure element 'http://repository.upi.edu/style/images/fileicons/text.png'. This request was automatically upgraded to HTTPS, For more information see https://blog.chromium.org/2019/10/no-more-mixed-messages-about-https.html @ https://repository.upi.edu/138377/:442
[  151276ms] ReferenceError: gaq is not defined
    at https://repository.upi.edu/138377/:433:3
[  151276ms] [WARNING] Mixed Content: The page at 'https://repository.upi.edu/138377/' was loaded over HTTPS, but requested an insecure element 'http://repository.upi.edu/style/images/fileicons/text.png'. This request was automatically upgraded to HTTPS, For more information see https://blog.chromium.org/2019/10/no-more-mixed-messages-about-https.html @ https://repository.upi.edu/138377/:483
[  151276ms] ReferenceError: gaq is not defined
    at https://repository.upi.edu/138377/:474:3
[  151276ms] [WARNING] Mixed Content: The page at 'https://repository.upi.edu/138377/' was loaded over HTTPS, but requested an insecure element 'http://repository.upi.edu/style/images/fileicons/text.png'. This request was automatically upgraded to HTTPS, For more information see https://blog.chromium.org/2019/10/no-more-mixed-messages-about-https.html @ https://repository.upi.edu/138377/:524
[  151276ms] ReferenceError: gaq is not defined
    at https://repository.upi.edu/138377/:515:3
[  151935ms] [WARNING] Mixed Content: The page at 'https://repository.upi.edu/137737/' was loaded over HTTPS, but requested an insecure element 'http://repository.upi.edu/style/images/fileicons/text.png'. This request was automatically upgraded to HTTPS, For more information see https://blog.chromium.org/2019/10/no-more-mixed-messages-about-https.html @ https://repository.upi.edu/137737/:0
[  151935ms] [WARNING] Mixed Content: The page at 'https://repository.upi.edu/137737/' was loaded over HTTPS, but requested an insecure element 'http://repository.upi.edu/style/images/fileicons/text.png'. This request was automatically upgraded to HTTPS, For more information see https://blog.chromium.org/2019/10/no-more-mixed-messages-about-https.html @ https://repository.upi.edu/137737/:0
[  151935ms] [WARNING] Mixed Content: The page at 'https://repository.upi.edu/137737/' was loaded over HTTPS, but requested an insecure element 'http://repository.upi.edu/style/images/fileicons/text.png'. This request was automatically upgraded to HTTPS, For more information see https://blog.chromium.org/2019/10/no-more-mixed-messages-about-https.html @ https://repository.upi.edu/137737/:0
[  151935ms] [WARNING] Mixed Content: The page at 'https://repository.upi.edu/137737/' was loaded over HTTPS, but requested an insecure element 'http://repository.upi.edu/style/images/fileicons/text.png'. This request was automatically upgraded to HTTPS, For more information see https://blog.chromium.org/2019/10/no-more-mixed-messages-about-https.html @ https://repository.upi.edu/137737/:0
[  151935ms] [WARNING] Mixed Content: The page at 'https://repository.upi.edu/137737/' was loaded over HTTPS, but requested an insecure element 'http://repository.upi.edu/style/images/fileicons/text.png'. This request was automatically upgraded to HTTPS, For more information see https://blog.chromium.org/2019/10/no-more-mixed-messages-about-https.html @ https://repository.upi.edu/137737/:0
[  151935ms] [WARNING] Mixed Content: The page at 'https://repository.upi.edu/137737/' was loaded over HTTPS, but requested an insecure element 'http://repository.upi.edu/style/images/fileicons/text.png'. This request was automatically upgraded to HTTPS, For more information see https://blog.chromium.org/2019/10/no-more-mixed-messages-about-https.html @ https://repository.upi.edu/137737/:0
[  151935ms] [WARNING] Mixed Content: The page at 'https://repository.upi.edu/137737/' was loaded over HTTPS, but requested an insecure element 'http://repository.upi.edu/style/images/fileicons/text.png'. This request was automatically upgraded to HTTPS, For more information see https://blog.chromium.org/2019/10/no-more-mixed-messages-about-https.html @ https://repository.upi.edu/137737/:0
[  151941ms] [WARNING] Mixed Content: The page at 'https://repository.upi.edu/137737/' was loaded over HTTPS, but requested an insecure element 'http://repository.upi.edu/style/images/fileicons/text.png'. This request was automatically upgraded to HTTPS, For more information see https://blog.chromium.org/2019/10/no-more-mixed-messages-about-https.html @ https://repository.upi.edu/137737/:319
[  151942ms] ReferenceError: gaq is not defined
    at https://repository.upi.edu/137737/:310:3
[  151942ms] [WARNING] Mixed Content: The page at 'https://repository.upi.edu/137737/' was loaded over HTTPS, but requested an insecure element 'http://repository.upi.edu/style/images/fileicons/text.png'. This request was automatically upgraded to HTTPS, For more information see https://blog.chromium.org/2019/10/no-more-mixed-messages-about-https.html @ https://repository.upi.edu/137737/:360
[  151942ms] ReferenceError: gaq is not defined
    at https://repository.upi.edu/137737/:351:3
[  151942ms] [WARNING] Mixed Content: The page at 'https://repository.upi.edu/137737/' was loaded over HTTPS, but requested an insecure element 'http://repository.upi.edu/style/images/fileicons/text.png'. This request was automatically upgraded to HTTPS, For more information see https://blog.chromium.org/2019/10/no-more-mixed-messages-about-https.html @ https://repository.upi.edu/137737/:401
[  151942ms] ReferenceError: gaq is not defined
    at https://repository.upi.edu/137737/:392:3
[  151942ms] [WARNING] Mixed Content: The page at 'https://repository.upi.edu/137737/' was loaded over HTTPS, but requested an insecure element 'http://repository.upi.edu/style/images/fileicons/text.png'. This request was automatically upgraded to HTTPS, For more information see https://blog.chromium.org/2019/10/no-more-mixed-messages-about-https.html @ https://repository.upi.edu/137737/:444
[  151942ms] ReferenceError: gaq is not defined
    at https://repository.upi.edu/137737/:435:3
[  151942ms] [WARNING] Mixed Content: The page at 'https://repository.upi.edu/137737/' was loaded over HTTPS, but requested an insecure element 'http://repository.upi.edu/style/images/fileicons/text.png'. This request was automatically upgraded to HTTPS, For more information see https://blog.chromium.org/2019/10/no-more-mixed-messages-about-https.html @ https://repository.upi.edu/137737/:485
[  151942ms] ReferenceError: gaq is not defined
    at https://repository.upi.edu/137737/:476:3
[  151942ms] [WARNING] Mixed Content: The page at 'https://repository.upi.edu/137737/' was loaded over HTTPS, but requested an insecure element 'http://repository.upi.edu/style/images/fileicons/text.png'. This request was automatically upgraded to HTTPS, For more information see https://blog.chromium.org/2019/10/no-more-mixed-messages-about-https.html @ https://repository.upi.edu/137737/:528
[  151942ms] ReferenceError: gaq is not defined
    at https://repository.upi.edu/137737/:519:3
[  151942ms] [WARNING] Mixed Content: The page at 'https://repository.upi.edu/137737/' was loaded over HTTPS, but requested an insecure element 'http://repository.upi.edu/style/images/fileicons/text.png'. This request was automatically upgraded to HTTPS, For more information see https://blog.chromium.org/2019/10/no-more-mixed-messages-about-https.html @ https://repository.upi.edu/137737/:569
[  151942ms] ReferenceError: gaq is not defined
    at https://repository.upi.edu/137737/:560:3
[  152140ms] [WARNING] Mixed Content: The page at 'https://repository.upi.edu/133635/' was loaded over HTTPS, but requested an insecure element 'http://repository.upi.edu/style/images/fileicons/text.png'. This request was automatically upgraded to HTTPS, For more information see https://blog.chromium.org/2019/10/no-more-mixed-messages-about-https.html @ https://repository.upi.edu/133635/:0
[  152140ms] [WARNING] Mixed Content: The page at 'https://repository.upi.edu/133635/' was loaded over HTTPS, but requested an insecure element 'http://repository.upi.edu/style/images/fileicons/text.png'. This request was automatically upgraded to HTTPS, For more information see https://blog.chromium.org/2019/10/no-more-mixed-messages-about-https.html @ https://repository.upi.edu/133635/:0
[  152140ms] [WARNING] Mixed Content: The page at 'https://repository.upi.edu/133635/' was loaded over HTTPS, but requested an insecure element 'http://repository.upi.edu/style/images/fileicons/text.png'. This request was automatically upgraded to HTTPS, For more information see https://blog.chromium.org/2019/10/no-more-mixed-messages-about-https.html @ https://repository.upi.edu/133635/:0
[  152140ms] [WARNING] Mixed Content: The page at 'https://repository.upi.edu/133635/' was loaded over HTTPS, but requested an insecure element 'http://repository.upi.edu/style/images/fileicons/text.png'. This request was automatically upgraded to HTTPS, For more information see https://blog.chromium.org/2019/10/no-more-mixed-messages-about-https.html @ https://repository.upi.edu/133635/:0
[  152140ms] [WARNING] Mixed Content: The page at 'https://repository.upi.edu/133635/' was loaded over HTTPS, but requested an insecure element 'http://repository.upi.edu/style/images/fileicons/text.png'. This request was automatically upgraded to HTTPS, For more information see https://blog.chromium.org/2019/10/no-more-mixed-messages-about-https.html @ https://repository.upi.edu/133635/:0
[  152140ms] [WARNING] Mixed Content: The page at 'https://repository.upi.edu/133635/' was loaded over HTTPS, but requested an insecure element 'http://repository.upi.edu/style/images/fileicons/text.png'. This request was automatically upgraded to HTTPS, For more information see https://blog.chromium.org/2019/10/no-more-mixed-messages-about-https.html @ https://repository.upi.edu/133635/:0
[  152140ms] [WARNING] Mixed Content: The page at 'https://repository.upi.edu/133635/' was loaded over HTTPS, but requested an insecure element 'http://repository.upi.edu/style/images/fileicons/text.png'. This request was automatically upgraded to HTTPS, For more information see https://blog.chromium.org/2019/10/no-more-mixed-messages-about-https.html @ https://repository.upi.edu/133635/:0
[  152146ms] [WARNING] Mixed Content: The page at 'https://repository.upi.edu/133635/' was loaded over HTTPS, but requested an insecure element 'http://repository.upi.edu/style/images/fileicons/text.png'. This request was automatically upgraded to HTTPS, For more information see https://blog.chromium.org/2019/10/no-more-mixed-messages-about-https.html @ https://repository.upi.edu/133635/:395
[  152147ms] ReferenceError: gaq is not defined
    at https://repository.upi.edu/133635/:386:3
[  152146ms] [WARNING] Mixed Content: The page at 'https://repository.upi.edu/133635/' was loaded over HTTPS, but requested an insecure element 'http://repository.upi.edu/style/images/fileicons/text.png'. This request was automatically upgraded to HTTPS, For more information see https://blog.chromium.org/2019/10/no-more-mixed-messages-about-https.html @ https://repository.upi.edu/133635/:436
[  152147ms] ReferenceError: gaq is not defined
    at https://repository.upi.edu/133635/:427:3
[  152147ms] [WARNING] Mixed Content: The page at 'https://repository.upi.edu/133635/' was loaded over HTTPS, but requested an insecure element 'http://repository.upi.edu/style/images/fileicons/text.png'. This request was automatically upgraded to HTTPS, For more information see https://blog.chromium.org/2019/10/no-more-mixed-messages-about-https.html @ https://repository.upi.edu/133635/:477
[  152147ms] ReferenceError: gaq is not defined
    at https://repository.upi.edu/133635/:468:3
[  152147ms] [WARNING] Mixed Content: The page at 'https://repository.upi.edu/133635/' was loaded over HTTPS, but requested an insecure element 'http://repository.upi.edu/style/images/fileicons/text.png'. This request was automatically upgraded to HTTPS, For more information see https://blog.chromium.org/2019/10/no-more-mixed-messages-about-https.html @ https://repository.upi.edu/133635/:518
[  152147ms] ReferenceError: gaq is not defined
    at https://repository.upi.edu/133635/:509:3
[  152147ms] [WARNING] Mixed Content: The page at 'https://repository.upi.edu/133635/' was loaded over HTTPS, but requested an insecure element 'http://repository.upi.edu/style/images/fileicons/text.png'. This request was automatically upgraded to HTTPS, For more information see https://blog.chromium.org/2019/10/no-more-mixed-messages-about-https.html @ https://repository.upi.edu/133635/:559
[  152147ms] ReferenceError: gaq is not defined
    at https://repository.upi.edu/133635/:550:3
[  152147ms] [WARNING] Mixed Content: The page at 'https://repository.upi.edu/133635/' was loaded over HTTPS, but requested an insecure element 'http://repository.upi.edu/style/images/fileicons/text.png'. This request was automatically upgraded to HTTPS, For more information see https://blog.chromium.org/2019/10/no-more-mixed-messages-about-https.html @ https://repository.upi.edu/133635/:600
[  152147ms] ReferenceError: gaq is not defined
    at https://repository.upi.edu/133635/:591:3
[  152147ms] [WARNING] Mixed Content: The page at 'https://repository.upi.edu/133635/' was loaded over HTTPS, but requested an insecure element 'http://repository.upi.edu/style/images/fileicons/text.png'. This request was automatically upgraded to HTTPS, For more information see https://blog.chromium.org/2019/10/no-more-mixed-messages-about-https.html @ https://repository.upi.edu/133635/:641
[  152147ms] ReferenceError: gaq is not defined
    at https://repository.upi.edu/133635/:632:3
[  152275ms] [WARNING] Mixed Content: The page at 'https://repository.upi.edu/138179/' was loaded over HTTPS, but requested an insecure element 'http://repository.upi.edu/style/images/fileicons/text.png'. This request was automatically upgraded to HTTPS, For more information see https://blog.chromium.org/2019/10/no-more-mixed-messages-about-https.html @ https://repository.upi.edu/138179/:0
[  152275ms] [WARNING] Mixed Content: The page at 'https://repository.upi.edu/138179/' was loaded over HTTPS, but requested an insecure element 'http://repository.upi.edu/style/images/fileicons/text.png'. This request was automatically upgraded to HTTPS, For more information see https://blog.chromium.org/2019/10/no-more-mixed-messages-about-https.html @ https://repository.upi.edu/138179/:0
[  152275ms] [WARNING] Mixed Content: The page at 'https://repository.upi.edu/138179/' was loaded over HTTPS, but requested an insecure element 'http://repository.upi.edu/style/images/fileicons/text.png'. This request was automatically upgraded to HTTPS, For more information see https://blog.chromium.org/2019/10/no-more-mixed-messages-about-https.html @ https://repository.upi.edu/138179/:0
[  152275ms] [WARNING] Mixed Content: The page at 'https://repository.upi.edu/138179/' was loaded over HTTPS, but requested an insecure element 'http://repository.upi.edu/style/images/fileicons/text.png'. This request was automatically upgraded to HTTPS, For more information see https://blog.chromium.org/2019/10/no-more-mixed-messages-about-https.html @ https://repository.upi.edu/138179/:0
[  152275ms] [WARNING] Mixed Content: The page at 'https://repository.upi.edu/138179/' was loaded over HTTPS, but requested an insecure element 'http://repository.upi.edu/style/images/fileicons/text.png'. This request was automatically upgraded to HTTPS, For more information see https://blog.chromium.org/2019/10/no-more-mixed-messages-about-https.html @ https://repository.upi.edu/138179/:0
[  152275ms] [WARNING] Mixed Content: The page at 'https://repository.upi.edu/138179/' was loaded over HTTPS, but requested an insecure element 'http://repository.upi.edu/style/images/fileicons/text.png'. This request was automatically upgraded to HTTPS, For more information see https://blog.chromium.org/2019/10/no-more-mixed-messages-about-https.html @ https://repository.upi.edu/138179/:0
[  152275ms] [WARNING] Mixed Content: The page at 'https://repository.upi.edu/138179/' was loaded over HTTPS, but requested an insecure element 'http://repository.upi.edu/style/images/fileicons/text.png'. This request was automatically upgraded to HTTPS, For more information see https://blog.chromium.org/2019/10/no-more-mixed-messages-about-https.html @ https://repository.upi.edu/138179/:0
[  152282ms] [WARNING] Mixed Content: The page at 'https://repository.upi.edu/138179/' was loaded over HTTPS, but requested an insecure element 'http://repository.upi.edu/style/images/fileicons/text.png'. This request was automatically upgraded to HTTPS, For more information see https://blog.chromium.org/2019/10/no-more-mixed-messages-about-https.html @ https://repository.upi.edu/138179/:319
[  152282ms] ReferenceError: gaq is not defined
    at https://repository.upi.edu/138179/:310:3
[  152282ms] [WARNING] Mixed Content: The page at 'https://repository.upi.edu/138179/' was loaded over HTTPS, but requested an insecure element 'http://repository.upi.edu/style/images/fileicons/text.png'. This request was automatically upgraded to HTTPS, For more information see https://blog.chromium.org/2019/10/no-more-mixed-messages-about-https.html @ https://repository.upi.edu/138179/:360
[  152282ms] ReferenceError: gaq is not defined
    at https://repository.upi.edu/138179/:351:3
[  152282ms] [WARNING] Mixed Content: The page at 'https://repository.upi.edu/138179/' was loaded over HTTPS, but requested an insecure element 'http://repository.upi.edu/style/images/fileicons/text.png'. This request was automatically upgraded to HTTPS, For more information see https://blog.chromium.org/2019/10/no-more-mixed-messages-about-https.html @ https://repository.upi.edu/138179/:401
[  152282ms] ReferenceError: gaq is not defined
    at https://repository.upi.edu/138179/:392:3
[  152282ms] [WARNING] Mixed Content: The page at 'https://repository.upi.edu/138179/' was loaded over HTTPS, but requested an insecure element 'http://repository.upi.edu/style/images/fileicons/text.png'. This request was automatically upgraded to HTTPS, For more information see https://blog.chromium.org/2019/10/no-more-mixed-messages-about-https.html @ https://repository.upi.edu/138179/:442
[  152282ms] ReferenceError: gaq is not defined
    at https://repository.upi.edu/138179/:433:3
[  152282ms] [WARNING] Mixed Content: The page at 'https://repository.upi.edu/138179/' was loaded over HTTPS, but requested an insecure element 'http://repository.upi.edu/style/images/fileicons/text.png'. This request was automatically upgraded to HTTPS, For more information see https://blog.chromium.org/2019/10/no-more-mixed-messages-about-https.html @ https://repository.upi.edu/138179/:483
[  152282ms] ReferenceError: gaq is not defined
    at https://repository.upi.edu/138179/:474:3
[  152282ms] [WARNING] Mixed Content: The page at 'https://repository.upi.edu/138179/' was loaded over HTTPS, but requested an insecure element 'http://repository.upi.edu/style/images/fileicons/text.png'. This request was automatically upgraded to HTTPS, For more information see https://blog.chromium.org/2019/10/no-more-mixed-messages-about-https.html @ https://repository.upi.edu/138179/:524
[  152282ms] ReferenceError: gaq is not defined
    at https://repository.upi.edu/138179/:515:3
[  152282ms] [WARNING] Mixed Content: The page at 'https://repository.upi.edu/138179/' was loaded over HTTPS, but requested an insecure element 'http://repository.upi.edu/style/images/fileicons/text.png'. This request was automatically upgraded to HTTPS, For more information see https://blog.chromium.org/2019/10/no-more-mixed-messages-about-https.html @ https://repository.upi.edu/138179/:565
[  152282ms] ReferenceError: gaq is not defined
    at https://repository.upi.edu/138179/:556:3
[  152372ms] [WARNING] Mixed Content: The page at 'https://repository.upi.edu/138074/' was loaded over HTTPS, but requested an insecure element 'http://repository.upi.edu/style/images/fileicons/text.png'. This request was automatically upgraded to HTTPS, For more information see https://blog.chromium.org/2019/10/no-more-mixed-messages-about-https.html @ https://repository.upi.edu/138074/:0
[  152372ms] [WARNING] Mixed Content: The page at 'https://repository.upi.edu/138074/' was loaded over HTTPS, but requested an insecure element 'http://repository.upi.edu/style/images/fileicons/text.png'. This request was automatically upgraded to HTTPS, For more information see https://blog.chromium.org/2019/10/no-more-mixed-messages-about-https.html @ https://repository.upi.edu/138074/:0
[  152372ms] [WARNING] Mixed Content: The page at 'https://repository.upi.edu/138074/' was loaded over HTTPS, but requested an insecure element 'http://repository.upi.edu/style/images/fileicons/text.png'. This request was automatically upgraded to HTTPS, For more information see https://blog.chromium.org/2019/10/no-more-mixed-messages-about-https.html @ https://repository.upi.edu/138074/:0
[  152372ms] [WARNING] Mixed Content: The page at 'https://repository.upi.edu/138074/' was loaded over HTTPS, but requested an insecure element 'http://repository.upi.edu/style/images/fileicons/text.png'. This request was automatically upgraded to HTTPS, For more information see https://blog.chromium.org/2019/10/no-more-mixed-messages-about-https.html @ https://repository.upi.edu/138074/:0
[  152372ms] [WARNING] Mixed Content: The page at 'https://repository.upi.edu/138074/' was loaded over HTTPS, but requested an insecure element 'http://repository.upi.edu/style/images/fileicons/text.png'. This request was automatically upgraded to HTTPS, For more information see https://blog.chromium.org/2019/10/no-more-mixed-messages-about-https.html @ https://repository.upi.edu/138074/:0
[  152372ms] [WARNING] Mixed Content: The page at 'https://repository.upi.edu/138074/' was loaded over HTTPS, but requested an insecure element 'http://repository.upi.edu/style/images/fileicons/text.png'. This request was automatically upgraded to HTTPS, For more information see https://blog.chromium.org/2019/10/no-more-mixed-messages-about-https.html @ https://repository.upi.edu/138074/:0
[  152378ms] [WARNING] Mixed Content: The page at 'https://repository.upi.edu/138074/' was loaded over HTTPS, but requested an insecure element 'http://repository.upi.edu/style/images/fileicons/text.png'. This request was automatically upgraded to HTTPS, For more information see https://blog.chromium.org/2019/10/no-more-mixed-messages-about-https.html @ https://repository.upi.edu/138074/:317
[  152378ms] ReferenceError: gaq is not defined
    at https://repository.upi.edu/138074/:308:3
[  152378ms] [WARNING] Mixed Content: The page at 'https://repository.upi.edu/138074/' was loaded over HTTPS, but requested an insecure element 'http://repository.upi.edu/style/images/fileicons/text.png'. This request was automatically upgraded to HTTPS, For more information see https://blog.chromium.org/2019/10/no-more-mixed-messages-about-https.html @ https://repository.upi.edu/138074/:358
[  152378ms] ReferenceError: gaq is not defined
    at https://repository.upi.edu/138074/:349:3
[  152378ms] [WARNING] Mixed Content: The page at 'https://repository.upi.edu/138074/' was loaded over HTTPS, but requested an insecure element 'http://repository.upi.edu/style/images/fileicons/text.png'. This request was automatically upgraded to HTTPS, For more information see https://blog.chromium.org/2019/10/no-more-mixed-messages-about-https.html @ https://repository.upi.edu/138074/:399
[  152378ms] ReferenceError: gaq is not defined
    at https://repository.upi.edu/138074/:390:3
[  152378ms] [WARNING] Mixed Content: The page at 'https://repository.upi.edu/138074/' was loaded over HTTPS, but requested an insecure element 'http://repository.upi.edu/style/images/fileicons/text.png'. This request was automatically upgraded to HTTPS, For more information see https://blog.chromium.org/2019/10/no-more-mixed-messages-about-https.html @ https://repository.upi.edu/138074/:440
[  152378ms] ReferenceError: gaq is not defined
    at https://repository.upi.edu/138074/:431:3
[  152378ms] [WARNING] Mixed Content: The page at 'https://repository.upi.edu/138074/' was loaded over HTTPS, but requested an insecure element 'http://repository.upi.edu/style/images/fileicons/text.png'. This request was automatically upgraded to HTTPS, For more information see https://blog.chromium.org/2019/10/no-more-mixed-messages-about-https.html @ https://repository.upi.edu/138074/:481
[  152378ms] ReferenceError: gaq is not defined
    at https://repository.upi.edu/138074/:472:3
[  152378ms] [WARNING] Mixed Content: The page at 'https://repository.upi.edu/138074/' was loaded over HTTPS, but requested an insecure element 'http://repository.upi.edu/style/images/fileicons/text.png'. This request was automatically upgraded to HTTPS, For more information see https://blog.chromium.org/2019/10/no-more-mixed-messages-about-https.html @ https://repository.upi.edu/138074/:522
[  152378ms] ReferenceError: gaq is not defined
    at https://repository.upi.edu/138074/:513:3
[  152502ms] [WARNING] Mixed Content: The page at 'https://repository.upi.edu/138111/' was loaded over HTTPS, but requested an insecure element 'http://repository.upi.edu/style/images/fileicons/text.png'. This request was automatically upgraded to HTTPS, For more information see https://blog.chromium.org/2019/10/no-more-mixed-messages-about-https.html @ https://repository.upi.edu/138111/:0
[  152503ms] [WARNING] Mixed Content: The page at 'https://repository.upi.edu/138111/' was loaded over HTTPS, but requested an insecure element 'http://repository.upi.edu/style/images/fileicons/text.png'. This request was automatically upgraded to HTTPS, For more information see https://blog.chromium.org/2019/10/no-more-mixed-messages-about-https.html @ https://repository.upi.edu/138111/:0
[  152503ms] [WARNING] Mixed Content: The page at 'https://repository.upi.edu/138111/' was loaded over HTTPS, but requested an insecure element 'http://repository.upi.edu/style/images/fileicons/text.png'. This request was automatically upgraded to HTTPS, For more information see https://blog.chromium.org/2019/10/no-more-mixed-messages-about-https.html @ https://repository.upi.edu/138111/:0
[  152503ms] [WARNING] Mixed Content: The page at 'https://repository.upi.edu/138111/' was loaded over HTTPS, but requested an insecure element 'http://repository.upi.edu/style/images/fileicons/text.png'. This request was automatically upgraded to HTTPS, For more information see https://blog.chromium.org/2019/10/no-more-mixed-messages-about-https.html @ https://repository.upi.edu/138111/:0
[  152503ms] [WARNING] Mixed Content: The page at 'https://repository.upi.edu/138111/' was loaded over HTTPS, but requested an insecure element 'http://repository.upi.edu/style/images/fileicons/text.png'. This request was automatically upgraded to HTTPS, For more information see https://blog.chromium.org/2019/10/no-more-mixed-messages-about-https.html @ https://repository.upi.edu/138111/:0
[  152503ms] [WARNING] Mixed Content: The page at 'https://repository.upi.edu/138111/' was loaded over HTTPS, but requested an insecure element 'http://repository.upi.edu/style/images/fileicons/text.png'. This request was automatically upgraded to HTTPS, For more information see https://blog.chromium.org/2019/10/no-more-mixed-messages-about-https.html @ https://repository.upi.edu/138111/:0
[  152508ms] [WARNING] Mixed Content: The page at 'https://repository.upi.edu/138111/' was loaded over HTTPS, but requested an insecure element 'http://repository.upi.edu/style/images/fileicons/text.png'. This request was automatically upgraded to HTTPS, For more information see https://blog.chromium.org/2019/10/no-more-mixed-messages-about-https.html @ https://repository.upi.edu/138111/:319
[  152508ms] ReferenceError: gaq is not defined
    at https://repository.upi.edu/138111/:310:3
[  152508ms] [WARNING] Mixed Content: The page at 'https://repository.upi.edu/138111/' was loaded over HTTPS, but requested an insecure element 'http://repository.upi.edu/style/images/fileicons/text.png'. This request was automatically upgraded to HTTPS, For more information see https://blog.chromium.org/2019/10/no-more-mixed-messages-about-https.html @ https://repository.upi.edu/138111/:360
[  152508ms] ReferenceError: gaq is not defined
    at https://repository.upi.edu/138111/:351:3
[  152508ms] [WARNING] Mixed Content: The page at 'https://repository.upi.edu/138111/' was loaded over HTTPS, but requested an insecure element 'http://repository.upi.edu/style/images/fileicons/text.png'. This request was automatically upgraded to HTTPS, For more information see https://blog.chromium.org/2019/10/no-more-mixed-messages-about-https.html @ https://repository.upi.edu/138111/:401
[  152508ms] ReferenceError: gaq is not defined
    at https://repository.upi.edu/138111/:392:3
[  152508ms] [WARNING] Mixed Content: The page at 'https://repository.upi.edu/138111/' was loaded over HTTPS, but requested an insecure element 'http://repository.upi.edu/style/images/fileicons/text.png'. This request was automatically upgraded to HTTPS, For more information see https://blog.chromium.org/2019/10/no-more-mixed-messages-about-https.html @ https://repository.upi.edu/138111/:442
[  152508ms] ReferenceError: gaq is not defined
    at https://repository.upi.edu/138111/:433:3
[  152509ms] [WARNING] Mixed Content: The page at 'https://repository.upi.edu/138111/' was loaded over HTTPS, but requested an insecure element 'http://repository.upi.edu/style/images/fileicons/text.png'. This request was automatically upgraded to HTTPS, For more information see https://blog.chromium.org/2019/10/no-more-mixed-messages-about-https.html @ https://repository.upi.edu/138111/:483
[  152509ms] ReferenceError: gaq is not defined
    at https://repository.upi.edu/138111/:474:3
[  152509ms] [WARNING] Mixed Content: The page at 'https://repository.upi.edu/138111/' was loaded over HTTPS, but requested an insecure element 'http://repository.upi.edu/style/images/fileicons/text.png'. This request was automatically upgraded to HTTPS, For more information see https://blog.chromium.org/2019/10/no-more-mixed-messages-about-https.html @ https://repository.upi.edu/138111/:524
[  152509ms] ReferenceError: gaq is not defined
    at https://repository.upi.edu/138111/:515:3
[  153262ms] [WARNING] Mixed Content: The page at 'https://repository.upi.edu/137406/' was loaded over HTTPS, but requested an insecure element 'http://repository.upi.edu/style/images/fileicons/text.png'. This request was automatically upgraded to HTTPS, For more information see https://blog.chromium.org/2019/10/no-more-mixed-messages-about-https.html @ https://repository.upi.edu/137406/:0
[  153262ms] [WARNING] Mixed Content: The page at 'https://repository.upi.edu/137406/' was loaded over HTTPS, but requested an insecure element 'http://repository.upi.edu/style/images/fileicons/text.png'. This request was automatically upgraded to HTTPS, For more information see https://blog.chromium.org/2019/10/no-more-mixed-messages-about-https.html @ https://repository.upi.edu/137406/:0
[  153262ms] [WARNING] Mixed Content: The page at 'https://repository.upi.edu/137406/' was loaded over HTTPS, but requested an insecure element 'http://repository.upi.edu/style/images/fileicons/text.png'. This request was automatically upgraded to HTTPS, For more information see https://blog.chromium.org/2019/10/no-more-mixed-messages-about-https.html @ https://repository.upi.edu/137406/:0
[  153262ms] [WARNING] Mixed Content: The page at 'https://repository.upi.edu/137406/' was loaded over HTTPS, but requested an insecure element 'http://repository.upi.edu/style/images/fileicons/text.png'. This request was automatically upgraded to HTTPS, For more information see https://blog.chromium.org/2019/10/no-more-mixed-messages-about-https.html @ https://repository.upi.edu/137406/:0
[  153262ms] [WARNING] Mixed Content: The page at 'https://repository.upi.edu/137406/' was loaded over HTTPS, but requested an insecure element 'http://repository.upi.edu/style/images/fileicons/text.png'. This request was automatically upgraded to HTTPS, For more information see https://blog.chromium.org/2019/10/no-more-mixed-messages-about-https.html @ https://repository.upi.edu/137406/:0
[  153262ms] [WARNING] Mixed Content: The page at 'https://repository.upi.edu/137406/' was loaded over HTTPS, but requested an insecure element 'http://repository.upi.edu/style/images/fileicons/text.png'. This request was automatically upgraded to HTTPS, For more information see https://blog.chromium.org/2019/10/no-more-mixed-messages-about-https.html @ https://repository.upi.edu/137406/:0
[  153268ms] [WARNING] Mixed Content: The page at 'https://repository.upi.edu/137406/' was loaded over HTTPS, but requested an insecure element 'http://repository.upi.edu/style/images/fileicons/text.png'. This request was automatically upgraded to HTTPS, For more information see https://blog.chromium.org/2019/10/no-more-mixed-messages-about-https.html @ https://repository.upi.edu/137406/:316
[  153272ms] ReferenceError: gaq is not defined
    at https://repository.upi.edu/137406/:307:3
[  153269ms] [WARNING] Mixed Content: The page at 'https://repository.upi.edu/137406/' was loaded over HTTPS, but requested an insecure element 'http://repository.upi.edu/style/images/fileicons/text.png'. This request was automatically upgraded to HTTPS, For more information see https://blog.chromium.org/2019/10/no-more-mixed-messages-about-https.html @ https://repository.upi.edu/137406/:357
[  153272ms] ReferenceError: gaq is not defined
    at https://repository.upi.edu/137406/:348:3
[  153269ms] [WARNING] Mixed Content: The page at 'https://repository.upi.edu/137406/' was loaded over HTTPS, but requested an insecure element 'http://repository.upi.edu/style/images/fileicons/text.png'. This request was automatically upgraded to HTTPS, For more information see https://blog.chromium.org/2019/10/no-more-mixed-messages-about-https.html @ https://repository.upi.edu/137406/:398
[  153272ms] ReferenceError: gaq is not defined
    at https://repository.upi.edu/137406/:389:3
[  153269ms] [WARNING] Mixed Content: The page at 'https://repository.upi.edu/137406/' was loaded over HTTPS, but requested an insecure element 'http://repository.upi.edu/style/images/fileicons/text.png'. This request was automatically upgraded to HTTPS, For more information see https://blog.chromium.org/2019/10/no-more-mixed-messages-about-https.html @ https://repository.upi.edu/137406/:439
[  153272ms] ReferenceError: gaq is not defined
    at https://repository.upi.edu/137406/:430:3
[  153269ms] [WARNING] Mixed Content: The page at 'https://repository.upi.edu/137406/' was loaded over HTTPS, but requested an insecure element 'http://repository.upi.edu/style/images/fileicons/text.png'. This request was automatically upgraded to HTTPS, For more information see https://blog.chromium.org/2019/10/no-more-mixed-messages-about-https.html @ https://repository.upi.edu/137406/:480
[  153272ms] ReferenceError: gaq is not defined
    at https://repository.upi.edu/137406/:471:3
[  153269ms] [WARNING] Mixed Content: The page at 'https://repository.upi.edu/137406/' was loaded over HTTPS, but requested an insecure element 'http://repository.upi.edu/style/images/fileicons/text.png'. This request was automatically upgraded to HTTPS, For more information see https://blog.chromium.org/2019/10/no-more-mixed-messages-about-https.html @ https://repository.upi.edu/137406/:521
[  153273ms] ReferenceError: gaq is not defined
    at https://repository.upi.edu/137406/:512:3
[  153450ms] [WARNING] Mixed Content: The page at 'https://repository.upi.edu/138234/' was loaded over HTTPS, but requested an insecure element 'http://repository.upi.edu/style/images/fileicons/text.png'. This request was automatically upgraded to HTTPS, For more information see https://blog.chromium.org/2019/10/no-more-mixed-messages-about-https.html @ https://repository.upi.edu/138234/:0
[  153450ms] [WARNING] Mixed Content: The page at 'https://repository.upi.edu/138234/' was loaded over HTTPS, but requested an insecure element 'http://repository.upi.edu/style/images/fileicons/text.png'. This request was automatically upgraded to HTTPS, For more information see https://blog.chromium.org/2019/10/no-more-mixed-messages-about-https.html @ https://repository.upi.edu/138234/:0
[  153450ms] [WARNING] Mixed Content: The page at 'https://repository.upi.edu/138234/' was loaded over HTTPS, but requested an insecure element 'http://repository.upi.edu/style/images/fileicons/text.png'. This request was automatically upgraded to HTTPS, For more information see https://blog.chromium.org/2019/10/no-more-mixed-messages-about-https.html @ https://repository.upi.edu/138234/:0
[  153450ms] [WARNING] Mixed Content: The page at 'https://repository.upi.edu/138234/' was loaded over HTTPS, but requested an insecure element 'http://repository.upi.edu/style/images/fileicons/text.png'. This request was automatically upgraded to HTTPS, For more information see https://blog.chromium.org/2019/10/no-more-mixed-messages-about-https.html @ https://repository.upi.edu/138234/:0
[  153450ms] [WARNING] Mixed Content: The page at 'https://repository.upi.edu/138234/' was loaded over HTTPS, but requested an insecure element 'http://repository.upi.edu/style/images/fileicons/text.png'. This request was automatically upgraded to HTTPS, For more information see https://blog.chromium.org/2019/10/no-more-mixed-messages-about-https.html @ https://repository.upi.edu/138234/:0
[  153450ms] [WARNING] Mixed Content: The page at 'https://repository.upi.edu/138234/' was loaded over HTTPS, but requested an insecure element 'http://repository.upi.edu/style/images/fileicons/text.png'. This request was automatically upgraded to HTTPS, For more information see https://blog.chromium.org/2019/10/no-more-mixed-messages-about-https.html @ https://repository.upi.edu/138234/:0
[  153450ms] [WARNING] Mixed Content: The page at 'https://repository.upi.edu/138234/' was loaded over HTTPS, but requested an insecure element 'http://repository.upi.edu/style/images/fileicons/text.png'. This request was automatically upgraded to HTTPS, For more information see https://blog.chromium.org/2019/10/no-more-mixed-messages-about-https.html @ https://repository.upi.edu/138234/:0
[  153457ms] [WARNING] Mixed Content: The page at 'https://repository.upi.edu/138234/' was loaded over HTTPS, but requested an insecure element 'http://repository.upi.edu/style/images/fileicons/text.png'. This request was automatically upgraded to HTTPS, For more information see https://blog.chromium.org/2019/10/no-more-mixed-messages-about-https.html @ https://repository.upi.edu/138234/:321
[  153457ms] ReferenceError: gaq is not defined
    at https://repository.upi.edu/138234/:312:3
[  153457ms] [WARNING] Mixed Content: The page at 'https://repository.upi.edu/138234/' was loaded over HTTPS, but requested an insecure element 'http://repository.upi.edu/style/images/fileicons/text.png'. This request was automatically upgraded to HTTPS, For more information see https://blog.chromium.org/2019/10/no-more-mixed-messages-about-https.html @ https://repository.upi.edu/138234/:362
[  153457ms] ReferenceError: gaq is not defined
    at https://repository.upi.edu/138234/:353:3
[  153457ms] [WARNING] Mixed Content: The page at 'https://repository.upi.edu/138234/' was loaded over HTTPS, but requested an insecure element 'http://repository.upi.edu/style/images/fileicons/text.png'. This request was automatically upgraded to HTTPS, For more information see https://blog.chromium.org/2019/10/no-more-mixed-messages-about-https.html @ https://repository.upi.edu/138234/:403
[  153457ms] ReferenceError: gaq is not defined
    at https://repository.upi.edu/138234/:394:3
[  153457ms] [WARNING] Mixed Content: The page at 'https://repository.upi.edu/138234/' was loaded over HTTPS, but requested an insecure element 'http://repository.upi.edu/style/images/fileicons/text.png'. This request was automatically upgraded to HTTPS, For more information see https://blog.chromium.org/2019/10/no-more-mixed-messages-about-https.html @ https://repository.upi.edu/138234/:446
[  153457ms] ReferenceError: gaq is not defined
    at https://repository.upi.edu/138234/:437:3
[  153458ms] [WARNING] Mixed Content: The page at 'https://repository.upi.edu/138234/' was loaded over HTTPS, but requested an insecure element 'http://repository.upi.edu/style/images/fileicons/text.png'. This request was automatically upgraded to HTTPS, For more information see https://blog.chromium.org/2019/10/no-more-mixed-messages-about-https.html @ https://repository.upi.edu/138234/:487
[  153458ms] ReferenceError: gaq is not defined
    at https://repository.upi.edu/138234/:478:3
[  153458ms] [WARNING] Mixed Content: The page at 'https://repository.upi.edu/138234/' was loaded over HTTPS, but requested an insecure element 'http://repository.upi.edu/style/images/fileicons/text.png'. This request was automatically upgraded to HTTPS, For more information see https://blog.chromium.org/2019/10/no-more-mixed-messages-about-https.html @ https://repository.upi.edu/138234/:530
[  153458ms] ReferenceError: gaq is not defined
    at https://repository.upi.edu/138234/:521:3
[  153458ms] [WARNING] Mixed Content: The page at 'https://repository.upi.edu/138234/' was loaded over HTTPS, but requested an insecure element 'http://repository.upi.edu/style/images/fileicons/text.png'. This request was automatically upgraded to HTTPS, For more information see https://blog.chromium.org/2019/10/no-more-mixed-messages-about-https.html @ https://repository.upi.edu/138234/:571
[  153458ms] ReferenceError: gaq is not defined
    at https://repository.upi.edu/138234/:562:3
[  153980ms] [WARNING] Mixed Content: The page at 'https://repository.upi.edu/138139/' was loaded over HTTPS, but requested an insecure element 'http://repository.upi.edu/style/images/fileicons/text.png'. This request was automatically upgraded to HTTPS, For more information see https://blog.chromium.org/2019/10/no-more-mixed-messages-about-https.html @ https://repository.upi.edu/138139/:0
[  153980ms] [WARNING] Mixed Content: The page at 'https://repository.upi.edu/138139/' was loaded over HTTPS, but requested an insecure element 'http://repository.upi.edu/style/images/fileicons/text.png'. This request was automatically upgraded to HTTPS, For more information see https://blog.chromium.org/2019/10/no-more-mixed-messages-about-https.html @ https://repository.upi.edu/138139/:0
[  153980ms] [WARNING] Mixed Content: The page at 'https://repository.upi.edu/138139/' was loaded over HTTPS, but requested an insecure element 'http://repository.upi.edu/style/images/fileicons/text.png'. This request was automatically upgraded to HTTPS, For more information see https://blog.chromium.org/2019/10/no-more-mixed-messages-about-https.html @ https://repository.upi.edu/138139/:0
[  153980ms] [WARNING] Mixed Content: The page at 'https://repository.upi.edu/138139/' was loaded over HTTPS, but requested an insecure element 'http://repository.upi.edu/style/images/fileicons/text.png'. This request was automatically upgraded to HTTPS, For more information see https://blog.chromium.org/2019/10/no-more-mixed-messages-about-https.html @ https://repository.upi.edu/138139/:0
[  153980ms] [WARNING] Mixed Content: The page at 'https://repository.upi.edu/138139/' was loaded over HTTPS, but requested an insecure element 'http://repository.upi.edu/style/images/fileicons/text.png'. This request was automatically upgraded to HTTPS, For more information see https://blog.chromium.org/2019/10/no-more-mixed-messages-about-https.html @ https://repository.upi.edu/138139/:0
[  153980ms] [WARNING] Mixed Content: The page at 'https://repository.upi.edu/138139/' was loaded over HTTPS, but requested an insecure element 'http://repository.upi.edu/style/images/fileicons/text.png'. This request was automatically upgraded to HTTPS, For more information see https://blog.chromium.org/2019/10/no-more-mixed-messages-about-https.html @ https://repository.upi.edu/138139/:0
[  153987ms] [WARNING] Mixed Content: The page at 'https://repository.upi.edu/138139/' was loaded over HTTPS, but requested an insecure element 'http://repository.upi.edu/style/images/fileicons/text.png'. This request was automatically upgraded to HTTPS, For more information see https://blog.chromium.org/2019/10/no-more-mixed-messages-about-https.html @ https://repository.upi.edu/138139/:315
[  153987ms] ReferenceError: gaq is not defined
    at https://repository.upi.edu/138139/:306:3
[  153987ms] [WARNING] Mixed Content: The page at 'https://repository.upi.edu/138139/' was loaded over HTTPS, but requested an insecure element 'http://repository.upi.edu/style/images/fileicons/text.png'. This request was automatically upgraded to HTTPS, For more information see https://blog.chromium.org/2019/10/no-more-mixed-messages-about-https.html @ https://repository.upi.edu/138139/:356
[  153987ms] ReferenceError: gaq is not defined
    at https://repository.upi.edu/138139/:347:3
[  153987ms] [WARNING] Mixed Content: The page at 'https://repository.upi.edu/138139/' was loaded over HTTPS, but requested an insecure element 'http://repository.upi.edu/style/images/fileicons/text.png'. This request was automatically upgraded to HTTPS, For more information see https://blog.chromium.org/2019/10/no-more-mixed-messages-about-https.html @ https://repository.upi.edu/138139/:397
[  153987ms] ReferenceError: gaq is not defined
    at https://repository.upi.edu/138139/:388:3
[  153987ms] [WARNING] Mixed Content: The page at 'https://repository.upi.edu/138139/' was loaded over HTTPS, but requested an insecure element 'http://repository.upi.edu/style/images/fileicons/text.png'. This request was automatically upgraded to HTTPS, For more information see https://blog.chromium.org/2019/10/no-more-mixed-messages-about-https.html @ https://repository.upi.edu/138139/:438
[  153987ms] ReferenceError: gaq is not defined
    at https://repository.upi.edu/138139/:429:3
[  153987ms] [WARNING] Mixed Content: The page at 'https://repository.upi.edu/138139/' was loaded over HTTPS, but requested an insecure element 'http://repository.upi.edu/style/images/fileicons/text.png'. This request was automatically upgraded to HTTPS, For more information see https://blog.chromium.org/2019/10/no-more-mixed-messages-about-https.html @ https://repository.upi.edu/138139/:479
[  153987ms] ReferenceError: gaq is not defined
    at https://repository.upi.edu/138139/:470:3
[  153987ms] [WARNING] Mixed Content: The page at 'https://repository.upi.edu/138139/' was loaded over HTTPS, but requested an insecure element 'http://repository.upi.edu/style/images/fileicons/text.png'. This request was automatically upgraded to HTTPS, For more information see https://blog.chromium.org/2019/10/no-more-mixed-messages-about-https.html @ https://repository.upi.edu/138139/:520
[  153987ms] ReferenceError: gaq is not defined
    at https://repository.upi.edu/138139/:511:3
[  154138ms] [WARNING] Mixed Content: The page at 'https://repository.upi.edu/138219/' was loaded over HTTPS, but requested an insecure element 'http://repository.upi.edu/style/images/fileicons/text.png'. This request was automatically upgraded to HTTPS, For more information see https://blog.chromium.org/2019/10/no-more-mixed-messages-about-https.html @ https://repository.upi.edu/138219/:0
[  154138ms] [WARNING] Mixed Content: The page at 'https://repository.upi.edu/138219/' was loaded over HTTPS, but requested an insecure element 'http://repository.upi.edu/style/images/fileicons/text.png'. This request was automatically upgraded to HTTPS, For more information see https://blog.chromium.org/2019/10/no-more-mixed-messages-about-https.html @ https://repository.upi.edu/138219/:0
[  154138ms] [WARNING] Mixed Content: The page at 'https://repository.upi.edu/138219/' was loaded over HTTPS, but requested an insecure element 'http://repository.upi.edu/style/images/fileicons/text.png'. This request was automatically upgraded to HTTPS, For more information see https://blog.chromium.org/2019/10/no-more-mixed-messages-about-https.html @ https://repository.upi.edu/138219/:0
[  154138ms] [WARNING] Mixed Content: The page at 'https://repository.upi.edu/138219/' was loaded over HTTPS, but requested an insecure element 'http://repository.upi.edu/style/images/fileicons/text.png'. This request was automatically upgraded to HTTPS, For more information see https://blog.chromium.org/2019/10/no-more-mixed-messages-about-https.html @ https://repository.upi.edu/138219/:0
[  154138ms] [WARNING] Mixed Content: The page at 'https://repository.upi.edu/138219/' was loaded over HTTPS, but requested an insecure element 'http://repository.upi.edu/style/images/fileicons/text.png'. This request was automatically upgraded to HTTPS, For more information see https://blog.chromium.org/2019/10/no-more-mixed-messages-about-https.html @ https://repository.upi.edu/138219/:0
[  154138ms] [WARNING] Mixed Content: The page at 'https://repository.upi.edu/138219/' was loaded over HTTPS, but requested an insecure element 'http://repository.upi.edu/style/images/fileicons/text.png'. This request was automatically upgraded to HTTPS, For more information see https://blog.chromium.org/2019/10/no-more-mixed-messages-about-https.html @ https://repository.upi.edu/138219/:0
[  154144ms] [WARNING] Mixed Content: The page at 'https://repository.upi.edu/138219/' was loaded over HTTPS, but requested an insecure element 'http://repository.upi.edu/style/images/fileicons/text.png'. This request was automatically upgraded to HTTPS, For more information see https://blog.chromium.org/2019/10/no-more-mixed-messages-about-https.html @ https://repository.upi.edu/138219/:315
[  154144ms] ReferenceError: gaq is not defined
    at https://repository.upi.edu/138219/:306:3
[  154144ms] [WARNING] Mixed Content: The page at 'https://repository.upi.edu/138219/' was loaded over HTTPS, but requested an insecure element 'http://repository.upi.edu/style/images/fileicons/text.png'. This request was automatically upgraded to HTTPS, For more information see https://blog.chromium.org/2019/10/no-more-mixed-messages-about-https.html @ https://repository.upi.edu/138219/:356
[  154145ms] ReferenceError: gaq is not defined
    at https://repository.upi.edu/138219/:347:3
[  154145ms] [WARNING] Mixed Content: The page at 'https://repository.upi.edu/138219/' was loaded over HTTPS, but requested an insecure element 'http://repository.upi.edu/style/images/fileicons/text.png'. This request was automatically upgraded to HTTPS, For more information see https://blog.chromium.org/2019/10/no-more-mixed-messages-about-https.html @ https://repository.upi.edu/138219/:397
[  154145ms] ReferenceError: gaq is not defined
    at https://repository.upi.edu/138219/:388:3
[  154145ms] [WARNING] Mixed Content: The page at 'https://repository.upi.edu/138219/' was loaded over HTTPS, but requested an insecure element 'http://repository.upi.edu/style/images/fileicons/text.png'. This request was automatically upgraded to HTTPS, For more information see https://blog.chromium.org/2019/10/no-more-mixed-messages-about-https.html @ https://repository.upi.edu/138219/:438
[  154145ms] ReferenceError: gaq is not defined
    at https://repository.upi.edu/138219/:429:3
[  154145ms] [WARNING] Mixed Content: The page at 'https://repository.upi.edu/138219/' was loaded over HTTPS, but requested an insecure element 'http://repository.upi.edu/style/images/fileicons/text.png'. This request was automatically upgraded to HTTPS, For more information see https://blog.chromium.org/2019/10/no-more-mixed-messages-about-https.html @ https://repository.upi.edu/138219/:479
[  154145ms] ReferenceError: gaq is not defined
    at https://repository.upi.edu/138219/:470:3
[  154145ms] [WARNING] Mixed Content: The page at 'https://repository.upi.edu/138219/' was loaded over HTTPS, but requested an insecure element 'http://repository.upi.edu/style/images/fileicons/text.png'. This request was automatically upgraded to HTTPS, For more information see https://blog.chromium.org/2019/10/no-more-mixed-messages-about-https.html @ https://repository.upi.edu/138219/:520
[  154145ms] ReferenceError: gaq is not defined
    at https://repository.upi.edu/138219/:511:3
[  154237ms] [WARNING] Mixed Content: The page at 'https://repository.upi.edu/132558/' was loaded over HTTPS, but requested an insecure element 'http://repository.upi.edu/style/images/fileicons/text.png'. This request was automatically upgraded to HTTPS, For more information see https://blog.chromium.org/2019/10/no-more-mixed-messages-about-https.html @ https://repository.upi.edu/132558/:0
[  154238ms] [WARNING] Mixed Content: The page at 'https://repository.upi.edu/132558/' was loaded over HTTPS, but requested an insecure element 'http://repository.upi.edu/style/images/fileicons/text.png'. This request was automatically upgraded to HTTPS, For more information see https://blog.chromium.org/2019/10/no-more-mixed-messages-about-https.html @ https://repository.upi.edu/132558/:0
[  154238ms] [WARNING] Mixed Content: The page at 'https://repository.upi.edu/132558/' was loaded over HTTPS, but requested an insecure element 'http://repository.upi.edu/style/images/fileicons/text.png'. This request was automatically upgraded to HTTPS, For more information see https://blog.chromium.org/2019/10/no-more-mixed-messages-about-https.html @ https://repository.upi.edu/132558/:0
[  154238ms] [WARNING] Mixed Content: The page at 'https://repository.upi.edu/132558/' was loaded over HTTPS, but requested an insecure element 'http://repository.upi.edu/style/images/fileicons/text.png'. This request was automatically upgraded to HTTPS, For more information see https://blog.chromium.org/2019/10/no-more-mixed-messages-about-https.html @ https://repository.upi.edu/132558/:0
[  154238ms] [WARNING] Mixed Content: The page at 'https://repository.upi.edu/132558/' was loaded over HTTPS, but requested an insecure element 'http://repository.upi.edu/style/images/fileicons/text.png'. This request was automatically upgraded to HTTPS, For more information see https://blog.chromium.org/2019/10/no-more-mixed-messages-about-https.html @ https://repository.upi.edu/132558/:0
[  154238ms] [WARNING] Mixed Content: The page at 'https://repository.upi.edu/132558/' was loaded over HTTPS, but requested an insecure element 'http://repository.upi.edu/style/images/fileicons/text.png'. This request was automatically upgraded to HTTPS, For more information see https://blog.chromium.org/2019/10/no-more-mixed-messages-about-https.html @ https://repository.upi.edu/132558/:0
[  154238ms] [WARNING] Mixed Content: The page at 'https://repository.upi.edu/132558/' was loaded over HTTPS, but requested an insecure element 'http://repository.upi.edu/style/images/fileicons/text.png'. This request was automatically upgraded to HTTPS, For more information see https://blog.chromium.org/2019/10/no-more-mixed-messages-about-https.html @ https://repository.upi.edu/132558/:0
[  154243ms] [WARNING] Mixed Content: The page at 'https://repository.upi.edu/132558/' was loaded over HTTPS, but requested an insecure element 'http://repository.upi.edu/style/images/fileicons/text.png'. This request was automatically upgraded to HTTPS, For more information see https://blog.chromium.org/2019/10/no-more-mixed-messages-about-https.html @ https://repository.upi.edu/132558/:309
[  154243ms] ReferenceError: gaq is not defined
    at https://repository.upi.edu/132558/:300:3
[  154243ms] [WARNING] Mixed Content: The page at 'https://repository.upi.edu/132558/' was loaded over HTTPS, but requested an insecure element 'http://repository.upi.edu/style/images/fileicons/text.png'. This request was automatically upgraded to HTTPS, For more information see https://blog.chromium.org/2019/10/no-more-mixed-messages-about-https.html @ https://repository.upi.edu/132558/:350
[  154243ms] ReferenceError: gaq is not defined
    at https://repository.upi.edu/132558/:341:3
[  154243ms] [WARNING] Mixed Content: The page at 'https://repository.upi.edu/132558/' was loaded over HTTPS, but requested an insecure element 'http://repository.upi.edu/style/images/fileicons/text.png'. This request was automatically upgraded to HTTPS, For more information see https://blog.chromium.org/2019/10/no-more-mixed-messages-about-https.html @ https://repository.upi.edu/132558/:391
[  154243ms] ReferenceError: gaq is not defined
    at https://repository.upi.edu/132558/:382:3
[  154243ms] [WARNING] Mixed Content: The page at 'https://repository.upi.edu/132558/' was loaded over HTTPS, but requested an insecure element 'http://repository.upi.edu/style/images/fileicons/text.png'. This request was automatically upgraded to HTTPS, For more information see https://blog.chromium.org/2019/10/no-more-mixed-messages-about-https.html @ https://repository.upi.edu/132558/:432
[  154243ms] ReferenceError: gaq is not defined
    at https://repository.upi.edu/132558/:423:3
[  154244ms] [WARNING] Mixed Content: The page at 'https://repository.upi.edu/132558/' was loaded over HTTPS, but requested an insecure element 'http://repository.upi.edu/style/images/fileicons/text.png'. This request was automatically upgraded to HTTPS, For more information see https://blog.chromium.org/2019/10/no-more-mixed-messages-about-https.html @ https://repository.upi.edu/132558/:473
[  154243ms] ReferenceError: gaq is not defined
    at https://repository.upi.edu/132558/:464:3
[  154244ms] [WARNING] Mixed Content: The page at 'https://repository.upi.edu/132558/' was loaded over HTTPS, but requested an insecure element 'http://repository.upi.edu/style/images/fileicons/text.png'. This request was automatically upgraded to HTTPS, For more information see https://blog.chromium.org/2019/10/no-more-mixed-messages-about-https.html @ https://repository.upi.edu/132558/:514
[  154243ms] ReferenceError: gaq is not defined
    at https://repository.upi.edu/132558/:505:3
[  154244ms] [WARNING] Mixed Content: The page at 'https://repository.upi.edu/132558/' was loaded over HTTPS, but requested an insecure element 'http://repository.upi.edu/style/images/fileicons/text.png'. This request was automatically upgraded to HTTPS, For more information see https://blog.chromium.org/2019/10/no-more-mixed-messages-about-https.html @ https://repository.upi.edu/132558/:555
[  154243ms] ReferenceError: gaq is not defined
    at https://repository.upi.edu/132558/:546:3
[  155043ms] [WARNING] Mixed Content: The page at 'https://repository.upi.edu/138466/' was loaded over HTTPS, but requested an insecure element 'http://repository.upi.edu/style/images/fileicons/text.png'. This request was automatically upgraded to HTTPS, For more information see https://blog.chromium.org/2019/10/no-more-mixed-messages-about-https.html @ https://repository.upi.edu/138466/:0
[  155043ms] [WARNING] Mixed Content: The page at 'https://repository.upi.edu/138466/' was loaded over HTTPS, but requested an insecure element 'http://repository.upi.edu/style/images/fileicons/text.png'. This request was automatically upgraded to HTTPS, For more information see https://blog.chromium.org/2019/10/no-more-mixed-messages-about-https.html @ https://repository.upi.edu/138466/:0
[  155043ms] [WARNING] Mixed Content: The page at 'https://repository.upi.edu/138466/' was loaded over HTTPS, but requested an insecure element 'http://repository.upi.edu/style/images/fileicons/text.png'. This request was automatically upgraded to HTTPS, For more information see https://blog.chromium.org/2019/10/no-more-mixed-messages-about-https.html @ https://repository.upi.edu/138466/:0
[  155043ms] [WARNING] Mixed Content: The page at 'https://repository.upi.edu/138466/' was loaded over HTTPS, but requested an insecure element 'http://repository.upi.edu/style/images/fileicons/text.png'. This request was automatically upgraded to HTTPS, For more information see https://blog.chromium.org/2019/10/no-more-mixed-messages-about-https.html @ https://repository.upi.edu/138466/:0
[  155043ms] [WARNING] Mixed Content: The page at 'https://repository.upi.edu/138466/' was loaded over HTTPS, but requested an insecure element 'http://repository.upi.edu/style/images/fileicons/text.png'. This request was automatically upgraded to HTTPS, For more information see https://blog.chromium.org/2019/10/no-more-mixed-messages-about-https.html @ https://repository.upi.edu/138466/:0
[  155043ms] [WARNING] Mixed Content: The page at 'https://repository.upi.edu/138466/' was loaded over HTTPS, but requested an insecure element 'http://repository.upi.edu/style/images/fileicons/text.png'. This request was automatically upgraded to HTTPS, For more information see https://blog.chromium.org/2019/10/no-more-mixed-messages-about-https.html @ https://repository.upi.edu/138466/:0
[  155043ms] [WARNING] Mixed Content: The page at 'https://repository.upi.edu/138466/' was loaded over HTTPS, but requested an insecure element 'http://repository.upi.edu/style/images/fileicons/text.png'. This request was automatically upgraded to HTTPS, For more information see https://blog.chromium.org/2019/10/no-more-mixed-messages-about-https.html @ https://repository.upi.edu/138466/:0
[  155050ms] [WARNING] Mixed Content: The page at 'https://repository.upi.edu/138466/' was loaded over HTTPS, but requested an insecure element 'http://repository.upi.edu/style/images/fileicons/text.png'. This request was automatically upgraded to HTTPS, For more information see https://blog.chromium.org/2019/10/no-more-mixed-messages-about-https.html @ https://repository.upi.edu/138466/:318
[  155051ms] ReferenceError: gaq is not defined
    at https://repository.upi.edu/138466/:309:3
[  155050ms] [WARNING] Mixed Content: The page at 'https://repository.upi.edu/138466/' was loaded over HTTPS, but requested an insecure element 'http://repository.upi.edu/style/images/fileicons/text.png'. This request was automatically upgraded to HTTPS, For more information see https://blog.chromium.org/2019/10/no-more-mixed-messages-about-https.html @ https://repository.upi.edu/138466/:359
[  155053ms] ReferenceError: gaq is not defined
    at https://repository.upi.edu/138466/:350:3
[  155050ms] [WARNING] Mixed Content: The page at 'https://repository.upi.edu/138466/' was loaded over HTTPS, but requested an insecure element 'http://repository.upi.edu/style/images/fileicons/text.png'. This request was automatically upgraded to HTTPS, For more information see https://blog.chromium.org/2019/10/no-more-mixed-messages-about-https.html @ https://repository.upi.edu/138466/:400
[  155053ms] ReferenceError: gaq is not defined
    at https://repository.upi.edu/138466/:391:3
[  155050ms] [WARNING] Mixed Content: The page at 'https://repository.upi.edu/138466/' was loaded over HTTPS, but requested an insecure element 'http://repository.upi.edu/style/images/fileicons/text.png'. This request was automatically upgraded to HTTPS, For more information see https://blog.chromium.org/2019/10/no-more-mixed-messages-about-https.html @ https://repository.upi.edu/138466/:441
[  155053ms] ReferenceError: gaq is not defined
    at https://repository.upi.edu/138466/:432:3
[  155051ms] [WARNING] Mixed Content: The page at 'https://repository.upi.edu/138466/' was loaded over HTTPS, but requested an insecure element 'http://repository.upi.edu/style/images/fileicons/text.png'. This request was automatically upgraded to HTTPS, For more information see https://blog.chromium.org/2019/10/no-more-mixed-messages-about-https.html @ https://repository.upi.edu/138466/:482
[  155053ms] ReferenceError: gaq is not defined
    at https://repository.upi.edu/138466/:473:3
[  155051ms] [WARNING] Mixed Content: The page at 'https://repository.upi.edu/138466/' was loaded over HTTPS, but requested an insecure element 'http://repository.upi.edu/style/images/fileicons/text.png'. This request was automatically upgraded to HTTPS, For more information see https://blog.chromium.org/2019/10/no-more-mixed-messages-about-https.html @ https://repository.upi.edu/138466/:523
[  155054ms] ReferenceError: gaq is not defined
    at https://repository.upi.edu/138466/:514:3
[  155051ms] [WARNING] Mixed Content: The page at 'https://repository.upi.edu/138466/' was loaded over HTTPS, but requested an insecure element 'http://repository.upi.edu/style/images/fileicons/text.png'. This request was automatically upgraded to HTTPS, For more information see https://blog.chromium.org/2019/10/no-more-mixed-messages-about-https.html @ https://repository.upi.edu/138466/:564
[  155054ms] ReferenceError: gaq is not defined
    at https://repository.upi.edu/138466/:555:3
[  155490ms] [WARNING] Mixed Content: The page at 'https://repository.upi.edu/137818/' was loaded over HTTPS, but requested an insecure element 'http://repository.upi.edu/style/images/fileicons/text.png'. This request was automatically upgraded to HTTPS, For more information see https://blog.chromium.org/2019/10/no-more-mixed-messages-about-https.html @ https://repository.upi.edu/137818/:0
[  155490ms] [WARNING] Mixed Content: The page at 'https://repository.upi.edu/137818/' was loaded over HTTPS, but requested an insecure element 'http://repository.upi.edu/style/images/fileicons/text.png'. This request was automatically upgraded to HTTPS, For more information see https://blog.chromium.org/2019/10/no-more-mixed-messages-about-https.html @ https://repository.upi.edu/137818/:0
[  155490ms] [WARNING] Mixed Content: The page at 'https://repository.upi.edu/137818/' was loaded over HTTPS, but requested an insecure element 'http://repository.upi.edu/style/images/fileicons/text.png'. This request was automatically upgraded to HTTPS, For more information see https://blog.chromium.org/2019/10/no-more-mixed-messages-about-https.html @ https://repository.upi.edu/137818/:0
[  155490ms] [WARNING] Mixed Content: The page at 'https://repository.upi.edu/137818/' was loaded over HTTPS, but requested an insecure element 'http://repository.upi.edu/style/images/fileicons/text.png'. This request was automatically upgraded to HTTPS, For more information see https://blog.chromium.org/2019/10/no-more-mixed-messages-about-https.html @ https://repository.upi.edu/137818/:0
[  155490ms] [WARNING] Mixed Content: The page at 'https://repository.upi.edu/137818/' was loaded over HTTPS, but requested an insecure element 'http://repository.upi.edu/style/images/fileicons/text.png'. This request was automatically upgraded to HTTPS, For more information see https://blog.chromium.org/2019/10/no-more-mixed-messages-about-https.html @ https://repository.upi.edu/137818/:0
[  155490ms] [WARNING] Mixed Content: The page at 'https://repository.upi.edu/137818/' was loaded over HTTPS, but requested an insecure element 'http://repository.upi.edu/style/images/fileicons/text.png'. This request was automatically upgraded to HTTPS, For more information see https://blog.chromium.org/2019/10/no-more-mixed-messages-about-https.html @ https://repository.upi.edu/137818/:0
[  155497ms] [WARNING] Mixed Content: The page at 'https://repository.upi.edu/137818/' was loaded over HTTPS, but requested an insecure element 'http://repository.upi.edu/style/images/fileicons/text.png'. This request was automatically upgraded to HTTPS, For more information see https://blog.chromium.org/2019/10/no-more-mixed-messages-about-https.html @ https://repository.upi.edu/137818/:319
[  155497ms] ReferenceError: gaq is not defined
    at https://repository.upi.edu/137818/:310:3
[  155497ms] [WARNING] Mixed Content: The page at 'https://repository.upi.edu/137818/' was loaded over HTTPS, but requested an insecure element 'http://repository.upi.edu/style/images/fileicons/text.png'. This request was automatically upgraded to HTTPS, For more information see https://blog.chromium.org/2019/10/no-more-mixed-messages-about-https.html @ https://repository.upi.edu/137818/:360
[  155498ms] ReferenceError: gaq is not defined
    at https://repository.upi.edu/137818/:351:3
[  155497ms] [WARNING] Mixed Content: The page at 'https://repository.upi.edu/137818/' was loaded over HTTPS, but requested an insecure element 'http://repository.upi.edu/style/images/fileicons/text.png'. This request was automatically upgraded to HTTPS, For more information see https://blog.chromium.org/2019/10/no-more-mixed-messages-about-https.html @ https://repository.upi.edu/137818/:401
[  155498ms] ReferenceError: gaq is not defined
    at https://repository.upi.edu/137818/:392:3
[  155497ms] [WARNING] Mixed Content: The page at 'https://repository.upi.edu/137818/' was loaded over HTTPS, but requested an insecure element 'http://repository.upi.edu/style/images/fileicons/text.png'. This request was automatically upgraded to HTTPS, For more information see https://blog.chromium.org/2019/10/no-more-mixed-messages-about-https.html @ https://repository.upi.edu/137818/:442
[  155498ms] ReferenceError: gaq is not defined
    at https://repository.upi.edu/137818/:433:3
[  155497ms] [WARNING] Mixed Content: The page at 'https://repository.upi.edu/137818/' was loaded over HTTPS, but requested an insecure element 'http://repository.upi.edu/style/images/fileicons/text.png'. This request was automatically upgraded to HTTPS, For more information see https://blog.chromium.org/2019/10/no-more-mixed-messages-about-https.html @ https://repository.upi.edu/137818/:483
[  155498ms] ReferenceError: gaq is not defined
    at https://repository.upi.edu/137818/:474:3
[  155498ms] [WARNING] Mixed Content: The page at 'https://repository.upi.edu/137818/' was loaded over HTTPS, but requested an insecure element 'http://repository.upi.edu/style/images/fileicons/text.png'. This request was automatically upgraded to HTTPS, For more information see https://blog.chromium.org/2019/10/no-more-mixed-messages-about-https.html @ https://repository.upi.edu/137818/:524
[  155498ms] ReferenceError: gaq is not defined
    at https://repository.upi.edu/137818/:515:3
[  155667ms] [WARNING] Mixed Content: The page at 'https://repository.upi.edu/137693/' was loaded over HTTPS, but requested an insecure element 'http://repository.upi.edu/style/images/fileicons/text.png'. This request was automatically upgraded to HTTPS, For more information see https://blog.chromium.org/2019/10/no-more-mixed-messages-about-https.html @ https://repository.upi.edu/137693/:0
[  155667ms] [WARNING] Mixed Content: The page at 'https://repository.upi.edu/137693/' was loaded over HTTPS, but requested an insecure element 'http://repository.upi.edu/style/images/fileicons/text.png'. This request was automatically upgraded to HTTPS, For more information see https://blog.chromium.org/2019/10/no-more-mixed-messages-about-https.html @ https://repository.upi.edu/137693/:0
[  155668ms] [WARNING] Mixed Content: The page at 'https://repository.upi.edu/137693/' was loaded over HTTPS, but requested an insecure element 'http://repository.upi.edu/style/images/fileicons/text.png'. This request was automatically upgraded to HTTPS, For more information see https://blog.chromium.org/2019/10/no-more-mixed-messages-about-https.html @ https://repository.upi.edu/137693/:0
[  155668ms] [WARNING] Mixed Content: The page at 'https://repository.upi.edu/137693/' was loaded over HTTPS, but requested an insecure element 'http://repository.upi.edu/style/images/fileicons/text.png'. This request was automatically upgraded to HTTPS, For more information see https://blog.chromium.org/2019/10/no-more-mixed-messages-about-https.html @ https://repository.upi.edu/137693/:0
[  155668ms] [WARNING] Mixed Content: The page at 'https://repository.upi.edu/137693/' was loaded over HTTPS, but requested an insecure element 'http://repository.upi.edu/style/images/fileicons/text.png'. This request was automatically upgraded to HTTPS, For more information see https://blog.chromium.org/2019/10/no-more-mixed-messages-about-https.html @ https://repository.upi.edu/137693/:0
[  155668ms] [WARNING] Mixed Content: The page at 'https://repository.upi.edu/137693/' was loaded over HTTPS, but requested an insecure element 'http://repository.upi.edu/style/images/fileicons/text.png'. This request was automatically upgraded to HTTPS, For more information see https://blog.chromium.org/2019/10/no-more-mixed-messages-about-https.html @ https://repository.upi.edu/137693/:0
[  155668ms] [WARNING] Mixed Content: The page at 'https://repository.upi.edu/137693/' was loaded over HTTPS, but requested an insecure element 'http://repository.upi.edu/style/images/fileicons/text.png'. This request was automatically upgraded to HTTPS, For more information see https://blog.chromium.org/2019/10/no-more-mixed-messages-about-https.html @ https://repository.upi.edu/137693/:0
[  155674ms] [WARNING] Mixed Content: The page at 'https://repository.upi.edu/137693/' was loaded over HTTPS, but requested an insecure element 'http://repository.upi.edu/style/images/fileicons/text.png'. This request was automatically upgraded to HTTPS, For more information see https://blog.chromium.org/2019/10/no-more-mixed-messages-about-https.html @ https://repository.upi.edu/137693/:319
[  155674ms] ReferenceError: gaq is not defined
    at https://repository.upi.edu/137693/:310:3
[  155674ms] [WARNING] Mixed Content: The page at 'https://repository.upi.edu/137693/' was loaded over HTTPS, but requested an insecure element 'http://repository.upi.edu/style/images/fileicons/text.png'. This request was automatically upgraded to HTTPS, For more information see https://blog.chromium.org/2019/10/no-more-mixed-messages-about-https.html @ https://repository.upi.edu/137693/:360
[  155674ms] ReferenceError: gaq is not defined
    at https://repository.upi.edu/137693/:351:3
[  155674ms] [WARNING] Mixed Content: The page at 'https://repository.upi.edu/137693/' was loaded over HTTPS, but requested an insecure element 'http://repository.upi.edu/style/images/fileicons/text.png'. This request was automatically upgraded to HTTPS, For more information see https://blog.chromium.org/2019/10/no-more-mixed-messages-about-https.html @ https://repository.upi.edu/137693/:401
[  155674ms] ReferenceError: gaq is not defined
    at https://repository.upi.edu/137693/:392:3
[  155674ms] [WARNING] Mixed Content: The page at 'https://repository.upi.edu/137693/' was loaded over HTTPS, but requested an insecure element 'http://repository.upi.edu/style/images/fileicons/text.png'. This request was automatically upgraded to HTTPS, For more information see https://blog.chromium.org/2019/10/no-more-mixed-messages-about-https.html @ https://repository.upi.edu/137693/:444
[  155674ms] ReferenceError: gaq is not defined
    at https://repository.upi.edu/137693/:435:3
[  155674ms] [WARNING] Mixed Content: The page at 'https://repository.upi.edu/137693/' was loaded over HTTPS, but requested an insecure element 'http://repository.upi.edu/style/images/fileicons/text.png'. This request was automatically upgraded to HTTPS, For more information see https://blog.chromium.org/2019/10/no-more-mixed-messages-about-https.html @ https://repository.upi.edu/137693/:485
[  155674ms] ReferenceError: gaq is not defined
    at https://repository.upi.edu/137693/:476:3
[  155674ms] [WARNING] Mixed Content: The page at 'https://repository.upi.edu/137693/' was loaded over HTTPS, but requested an insecure element 'http://repository.upi.edu/style/images/fileicons/text.png'. This request was automatically upgraded to HTTPS, For more information see https://blog.chromium.org/2019/10/no-more-mixed-messages-about-https.html @ https://repository.upi.edu/137693/:528
[  155674ms] ReferenceError: gaq is not defined
    at https://repository.upi.edu/137693/:519:3
[  155674ms] [WARNING] Mixed Content: The page at 'https://repository.upi.edu/137693/' was loaded over HTTPS, but requested an insecure element 'http://repository.upi.edu/style/images/fileicons/text.png'. This request was automatically upgraded to HTTPS, For more information see https://blog.chromium.org/2019/10/no-more-mixed-messages-about-https.html @ https://repository.upi.edu/137693/:569
[  155674ms] ReferenceError: gaq is not defined
    at https://repository.upi.edu/137693/:560:3
[  156176ms] [WARNING] Mixed Content: The page at 'https://repository.upi.edu/135344/' was loaded over HTTPS, but requested an insecure element 'http://repository.upi.edu/style/images/fileicons/text.png'. This request was automatically upgraded to HTTPS, For more information see https://blog.chromium.org/2019/10/no-more-mixed-messages-about-https.html @ https://repository.upi.edu/135344/:0
[  156176ms] [WARNING] Mixed Content: The page at 'https://repository.upi.edu/135344/' was loaded over HTTPS, but requested an insecure element 'http://repository.upi.edu/style/images/fileicons/text.png'. This request was automatically upgraded to HTTPS, For more information see https://blog.chromium.org/2019/10/no-more-mixed-messages-about-https.html @ https://repository.upi.edu/135344/:0
[  156176ms] [WARNING] Mixed Content: The page at 'https://repository.upi.edu/135344/' was loaded over HTTPS, but requested an insecure element 'http://repository.upi.edu/style/images/fileicons/text.png'. This request was automatically upgraded to HTTPS, For more information see https://blog.chromium.org/2019/10/no-more-mixed-messages-about-https.html @ https://repository.upi.edu/135344/:0
[  156176ms] [WARNING] Mixed Content: The page at 'https://repository.upi.edu/135344/' was loaded over HTTPS, but requested an insecure element 'http://repository.upi.edu/style/images/fileicons/text.png'. This request was automatically upgraded to HTTPS, For more information see https://blog.chromium.org/2019/10/no-more-mixed-messages-about-https.html @ https://repository.upi.edu/135344/:0
[  156176ms] [WARNING] Mixed Content: The page at 'https://repository.upi.edu/135344/' was loaded over HTTPS, but requested an insecure element 'http://repository.upi.edu/style/images/fileicons/text.png'. This request was automatically upgraded to HTTPS, For more information see https://blog.chromium.org/2019/10/no-more-mixed-messages-about-https.html @ https://repository.upi.edu/135344/:0
[  156176ms] [WARNING] Mixed Content: The page at 'https://repository.upi.edu/135344/' was loaded over HTTPS, but requested an insecure element 'http://repository.upi.edu/style/images/fileicons/text.png'. This request was automatically upgraded to HTTPS, For more information see https://blog.chromium.org/2019/10/no-more-mixed-messages-about-https.html @ https://repository.upi.edu/135344/:0
[  156176ms] [WARNING] Mixed Content: The page at 'https://repository.upi.edu/135344/' was loaded over HTTPS, but requested an insecure element 'http://repository.upi.edu/style/images/fileicons/text.png'. This request was automatically upgraded to HTTPS, For more information see https://blog.chromium.org/2019/10/no-more-mixed-messages-about-https.html @ https://repository.upi.edu/135344/:0
[  156182ms] [WARNING] Mixed Content: The page at 'https://repository.upi.edu/135344/' was loaded over HTTPS, but requested an insecure element 'http://repository.upi.edu/style/images/fileicons/text.png'. This request was automatically upgraded to HTTPS, For more information see https://blog.chromium.org/2019/10/no-more-mixed-messages-about-https.html @ https://repository.upi.edu/135344/:321
[  156183ms] ReferenceError: gaq is not defined
    at https://repository.upi.edu/135344/:312:3
[  156183ms] [WARNING] Mixed Content: The page at 'https://repository.upi.edu/135344/' was loaded over HTTPS, but requested an insecure element 'http://repository.upi.edu/style/images/fileicons/text.png'. This request was automatically upgraded to HTTPS, For more information see https://blog.chromium.org/2019/10/no-more-mixed-messages-about-https.html @ https://repository.upi.edu/135344/:362
[  156183ms] ReferenceError: gaq is not defined
    at https://repository.upi.edu/135344/:353:3
[  156183ms] [WARNING] Mixed Content: The page at 'https://repository.upi.edu/135344/' was loaded over HTTPS, but requested an insecure element 'http://repository.upi.edu/style/images/fileicons/text.png'. This request was automatically upgraded to HTTPS, For more information see https://blog.chromium.org/2019/10/no-more-mixed-messages-about-https.html @ https://repository.upi.edu/135344/:403
[  156183ms] ReferenceError: gaq is not defined
    at https://repository.upi.edu/135344/:394:3
[  156183ms] [WARNING] Mixed Content: The page at 'https://repository.upi.edu/135344/' was loaded over HTTPS, but requested an insecure element 'http://repository.upi.edu/style/images/fileicons/text.png'. This request was automatically upgraded to HTTPS, For more information see https://blog.chromium.org/2019/10/no-more-mixed-messages-about-https.html @ https://repository.upi.edu/135344/:444
[  156183ms] ReferenceError: gaq is not defined
    at https://repository.upi.edu/135344/:435:3
[  156183ms] [WARNING] Mixed Content: The page at 'https://repository.upi.edu/135344/' was loaded over HTTPS, but requested an insecure element 'http://repository.upi.edu/style/images/fileicons/text.png'. This request was automatically upgraded to HTTPS, For more information see https://blog.chromium.org/2019/10/no-more-mixed-messages-about-https.html @ https://repository.upi.edu/135344/:485
[  156183ms] ReferenceError: gaq is not defined
    at https://repository.upi.edu/135344/:476:3
[  156183ms] [WARNING] Mixed Content: The page at 'https://repository.upi.edu/135344/' was loaded over HTTPS, but requested an insecure element 'http://repository.upi.edu/style/images/fileicons/text.png'. This request was automatically upgraded to HTTPS, For more information see https://blog.chromium.org/2019/10/no-more-mixed-messages-about-https.html @ https://repository.upi.edu/135344/:526
[  156183ms] ReferenceError: gaq is not defined
    at https://repository.upi.edu/135344/:517:3
[  156183ms] [WARNING] Mixed Content: The page at 'https://repository.upi.edu/135344/' was loaded over HTTPS, but requested an insecure element 'http://repository.upi.edu/style/images/fileicons/text.png'. This request was automatically upgraded to HTTPS, For more information see https://blog.chromium.org/2019/10/no-more-mixed-messages-about-https.html @ https://repository.upi.edu/135344/:567
[  156183ms] ReferenceError: gaq is not defined
    at https://repository.upi.edu/135344/:558:3
[  156541ms] [WARNING] Mixed Content: The page at 'https://repository.upi.edu/137499/' was loaded over HTTPS, but requested an insecure element 'http://repository.upi.edu/style/images/fileicons/text.png'. This request was automatically upgraded to HTTPS, For more information see https://blog.chromium.org/2019/10/no-more-mixed-messages-about-https.html @ https://repository.upi.edu/137499/:0
[  156541ms] [WARNING] Mixed Content: The page at 'https://repository.upi.edu/137499/' was loaded over HTTPS, but requested an insecure element 'http://repository.upi.edu/style/images/fileicons/text.png'. This request was automatically upgraded to HTTPS, For more information see https://blog.chromium.org/2019/10/no-more-mixed-messages-about-https.html @ https://repository.upi.edu/137499/:0
[  156541ms] [WARNING] Mixed Content: The page at 'https://repository.upi.edu/137499/' was loaded over HTTPS, but requested an insecure element 'http://repository.upi.edu/style/images/fileicons/text.png'. This request was automatically upgraded to HTTPS, For more information see https://blog.chromium.org/2019/10/no-more-mixed-messages-about-https.html @ https://repository.upi.edu/137499/:0
[  156541ms] [WARNING] Mixed Content: The page at 'https://repository.upi.edu/137499/' was loaded over HTTPS, but requested an insecure element 'http://repository.upi.edu/style/images/fileicons/text.png'. This request was automatically upgraded to HTTPS, For more information see https://blog.chromium.org/2019/10/no-more-mixed-messages-about-https.html @ https://repository.upi.edu/137499/:0
[  156541ms] [WARNING] Mixed Content: The page at 'https://repository.upi.edu/137499/' was loaded over HTTPS, but requested an insecure element 'http://repository.upi.edu/style/images/fileicons/text.png'. This request was automatically upgraded to HTTPS, For more information see https://blog.chromium.org/2019/10/no-more-mixed-messages-about-https.html @ https://repository.upi.edu/137499/:0
[  156541ms] [WARNING] Mixed Content: The page at 'https://repository.upi.edu/137499/' was loaded over HTTPS, but requested an insecure element 'http://repository.upi.edu/style/images/fileicons/text.png'. This request was automatically upgraded to HTTPS, For more information see https://blog.chromium.org/2019/10/no-more-mixed-messages-about-https.html @ https://repository.upi.edu/137499/:0
[  156541ms] [WARNING] Mixed Content: The page at 'https://repository.upi.edu/137499/' was loaded over HTTPS, but requested an insecure element 'http://repository.upi.edu/style/images/fileicons/text.png'. This request was automatically upgraded to HTTPS, For more information see https://blog.chromium.org/2019/10/no-more-mixed-messages-about-https.html @ https://repository.upi.edu/137499/:0
[  156548ms] [WARNING] Mixed Content: The page at 'https://repository.upi.edu/137499/' was loaded over HTTPS, but requested an insecure element 'http://repository.upi.edu/style/images/fileicons/text.png'. This request was automatically upgraded to HTTPS, For more information see https://blog.chromium.org/2019/10/no-more-mixed-messages-about-https.html @ https://repository.upi.edu/137499/:317
[  156548ms] ReferenceError: gaq is not defined
    at https://repository.upi.edu/137499/:308:3
[  156548ms] [WARNING] Mixed Content: The page at 'https://repository.upi.edu/137499/' was loaded over HTTPS, but requested an insecure element 'http://repository.upi.edu/style/images/fileicons/text.png'. This request was automatically upgraded to HTTPS, For more information see https://blog.chromium.org/2019/10/no-more-mixed-messages-about-https.html @ https://repository.upi.edu/137499/:358
[  156548ms] ReferenceError: gaq is not defined
    at https://repository.upi.edu/137499/:349:3
[  156548ms] [WARNING] Mixed Content: The page at 'https://repository.upi.edu/137499/' was loaded over HTTPS, but requested an insecure element 'http://repository.upi.edu/style/images/fileicons/text.png'. This request was automatically upgraded to HTTPS, For more information see https://blog.chromium.org/2019/10/no-more-mixed-messages-about-https.html @ https://repository.upi.edu/137499/:399
[  156548ms] ReferenceError: gaq is not defined
    at https://repository.upi.edu/137499/:390:3
[  156548ms] [WARNING] Mixed Content: The page at 'https://repository.upi.edu/137499/' was loaded over HTTPS, but requested an insecure element 'http://repository.upi.edu/style/images/fileicons/text.png'. This request was automatically upgraded to HTTPS, For more information see https://blog.chromium.org/2019/10/no-more-mixed-messages-about-https.html @ https://repository.upi.edu/137499/:440
[  156548ms] ReferenceError: gaq is not defined
    at https://repository.upi.edu/137499/:431:3
[  156548ms] [WARNING] Mixed Content: The page at 'https://repository.upi.edu/137499/' was loaded over HTTPS, but requested an insecure element 'http://repository.upi.edu/style/images/fileicons/text.png'. This request was automatically upgraded to HTTPS, For more information see https://blog.chromium.org/2019/10/no-more-mixed-messages-about-https.html @ https://repository.upi.edu/137499/:481
[  156548ms] ReferenceError: gaq is not defined
    at https://repository.upi.edu/137499/:472:3
[  156548ms] [WARNING] Mixed Content: The page at 'https://repository.upi.edu/137499/' was loaded over HTTPS, but requested an insecure element 'http://repository.upi.edu/style/images/fileicons/text.png'. This request was automatically upgraded to HTTPS, For more information see https://blog.chromium.org/2019/10/no-more-mixed-messages-about-https.html @ https://repository.upi.edu/137499/:522
[  156548ms] ReferenceError: gaq is not defined
    at https://repository.upi.edu/137499/:513:3
[  156548ms] [WARNING] Mixed Content: The page at 'https://repository.upi.edu/137499/' was loaded over HTTPS, but requested an insecure element 'http://repository.upi.edu/style/images/fileicons/text.png'. This request was automatically upgraded to HTTPS, For more information see https://blog.chromium.org/2019/10/no-more-mixed-messages-about-https.html @ https://repository.upi.edu/137499/:563
[  156548ms] ReferenceError: gaq is not defined
    at https://repository.upi.edu/137499/:554:3
[  157314ms] [WARNING] Mixed Content: The page at 'https://repository.upi.edu/137822/' was loaded over HTTPS, but requested an insecure element 'http://repository.upi.edu/style/images/fileicons/text.png'. This request was automatically upgraded to HTTPS, For more information see https://blog.chromium.org/2019/10/no-more-mixed-messages-about-https.html @ https://repository.upi.edu/137822/:0
[  157314ms] [WARNING] Mixed Content: The page at 'https://repository.upi.edu/137822/' was loaded over HTTPS, but requested an insecure element 'http://repository.upi.edu/style/images/fileicons/text.png'. This request was automatically upgraded to HTTPS, For more information see https://blog.chromium.org/2019/10/no-more-mixed-messages-about-https.html @ https://repository.upi.edu/137822/:0
[  157314ms] [WARNING] Mixed Content: The page at 'https://repository.upi.edu/137822/' was loaded over HTTPS, but requested an insecure element 'http://repository.upi.edu/style/images/fileicons/text.png'. This request was automatically upgraded to HTTPS, For more information see https://blog.chromium.org/2019/10/no-more-mixed-messages-about-https.html @ https://repository.upi.edu/137822/:0
[  157314ms] [WARNING] Mixed Content: The page at 'https://repository.upi.edu/137822/' was loaded over HTTPS, but requested an insecure element 'http://repository.upi.edu/style/images/fileicons/text.png'. This request was automatically upgraded to HTTPS, For more information see https://blog.chromium.org/2019/10/no-more-mixed-messages-about-https.html @ https://repository.upi.edu/137822/:0
[  157314ms] [WARNING] Mixed Content: The page at 'https://repository.upi.edu/137822/' was loaded over HTTPS, but requested an insecure element 'http://repository.upi.edu/style/images/fileicons/text.png'. This request was automatically upgraded to HTTPS, For more information see https://blog.chromium.org/2019/10/no-more-mixed-messages-about-https.html @ https://repository.upi.edu/137822/:0
[  157314ms] [WARNING] Mixed Content: The page at 'https://repository.upi.edu/137822/' was loaded over HTTPS, but requested an insecure element 'http://repository.upi.edu/style/images/fileicons/text.png'. This request was automatically upgraded to HTTPS, For more information see https://blog.chromium.org/2019/10/no-more-mixed-messages-about-https.html @ https://repository.upi.edu/137822/:0
[  157320ms] [WARNING] Mixed Content: The page at 'https://repository.upi.edu/137822/' was loaded over HTTPS, but requested an insecure element 'http://repository.upi.edu/style/images/fileicons/text.png'. This request was automatically upgraded to HTTPS, For more information see https://blog.chromium.org/2019/10/no-more-mixed-messages-about-https.html @ https://repository.upi.edu/137822/:315
[  157320ms] ReferenceError: gaq is not defined
    at https://repository.upi.edu/137822/:306:3
[  157320ms] [WARNING] Mixed Content: The page at 'https://repository.upi.edu/137822/' was loaded over HTTPS, but requested an insecure element 'http://repository.upi.edu/style/images/fileicons/text.png'. This request was automatically upgraded to HTTPS, For more information see https://blog.chromium.org/2019/10/no-more-mixed-messages-about-https.html @ https://repository.upi.edu/137822/:356
[  157320ms] ReferenceError: gaq is not defined
    at https://repository.upi.edu/137822/:347:3
[  157320ms] [WARNING] Mixed Content: The page at 'https://repository.upi.edu/137822/' was loaded over HTTPS, but requested an insecure element 'http://repository.upi.edu/style/images/fileicons/text.png'. This request was automatically upgraded to HTTPS, For more information see https://blog.chromium.org/2019/10/no-more-mixed-messages-about-https.html @ https://repository.upi.edu/137822/:397
[  157321ms] ReferenceError: gaq is not defined
    at https://repository.upi.edu/137822/:388:3
[  157320ms] [WARNING] Mixed Content: The page at 'https://repository.upi.edu/137822/' was loaded over HTTPS, but requested an insecure element 'http://repository.upi.edu/style/images/fileicons/text.png'. This request was automatically upgraded to HTTPS, For more information see https://blog.chromium.org/2019/10/no-more-mixed-messages-about-https.html @ https://repository.upi.edu/137822/:438
[  157321ms] ReferenceError: gaq is not defined
    at https://repository.upi.edu/137822/:429:3
[  157320ms] [WARNING] Mixed Content: The page at 'https://repository.upi.edu/137822/' was loaded over HTTPS, but requested an insecure element 'http://repository.upi.edu/style/images/fileicons/text.png'. This request was automatically upgraded to HTTPS, For more information see https://blog.chromium.org/2019/10/no-more-mixed-messages-about-https.html @ https://repository.upi.edu/137822/:479
[  157321ms] ReferenceError: gaq is not defined
    at https://repository.upi.edu/137822/:470:3
[  157320ms] [WARNING] Mixed Content: The page at 'https://repository.upi.edu/137822/' was loaded over HTTPS, but requested an insecure element 'http://repository.upi.edu/style/images/fileicons/text.png'. This request was automatically upgraded to HTTPS, For more information see https://blog.chromium.org/2019/10/no-more-mixed-messages-about-https.html @ https://repository.upi.edu/137822/:520
[  157321ms] ReferenceError: gaq is not defined
    at https://repository.upi.edu/137822/:511:3
[  157397ms] [WARNING] Mixed Content: The page at 'https://repository.upi.edu/133426/' was loaded over HTTPS, but requested an insecure element 'http://repository.upi.edu/style/images/fileicons/text.png'. This request was automatically upgraded to HTTPS, For more information see https://blog.chromium.org/2019/10/no-more-mixed-messages-about-https.html @ https://repository.upi.edu/133426/:0
[  157397ms] [WARNING] Mixed Content: The page at 'https://repository.upi.edu/133426/' was loaded over HTTPS, but requested an insecure element 'http://repository.upi.edu/style/images/fileicons/text.png'. This request was automatically upgraded to HTTPS, For more information see https://blog.chromium.org/2019/10/no-more-mixed-messages-about-https.html @ https://repository.upi.edu/133426/:0
[  157397ms] [WARNING] Mixed Content: The page at 'https://repository.upi.edu/133426/' was loaded over HTTPS, but requested an insecure element 'http://repository.upi.edu/style/images/fileicons/text.png'. This request was automatically upgraded to HTTPS, For more information see https://blog.chromium.org/2019/10/no-more-mixed-messages-about-https.html @ https://repository.upi.edu/133426/:0
[  157404ms] ReferenceError: gaq is not defined
    at https://repository.upi.edu/133426/:296:3
[  157404ms] ReferenceError: gaq is not defined
    at https://repository.upi.edu/133426/:339:3
[  157404ms] [WARNING] Mixed Content: The page at 'https://repository.upi.edu/133426/' was loaded over HTTPS, but requested an insecure element 'http://repository.upi.edu/style/images/fileicons/text.png'. This request was automatically upgraded to HTTPS, For more information see https://blog.chromium.org/2019/10/no-more-mixed-messages-about-https.html @ https://repository.upi.edu/133426/:391
[  157404ms] ReferenceError: gaq is not defined
    at https://repository.upi.edu/133426/:382:3
[  157405ms] ReferenceError: gaq is not defined
    at https://repository.upi.edu/133426/:425:3
[  157404ms] [WARNING] Mixed Content: The page at 'https://repository.upi.edu/133426/' was loaded over HTTPS, but requested an insecure element 'http://repository.upi.edu/style/images/fileicons/text.png'. This request was automatically upgraded to HTTPS, For more information see https://blog.chromium.org/2019/10/no-more-mixed-messages-about-https.html @ https://repository.upi.edu/133426/:477
[  157405ms] ReferenceError: gaq is not defined
    at https://repository.upi.edu/133426/:468:3
[  157405ms] ReferenceError: gaq is not defined
    at https://repository.upi.edu/133426/:511:3
[  157404ms] [WARNING] Mixed Content: The page at 'https://repository.upi.edu/133426/' was loaded over HTTPS, but requested an insecure element 'http://repository.upi.edu/style/images/fileicons/text.png'. This request was automatically upgraded to HTTPS, For more information see https://blog.chromium.org/2019/10/no-more-mixed-messages-about-https.html @ https://repository.upi.edu/133426/:563
[  157405ms] ReferenceError: gaq is not defined
    at https://repository.upi.edu/133426/:554:3
[  157828ms] [WARNING] Mixed Content: The page at 'https://repository.upi.edu/132557/' was loaded over HTTPS, but requested an insecure element 'http://repository.upi.edu/style/images/fileicons/text.png'. This request was automatically upgraded to HTTPS, For more information see https://blog.chromium.org/2019/10/no-more-mixed-messages-about-https.html @ https://repository.upi.edu/132557/:0
[  157828ms] [WARNING] Mixed Content: The page at 'https://repository.upi.edu/132557/' was loaded over HTTPS, but requested an insecure element 'http://repository.upi.edu/style/images/fileicons/text.png'. This request was automatically upgraded to HTTPS, For more information see https://blog.chromium.org/2019/10/no-more-mixed-messages-about-https.html @ https://repository.upi.edu/132557/:0
[  157829ms] [WARNING] Mixed Content: The page at 'https://repository.upi.edu/132557/' was loaded over HTTPS, but requested an insecure element 'http://repository.upi.edu/style/images/fileicons/text.png'. This request was automatically upgraded to HTTPS, For more information see https://blog.chromium.org/2019/10/no-more-mixed-messages-about-https.html @ https://repository.upi.edu/132557/:0
[  157829ms] [WARNING] Mixed Content: The page at 'https://repository.upi.edu/132557/' was loaded over HTTPS, but requested an insecure element 'http://repository.upi.edu/style/images/fileicons/text.png'. This request was automatically upgraded to HTTPS, For more information see https://blog.chromium.org/2019/10/no-more-mixed-messages-about-https.html @ https://repository.upi.edu/132557/:0
[  157829ms] [WARNING] Mixed Content: The page at 'https://repository.upi.edu/132557/' was loaded over HTTPS, but requested an insecure element 'http://repository.upi.edu/style/images/fileicons/text.png'. This request was automatically upgraded to HTTPS, For more information see https://blog.chromium.org/2019/10/no-more-mixed-messages-about-https.html @ https://repository.upi.edu/132557/:0
[  157829ms] [WARNING] Mixed Content: The page at 'https://repository.upi.edu/132557/' was loaded over HTTPS, but requested an insecure element 'http://repository.upi.edu/style/images/fileicons/text.png'. This request was automatically upgraded to HTTPS, For more information see https://blog.chromium.org/2019/10/no-more-mixed-messages-about-https.html @ https://repository.upi.edu/132557/:0
[  157829ms] [WARNING] Mixed Content: The page at 'https://repository.upi.edu/132557/' was loaded over HTTPS, but requested an insecure element 'http://repository.upi.edu/style/images/fileicons/text.png'. This request was automatically upgraded to HTTPS, For more information see https://blog.chromium.org/2019/10/no-more-mixed-messages-about-https.html @ https://repository.upi.edu/132557/:0
[  157835ms] [WARNING] Mixed Content: The page at 'https://repository.upi.edu/132557/' was loaded over HTTPS, but requested an insecure element 'http://repository.upi.edu/style/images/fileicons/text.png'. This request was automatically upgraded to HTTPS, For more information see https://blog.chromium.org/2019/10/no-more-mixed-messages-about-https.html @ https://repository.upi.edu/132557/:404
[  157835ms] ReferenceError: gaq is not defined
    at https://repository.upi.edu/132557/:395:3
[  157835ms] [WARNING] Mixed Content: The page at 'https://repository.upi.edu/132557/' was loaded over HTTPS, but requested an insecure element 'http://repository.upi.edu/style/images/fileicons/text.png'. This request was automatically upgraded to HTTPS, For more information see https://blog.chromium.org/2019/10/no-more-mixed-messages-about-https.html @ https://repository.upi.edu/132557/:445
[  157835ms] ReferenceError: gaq is not defined
    at https://repository.upi.edu/132557/:436:3
[  157835ms] [WARNING] Mixed Content: The page at 'https://repository.upi.edu/132557/' was loaded over HTTPS, but requested an insecure element 'http://repository.upi.edu/style/images/fileicons/text.png'. This request was automatically upgraded to HTTPS, For more information see https://blog.chromium.org/2019/10/no-more-mixed-messages-about-https.html @ https://repository.upi.edu/132557/:486
[  157835ms] ReferenceError: gaq is not defined
    at https://repository.upi.edu/132557/:477:3
[  157835ms] [WARNING] Mixed Content: The page at 'https://repository.upi.edu/132557/' was loaded over HTTPS, but requested an insecure element 'http://repository.upi.edu/style/images/fileicons/text.png'. This request was automatically upgraded to HTTPS, For more information see https://blog.chromium.org/2019/10/no-more-mixed-messages-about-https.html @ https://repository.upi.edu/132557/:527
[  157836ms] ReferenceError: gaq is not defined
    at https://repository.upi.edu/132557/:518:3
[  157835ms] [WARNING] Mixed Content: The page at 'https://repository.upi.edu/132557/' was loaded over HTTPS, but requested an insecure element 'http://repository.upi.edu/style/images/fileicons/text.png'. This request was automatically upgraded to HTTPS, For more information see https://blog.chromium.org/2019/10/no-more-mixed-messages-about-https.html @ https://repository.upi.edu/132557/:568
[  157836ms] ReferenceError: gaq is not defined
    at https://repository.upi.edu/132557/:559:3
[  157835ms] [WARNING] Mixed Content: The page at 'https://repository.upi.edu/132557/' was loaded over HTTPS, but requested an insecure element 'http://repository.upi.edu/style/images/fileicons/text.png'. This request was automatically upgraded to HTTPS, For more information see https://blog.chromium.org/2019/10/no-more-mixed-messages-about-https.html @ https://repository.upi.edu/132557/:609
[  157836ms] ReferenceError: gaq is not defined
    at https://repository.upi.edu/132557/:600:3
[  157835ms] [WARNING] Mixed Content: The page at 'https://repository.upi.edu/132557/' was loaded over HTTPS, but requested an insecure element 'http://repository.upi.edu/style/images/fileicons/text.png'. This request was automatically upgraded to HTTPS, For more information see https://blog.chromium.org/2019/10/no-more-mixed-messages-about-https.html @ https://repository.upi.edu/132557/:650
[  157836ms] ReferenceError: gaq is not defined
    at https://repository.upi.edu/132557/:641:3
[  158048ms] [WARNING] Mixed Content: The page at 'https://repository.upi.edu/130840/' was loaded over HTTPS, but requested an insecure element 'http://repository.upi.edu/style/images/fileicons/text.png'. This request was automatically upgraded to HTTPS, For more information see https://blog.chromium.org/2019/10/no-more-mixed-messages-about-https.html @ https://repository.upi.edu/130840/:0
[  158048ms] [WARNING] Mixed Content: The page at 'https://repository.upi.edu/130840/' was loaded over HTTPS, but requested an insecure element 'http://repository.upi.edu/style/images/fileicons/text.png'. This request was automatically upgraded to HTTPS, For more information see https://blog.chromium.org/2019/10/no-more-mixed-messages-about-https.html @ https://repository.upi.edu/130840/:0
[  158048ms] [WARNING] Mixed Content: The page at 'https://repository.upi.edu/130840/' was loaded over HTTPS, but requested an insecure element 'http://repository.upi.edu/style/images/fileicons/text.png'. This request was automatically upgraded to HTTPS, For more information see https://blog.chromium.org/2019/10/no-more-mixed-messages-about-https.html @ https://repository.upi.edu/130840/:0
[  158048ms] [WARNING] Mixed Content: The page at 'https://repository.upi.edu/130840/' was loaded over HTTPS, but requested an insecure element 'http://repository.upi.edu/style/images/fileicons/text.png'. This request was automatically upgraded to HTTPS, For more information see https://blog.chromium.org/2019/10/no-more-mixed-messages-about-https.html @ https://repository.upi.edu/130840/:0
[  158048ms] [WARNING] Mixed Content: The page at 'https://repository.upi.edu/130840/' was loaded over HTTPS, but requested an insecure element 'http://repository.upi.edu/style/images/fileicons/text.png'. This request was automatically upgraded to HTTPS, For more information see https://blog.chromium.org/2019/10/no-more-mixed-messages-about-https.html @ https://repository.upi.edu/130840/:0
[  158048ms] [WARNING] Mixed Content: The page at 'https://repository.upi.edu/130840/' was loaded over HTTPS, but requested an insecure element 'http://repository.upi.edu/style/images/fileicons/text.png'. This request was automatically upgraded to HTTPS, For more information see https://blog.chromium.org/2019/10/no-more-mixed-messages-about-https.html @ https://repository.upi.edu/130840/:0
[  158055ms] [WARNING] Mixed Content: The page at 'https://repository.upi.edu/130840/' was loaded over HTTPS, but requested an insecure element 'http://repository.upi.edu/style/images/fileicons/text.png'. This request was automatically upgraded to HTTPS, For more information see https://blog.chromium.org/2019/10/no-more-mixed-messages-about-https.html @ https://repository.upi.edu/130840/:297
[  158055ms] ReferenceError: gaq is not defined
    at https://repository.upi.edu/130840/:288:3
[  158055ms] [WARNING] Mixed Content: The page at 'https://repository.upi.edu/130840/' was loaded over HTTPS, but requested an insecure element 'http://repository.upi.edu/style/images/fileicons/text.png'. This request was automatically upgraded to HTTPS, For more information see https://blog.chromium.org/2019/10/no-more-mixed-messages-about-https.html @ https://repository.upi.edu/130840/:338
[  158055ms] ReferenceError: gaq is not defined
    at https://repository.upi.edu/130840/:329:3
[  158055ms] [WARNING] Mixed Content: The page at 'https://repository.upi.edu/130840/' was loaded over HTTPS, but requested an insecure element 'http://repository.upi.edu/style/images/fileicons/text.png'. This request was automatically upgraded to HTTPS, For more information see https://blog.chromium.org/2019/10/no-more-mixed-messages-about-https.html @ https://repository.upi.edu/130840/:379
[  158055ms] ReferenceError: gaq is not defined
    at https://repository.upi.edu/130840/:370:3
[  158055ms] [WARNING] Mixed Content: The page at 'https://repository.upi.edu/130840/' was loaded over HTTPS, but requested an insecure element 'http://repository.upi.edu/style/images/fileicons/text.png'. This request was automatically upgraded to HTTPS, For more information see https://blog.chromium.org/2019/10/no-more-mixed-messages-about-https.html @ https://repository.upi.edu/130840/:422
[  158055ms] ReferenceError: gaq is not defined
    at https://repository.upi.edu/130840/:413:3
[  158055ms] [WARNING] Mixed Content: The page at 'https://repository.upi.edu/130840/' was loaded over HTTPS, but requested an insecure element 'http://repository.upi.edu/style/images/fileicons/text.png'. This request was automatically upgraded to HTTPS, For more information see https://blog.chromium.org/2019/10/no-more-mixed-messages-about-https.html @ https://repository.upi.edu/130840/:463
[  158055ms] ReferenceError: gaq is not defined
    at https://repository.upi.edu/130840/:454:3
[  158055ms] [WARNING] Mixed Content: The page at 'https://repository.upi.edu/130840/' was loaded over HTTPS, but requested an insecure element 'http://repository.upi.edu/style/images/fileicons/text.png'. This request was automatically upgraded to HTTPS, For more information see https://blog.chromium.org/2019/10/no-more-mixed-messages-about-https.html @ https://repository.upi.edu/130840/:506
[  158055ms] ReferenceError: gaq is not defined
    at https://repository.upi.edu/130840/:497:3
[  158276ms] [WARNING] Mixed Content: The page at 'https://repository.upi.edu/134505/' was loaded over HTTPS, but requested an insecure element 'http://repository.upi.edu/style/images/fileicons/text.png'. This request was automatically upgraded to HTTPS, For more information see https://blog.chromium.org/2019/10/no-more-mixed-messages-about-https.html @ https://repository.upi.edu/134505/:0
[  158276ms] [WARNING] Mixed Content: The page at 'https://repository.upi.edu/134505/' was loaded over HTTPS, but requested an insecure element 'http://repository.upi.edu/style/images/fileicons/text.png'. This request was automatically upgraded to HTTPS, For more information see https://blog.chromium.org/2019/10/no-more-mixed-messages-about-https.html @ https://repository.upi.edu/134505/:0
[  158276ms] [WARNING] Mixed Content: The page at 'https://repository.upi.edu/134505/' was loaded over HTTPS, but requested an insecure element 'http://repository.upi.edu/style/images/fileicons/text.png'. This request was automatically upgraded to HTTPS, For more information see https://blog.chromium.org/2019/10/no-more-mixed-messages-about-https.html @ https://repository.upi.edu/134505/:0
[  158276ms] [WARNING] Mixed Content: The page at 'https://repository.upi.edu/134505/' was loaded over HTTPS, but requested an insecure element 'http://repository.upi.edu/style/images/fileicons/text.png'. This request was automatically upgraded to HTTPS, For more information see https://blog.chromium.org/2019/10/no-more-mixed-messages-about-https.html @ https://repository.upi.edu/134505/:0
[  158276ms] [WARNING] Mixed Content: The page at 'https://repository.upi.edu/134505/' was loaded over HTTPS, but requested an insecure element 'http://repository.upi.edu/style/images/fileicons/text.png'. This request was automatically upgraded to HTTPS, For more information see https://blog.chromium.org/2019/10/no-more-mixed-messages-about-https.html @ https://repository.upi.edu/134505/:0
[  158276ms] [WARNING] Mixed Content: The page at 'https://repository.upi.edu/134505/' was loaded over HTTPS, but requested an insecure element 'http://repository.upi.edu/style/images/fileicons/text.png'. This request was automatically upgraded to HTTPS, For more information see https://blog.chromium.org/2019/10/no-more-mixed-messages-about-https.html @ https://repository.upi.edu/134505/:0
[  158276ms] [WARNING] Mixed Content: The page at 'https://repository.upi.edu/134505/' was loaded over HTTPS, but requested an insecure element 'http://repository.upi.edu/style/images/fileicons/text.png'. This request was automatically upgraded to HTTPS, For more information see https://blog.chromium.org/2019/10/no-more-mixed-messages-about-https.html @ https://repository.upi.edu/134505/:0
[  158282ms] [WARNING] Mixed Content: The page at 'https://repository.upi.edu/134505/' was loaded over HTTPS, but requested an insecure element 'http://repository.upi.edu/style/images/fileicons/text.png'. This request was automatically upgraded to HTTPS, For more information see https://blog.chromium.org/2019/10/no-more-mixed-messages-about-https.html @ https://repository.upi.edu/134505/:425
[  158282ms] ReferenceError: gaq is not defined
    at https://repository.upi.edu/134505/:416:3
[  158282ms] [WARNING] Mixed Content: The page at 'https://repository.upi.edu/134505/' was loaded over HTTPS, but requested an insecure element 'http://repository.upi.edu/style/images/fileicons/text.png'. This request was automatically upgraded to HTTPS, For more information see https://blog.chromium.org/2019/10/no-more-mixed-messages-about-https.html @ https://repository.upi.edu/134505/:466
[  158282ms] ReferenceError: gaq is not defined
    at https://repository.upi.edu/134505/:457:3
[  158282ms] [WARNING] Mixed Content: The page at 'https://repository.upi.edu/134505/' was loaded over HTTPS, but requested an insecure element 'http://repository.upi.edu/style/images/fileicons/text.png'. This request was automatically upgraded to HTTPS, For more information see https://blog.chromium.org/2019/10/no-more-mixed-messages-about-https.html @ https://repository.upi.edu/134505/:507
[  158282ms] ReferenceError: gaq is not defined
    at https://repository.upi.edu/134505/:498:3
[  158282ms] [WARNING] Mixed Content: The page at 'https://repository.upi.edu/134505/' was loaded over HTTPS, but requested an insecure element 'http://repository.upi.edu/style/images/fileicons/text.png'. This request was automatically upgraded to HTTPS, For more information see https://blog.chromium.org/2019/10/no-more-mixed-messages-about-https.html @ https://repository.upi.edu/134505/:548
[  158282ms] ReferenceError: gaq is not defined
    at https://repository.upi.edu/134505/:539:3
[  158283ms] [WARNING] Mixed Content: The page at 'https://repository.upi.edu/134505/' was loaded over HTTPS, but requested an insecure element 'http://repository.upi.edu/style/images/fileicons/text.png'. This request was automatically upgraded to HTTPS, For more information see https://blog.chromium.org/2019/10/no-more-mixed-messages-about-https.html @ https://repository.upi.edu/134505/:589
[  158282ms] ReferenceError: gaq is not defined
    at https://repository.upi.edu/134505/:580:3
[  158283ms] [WARNING] Mixed Content: The page at 'https://repository.upi.edu/134505/' was loaded over HTTPS, but requested an insecure element 'http://repository.upi.edu/style/images/fileicons/text.png'. This request was automatically upgraded to HTTPS, For more information see https://blog.chromium.org/2019/10/no-more-mixed-messages-about-https.html @ https://repository.upi.edu/134505/:630
[  158282ms] ReferenceError: gaq is not defined
    at https://repository.upi.edu/134505/:621:3
[  158283ms] [WARNING] Mixed Content: The page at 'https://repository.upi.edu/134505/' was loaded over HTTPS, but requested an insecure element 'http://repository.upi.edu/style/images/fileicons/text.png'. This request was automatically upgraded to HTTPS, For more information see https://blog.chromium.org/2019/10/no-more-mixed-messages-about-https.html @ https://repository.upi.edu/134505/:671
[  158282ms] ReferenceError: gaq is not defined
    at https://repository.upi.edu/134505/:662:3
[  159073ms] [WARNING] Mixed Content: The page at 'https://repository.upi.edu/137796/' was loaded over HTTPS, but requested an insecure element 'http://repository.upi.edu/style/images/fileicons/text.png'. This request was automatically upgraded to HTTPS, For more information see https://blog.chromium.org/2019/10/no-more-mixed-messages-about-https.html @ https://repository.upi.edu/137796/:0
[  159073ms] [WARNING] Mixed Content: The page at 'https://repository.upi.edu/137796/' was loaded over HTTPS, but requested an insecure element 'http://repository.upi.edu/style/images/fileicons/text.png'. This request was automatically upgraded to HTTPS, For more information see https://blog.chromium.org/2019/10/no-more-mixed-messages-about-https.html @ https://repository.upi.edu/137796/:0
[  159073ms] [WARNING] Mixed Content: The page at 'https://repository.upi.edu/137796/' was loaded over HTTPS, but requested an insecure element 'http://repository.upi.edu/style/images/fileicons/text.png'. This request was automatically upgraded to HTTPS, For more information see https://blog.chromium.org/2019/10/no-more-mixed-messages-about-https.html @ https://repository.upi.edu/137796/:0
[  159073ms] [WARNING] Mixed Content: The page at 'https://repository.upi.edu/137796/' was loaded over HTTPS, but requested an insecure element 'http://repository.upi.edu/style/images/fileicons/text.png'. This request was automatically upgraded to HTTPS, For more information see https://blog.chromium.org/2019/10/no-more-mixed-messages-about-https.html @ https://repository.upi.edu/137796/:0
[  159073ms] [WARNING] Mixed Content: The page at 'https://repository.upi.edu/137796/' was loaded over HTTPS, but requested an insecure element 'http://repository.upi.edu/style/images/fileicons/text.png'. This request was automatically upgraded to HTTPS, For more information see https://blog.chromium.org/2019/10/no-more-mixed-messages-about-https.html @ https://repository.upi.edu/137796/:0
[  159073ms] [WARNING] Mixed Content: The page at 'https://repository.upi.edu/137796/' was loaded over HTTPS, but requested an insecure element 'http://repository.upi.edu/style/images/fileicons/text.png'. This request was automatically upgraded to HTTPS, For more information see https://blog.chromium.org/2019/10/no-more-mixed-messages-about-https.html @ https://repository.upi.edu/137796/:0
[  159073ms] [WARNING] Mixed Content: The page at 'https://repository.upi.edu/137796/' was loaded over HTTPS, but requested an insecure element 'http://repository.upi.edu/style/images/fileicons/text.png'. This request was automatically upgraded to HTTPS, For more information see https://blog.chromium.org/2019/10/no-more-mixed-messages-about-https.html @ https://repository.upi.edu/137796/:0
[  159079ms] [WARNING] Mixed Content: The page at 'https://repository.upi.edu/137796/' was loaded over HTTPS, but requested an insecure element 'http://repository.upi.edu/style/images/fileicons/text.png'. This request was automatically upgraded to HTTPS, For more information see https://blog.chromium.org/2019/10/no-more-mixed-messages-about-https.html @ https://repository.upi.edu/137796/:319
[  159080ms] ReferenceError: gaq is not defined
    at https://repository.upi.edu/137796/:310:3
[  159080ms] [WARNING] Mixed Content: The page at 'https://repository.upi.edu/137796/' was loaded over HTTPS, but requested an insecure element 'http://repository.upi.edu/style/images/fileicons/text.png'. This request was automatically upgraded to HTTPS, For more information see https://blog.chromium.org/2019/10/no-more-mixed-messages-about-https.html @ https://repository.upi.edu/137796/:360
[  159080ms] ReferenceError: gaq is not defined
    at https://repository.upi.edu/137796/:351:3
[  159080ms] [WARNING] Mixed Content: The page at 'https://repository.upi.edu/137796/' was loaded over HTTPS, but requested an insecure element 'http://repository.upi.edu/style/images/fileicons/text.png'. This request was automatically upgraded to HTTPS, For more information see https://blog.chromium.org/2019/10/no-more-mixed-messages-about-https.html @ https://repository.upi.edu/137796/:401
[  159080ms] ReferenceError: gaq is not defined
    at https://repository.upi.edu/137796/:392:3
[  159080ms] [WARNING] Mixed Content: The page at 'https://repository.upi.edu/137796/' was loaded over HTTPS, but requested an insecure element 'http://repository.upi.edu/style/images/fileicons/text.png'. This request was automatically upgraded to HTTPS, For more information see https://blog.chromium.org/2019/10/no-more-mixed-messages-about-https.html @ https://repository.upi.edu/137796/:444
[  159080ms] ReferenceError: gaq is not defined
    at https://repository.upi.edu/137796/:435:3
[  159080ms] [WARNING] Mixed Content: The page at 'https://repository.upi.edu/137796/' was loaded over HTTPS, but requested an insecure element 'http://repository.upi.edu/style/images/fileicons/text.png'. This request was automatically upgraded to HTTPS, For more information see https://blog.chromium.org/2019/10/no-more-mixed-messages-about-https.html @ https://repository.upi.edu/137796/:485
[  159080ms] ReferenceError: gaq is not defined
    at https://repository.upi.edu/137796/:476:3
[  159080ms] [WARNING] Mixed Content: The page at 'https://repository.upi.edu/137796/' was loaded over HTTPS, but requested an insecure element 'http://repository.upi.edu/style/images/fileicons/text.png'. This request was automatically upgraded to HTTPS, For more information see https://blog.chromium.org/2019/10/no-more-mixed-messages-about-https.html @ https://repository.upi.edu/137796/:528
[  159080ms] ReferenceError: gaq is not defined
    at https://repository.upi.edu/137796/:519:3
[  159080ms] [WARNING] Mixed Content: The page at 'https://repository.upi.edu/137796/' was loaded over HTTPS, but requested an insecure element 'http://repository.upi.edu/style/images/fileicons/text.png'. This request was automatically upgraded to HTTPS, For more information see https://blog.chromium.org/2019/10/no-more-mixed-messages-about-https.html @ https://repository.upi.edu/137796/:569
[  159080ms] ReferenceError: gaq is not defined
    at https://repository.upi.edu/137796/:560:3
[  159631ms] [WARNING] Mixed Content: The page at 'https://repository.upi.edu/132806/' was loaded over HTTPS, but requested an insecure element 'http://repository.upi.edu/style/images/fileicons/text.png'. This request was automatically upgraded to HTTPS, For more information see https://blog.chromium.org/2019/10/no-more-mixed-messages-about-https.html @ https://repository.upi.edu/132806/:0
[  159631ms] [WARNING] Mixed Content: The page at 'https://repository.upi.edu/132806/' was loaded over HTTPS, but requested an insecure element 'http://repository.upi.edu/style/images/fileicons/text.png'. This request was automatically upgraded to HTTPS, For more information see https://blog.chromium.org/2019/10/no-more-mixed-messages-about-https.html @ https://repository.upi.edu/132806/:0
[  159631ms] [WARNING] Mixed Content: The page at 'https://repository.upi.edu/132806/' was loaded over HTTPS, but requested an insecure element 'http://repository.upi.edu/style/images/fileicons/text.png'. This request was automatically upgraded to HTTPS, For more information see https://blog.chromium.org/2019/10/no-more-mixed-messages-about-https.html @ https://repository.upi.edu/132806/:0
[  159631ms] [WARNING] Mixed Content: The page at 'https://repository.upi.edu/132806/' was loaded over HTTPS, but requested an insecure element 'http://repository.upi.edu/style/images/fileicons/text.png'. This request was automatically upgraded to HTTPS, For more information see https://blog.chromium.org/2019/10/no-more-mixed-messages-about-https.html @ https://repository.upi.edu/132806/:0
[  159631ms] [WARNING] Mixed Content: The page at 'https://repository.upi.edu/132806/' was loaded over HTTPS, but requested an insecure element 'http://repository.upi.edu/style/images/fileicons/text.png'. This request was automatically upgraded to HTTPS, For more information see https://blog.chromium.org/2019/10/no-more-mixed-messages-about-https.html @ https://repository.upi.edu/132806/:0
[  159631ms] [WARNING] Mixed Content: The page at 'https://repository.upi.edu/132806/' was loaded over HTTPS, but requested an insecure element 'http://repository.upi.edu/style/images/fileicons/text.png'. This request was automatically upgraded to HTTPS, For more information see https://blog.chromium.org/2019/10/no-more-mixed-messages-about-https.html @ https://repository.upi.edu/132806/:0
[  159631ms] [WARNING] Mixed Content: The page at 'https://repository.upi.edu/132806/' was loaded over HTTPS, but requested an insecure element 'http://repository.upi.edu/style/images/fileicons/text.png'. This request was automatically upgraded to HTTPS, For more information see https://blog.chromium.org/2019/10/no-more-mixed-messages-about-https.html @ https://repository.upi.edu/132806/:0
[  159638ms] [WARNING] Mixed Content: The page at 'https://repository.upi.edu/132806/' was loaded over HTTPS, but requested an insecure element 'http://repository.upi.edu/style/images/fileicons/text.png'. This request was automatically upgraded to HTTPS, For more information see https://blog.chromium.org/2019/10/no-more-mixed-messages-about-https.html @ https://repository.upi.edu/132806/:301
[  159638ms] ReferenceError: gaq is not defined
    at https://repository.upi.edu/132806/:292:3
[  159638ms] [WARNING] Mixed Content: The page at 'https://repository.upi.edu/132806/' was loaded over HTTPS, but requested an insecure element 'http://repository.upi.edu/style/images/fileicons/text.png'. This request was automatically upgraded to HTTPS, For more information see https://blog.chromium.org/2019/10/no-more-mixed-messages-about-https.html @ https://repository.upi.edu/132806/:342
[  159638ms] ReferenceError: gaq is not defined
    at https://repository.upi.edu/132806/:333:3
[  159638ms] [WARNING] Mixed Content: The page at 'https://repository.upi.edu/132806/' was loaded over HTTPS, but requested an insecure element 'http://repository.upi.edu/style/images/fileicons/text.png'. This request was automatically upgraded to HTTPS, For more information see https://blog.chromium.org/2019/10/no-more-mixed-messages-about-https.html @ https://repository.upi.edu/132806/:383
[  159638ms] ReferenceError: gaq is not defined
    at https://repository.upi.edu/132806/:374:3
[  159638ms] [WARNING] Mixed Content: The page at 'https://repository.upi.edu/132806/' was loaded over HTTPS, but requested an insecure element 'http://repository.upi.edu/style/images/fileicons/text.png'. This request was automatically upgraded to HTTPS, For more information see https://blog.chromium.org/2019/10/no-more-mixed-messages-about-https.html @ https://repository.upi.edu/132806/:424
[  159638ms] ReferenceError: gaq is not defined
    at https://repository.upi.edu/132806/:415:3
[  159638ms] [WARNING] Mixed Content: The page at 'https://repository.upi.edu/132806/' was loaded over HTTPS, but requested an insecure element 'http://repository.upi.edu/style/images/fileicons/text.png'. This request was automatically upgraded to HTTPS, For more information see https://blog.chromium.org/2019/10/no-more-mixed-messages-about-https.html @ https://repository.upi.edu/132806/:465
[  159638ms] ReferenceError: gaq is not defined
    at https://repository.upi.edu/132806/:456:3
[  159638ms] [WARNING] Mixed Content: The page at 'https://repository.upi.edu/132806/' was loaded over HTTPS, but requested an insecure element 'http://repository.upi.edu/style/images/fileicons/text.png'. This request was automatically upgraded to HTTPS, For more information see https://blog.chromium.org/2019/10/no-more-mixed-messages-about-https.html @ https://repository.upi.edu/132806/:506
[  159638ms] ReferenceError: gaq is not defined
    at https://repository.upi.edu/132806/:497:3
[  159639ms] [WARNING] Mixed Content: The page at 'https://repository.upi.edu/132806/' was loaded over HTTPS, but requested an insecure element 'http://repository.upi.edu/style/images/fileicons/text.png'. This request was automatically upgraded to HTTPS, For more information see https://blog.chromium.org/2019/10/no-more-mixed-messages-about-https.html @ https://repository.upi.edu/132806/:547
[  159638ms] ReferenceError: gaq is not defined
    at https://repository.upi.edu/132806/:538:3
